Habitability_Rank,P_NAME,Predicted_Habitability_Probability,Prediction_Confidence,Final_Habitability_Rank_Score,P_HABITABLE_BINARY
1,K2-72 e,0.997964439257096,0.984618427078653,0.7474328038559652,1
2,Proxima Cen b,0.9971548000867574,0.9798991631706777,0.7418130923707695,1
3,Kepler-1229 b,0.9971492782549576,0.9887932917328999,0.7408810472788196,1
4,TOI-700 e,0.9985216972977693,0.9841571762548592,0.7363252343594437,1
5,TOI-700 d,0.99895713814495,0.9873261392473304,0.7356555682490467,1
6,TRAPPIST-1 f,0.9959618366143732,0.9751588004579078,0.7354601109258729,1
7,GJ 273 b,0.9955618979266607,0.8962560206386638,0.7344138442259033,1
8,Kepler-1649 c,0.9986882825837481,0.9916001486214617,0.73122068374187,1
9,GJ 1061 d,0.9970909944931176,0.978844278321452,0.7296382267070949,1
10,Teegarden's Star c,0.9967641101833657,0.970670720046294,0.7189964897519288,1
11,GJ 1002 b,0.9970608991551579,0.9679026609359932,0.7159796054822246,1
12,Kepler-296 e,0.9938131317952668,0.8542416180297108,0.7147155493836679,1
13,Wolf 1069 b,0.9869915915234825,0.7947239823038788,0.7123703159250909,1
14,GJ 1002 c,0.995932873494333,0.9765769751379397,0.711563447170591,1
15,GJ 667 C f,0.9978246361423367,0.9648849046520304,0.7115481854984844,1
16,Kepler-296 f,0.9955873619864437,0.8969560453224961,0.7096295414761371,1
17,GJ 367 d,0.9944887857903217,0.896387366867772,0.7078791137460314,1
18,GJ 667 C e,0.99591909217069,0.9632179022009696,0.7077249662653837,1
19,Wolf 1061 c,0.9928557000790917,0.8541230931973045,0.7071268560060534,1
20,HN Lib b,0.9981585674884201,0.9908506597498818,0.706515187138088,1
21,Kepler-1410 b,0.9800940843965822,0.7480676371077021,0.7064297476796443,1
22,GJ 667 C c,0.9971612433075766,0.9623092184340868,0.7020948893637179,1
23,Kepler-705 b,0.9869094643063038,0.7949973091057887,0.6995375386066484,1
24,Kepler-1652 b,0.9952897792534654,0.8914583036955255,0.6952034760696021,1
25,TOI-2257 b,0.9968617466527292,0.9641772431179796,0.6950845732862379,1
26,Kepler-1544 b,0.9439726727113008,0.5759861136067759,0.6947205362784434,1
27,K2-18 b,0.9712608743925195,0.6940882874532194,0.6945021447698928,1
28,TOI-715 b,0.9939437327399865,0.8546618655617219,0.6942848467302419,1
29,K2-332 b,0.9838073676044443,0.7704828549283953,0.6939977621805488,1
30,K2-288 B b,0.9956131983649921,0.8965624152150089,0.6928261301866566,1
31,Kepler-186 f,0.9895556594496356,0.8528232014178897,0.6925417517239947,1
32,GJ 357 d,0.9928038057972682,0.8955501792917522,0.6923215512315307,1
33,Kepler-1653 b,0.9638605714058802,0.6645722676825754,0.6913417527538878,1
34,GJ 180 c,0.9850815555529495,0.7945223772256195,0.6879629222047315,1
35,TRAPPIST-1 g,0.9738652113441539,0.711765018982174,0.6850646750559826,1
36,GJ 433 d,0.9905932924415835,0.8224001096688454,0.6828237325263532,1
37,Kepler-442 b,0.9618036848560461,0.6354722740020242,0.6795666442529943,1
38,GJ 682 b,0.9789460455603204,0.7303358394429977,0.6777016414676997,1
39,LHS 1140 b,0.990606408241682,0.8503537344156502,0.6760106654270825,1
40,GJ 163 c,0.9702403969394626,0.694748368656813,0.6742087170553172,1
41,Ross 508 b,0.9816307584768462,0.7487717104833823,0.6709340946659945,1
42,Kepler-1540 b,0.9380254493580652,0.5550322250309605,0.6704721331057919,1
43,Kepler-155 c,0.95707293931614,0.6085224467294343,0.6684926018099996,1
44,Kepler-443 b,0.9337379417894782,0.5339232434873852,0.6653979400383973,1
45,Kepler-440 b,0.9684713368031478,0.6633073569125247,0.6619883075319932,1
46,GJ 1061 c,0.957739802512347,0.6089838286249336,0.6590182200092055,1
47,TRAPPIST-1 e,0.9495975762529183,0.5734535432683157,0.6519506541414329,1
48,Kepler-283 c,0.9438097377835445,0.5522057783543921,0.6517186435886282,1
49,Kepler-174 d,0.9290524618317191,0.5244504907307972,0.6426528208586881,1
50,GJ 180 d,0.9493078088742347,0.6117886770547598,0.642606102347695,1
51,Kepler-22 b,0.8812225363506465,0.4086423378346248,0.6285166199099825,1
52,Kepler-1638 b,0.8866595209515051,0.4227727097799616,0.6240308162325524,1
53,HD 40307 g,0.9068012204975372,0.4648086948753064,0.6220510364010139,1
54,GJ 3293 d,0.9174408181247453,0.4700669161481904,0.6023468677015227,1
55,GJ 514 b,0.927487166007995,0.49518006974142315,0.6016395990607353,1
56,Kepler-452 b,0.8189426165997215,0.2738895107317041,0.5959281796553245,1
57,K2-3 d,0.9044491986454954,0.4051548892578958,0.5926135018225026,1
58,TRAPPIST-1 d,0.887966057193769,0.3780122708545587,0.5870984198594473,1
59,LP 890-9 c,0.9135097375959422,0.4605907332672664,0.579291092625444,1
60,Kepler-62 e,0.8704348283139755,0.34335380998004283,0.5683989740318256,1
61,Teegarden's Star b,0.8748009789034233,0.339611323746707,0.5683863131164625,1
62,Kepler-62 f,0.8941101791579462,0.41707593467270987,0.5676776050344041,1
63,TRAPPIST-1 h,0.8656692525501373,0.31748358521389397,0.5559028901214087,0
64,GJ 3323 c,0.8660171337103247,0.3165782296359799,0.5490673219614924,0
65,Kepler-441 b,0.8427952030695377,0.2772205999373467,0.5470160415279081,0
66,Kepler-1362 b,0.7771364176019544,0.1852479692956961,0.5458547852048501,0
67,HIP 38594 b,0.8124439776196529,0.2343838302909954,0.535805266312884,1
68,Kepler-1549 b,0.7568908580651407,0.17552330001321526,0.5267706684072931,0
69,K2-9 b,0.8506927261155396,0.2781726568442656,0.5247048867122985,1
70,GJ 667 C g,0.8326289595429625,0.25695883495929706,0.501511016803658,0
71,Kapteyn c,0.832039563094625,0.2707783626627005,0.497830139179439,0
72,Kepler-1701 b,0.6872335358575357,0.07784557884105081,0.48778971523274106,1
73,Kepler-1606 b,0.6831765108494237,0.08321096734899025,0.48013148885508866,1
74,HD 216520 c,0.6639506753430646,0.10022772508790068,0.45828388315416774,1
75,Ross 128 b,0.6832886231728509,0.05109391429614896,0.44457080370766633,1
76,Kepler-238 e,0.0,1.0,0.44378220923164047,0
77,TOI-2416 b,0.0,1.0,0.44075386133552874,0
78,tau Cet f,0.6462570859944823,0.05372845538675686,0.4288063262400394,0
79,Kepler-1690 b,0.5978212835604967,0.043914896387460156,0.421829730914615,0
80,Kepler-1630 b,0.649063066179761,0.034840321470920754,0.41846401458488,0
81,HATS-17 b,0.0,1.0,0.4111579696549479,0
82,WASP-162 b,0.0,1.0,0.4106802869711498,0
83,WASP-105 b,0.0,1.0,0.4093424552653542,0
84,Wolf 1061 d,0.6748311647061159,0.07218487870582979,0.40630331016767596,0
85,Kepler-1554 b,0.5823082088897317,0.03860563736904765,0.40569879664767583,0
86,K2-114 b,0.0,1.0,0.40243003538626254,0
87,Kepler-643 b,0.0,1.0,0.40233856129319345,0
88,TOI-2025 b,0.0,1.0,0.4001523106587538,0
89,Kepler-278 b,0.0,1.0,0.3935919873538183,0
90,HATS-22 b,0.002051485703606802,0.9156303675893598,0.3930704527708887,0
91,Kepler-145 c,0.0,1.0,0.39297720647795054,0
92,Kepler-1840 b,0.5054862449335988,0.007942941786580504,0.39135219841762486,0
93,TOI-5153 b,0.0,1.0,0.39118533048376725,0
94,HIP 14810 b,0.0,1.0,0.3900999922977557,0
95,HD 17156 b,0.0,1.0,0.389816674108065,0
96,CoRoT-10 b,0.002175286221871299,0.91053893351314,0.38949378508273036,0
97,NGTS-20 b,0.0,1.0,0.38880831762343315,0
98,TOI-558 b,0.0,1.0,0.3864503228478524,0
99,TOI-2337 b,0.0,1.0,0.38550326750264163,0
100,V1298 Tau e,0.0,1.0,0.3843180208275738,0
101,HIP 97166 b,0.0,1.0,0.3841020431090489,0
102,HD 177830 c,0.0,1.0,0.3836727410286454,0
103,Kepler-92 b,0.0,1.0,0.38360690282237686,0
104,HD 195019 b,0.0,1.0,0.3835856236987266,0
105,V1298 Tau c,0.0,1.0,0.38337860107423083,0
106,K2-182 b,0.0,1.0,0.3822428600019223,0
107,TOI-4582 b,0.0,1.0,0.3815454231675942,0
108,NGTS-13 b,0.0,1.0,0.38135233474283353,0
109,Kepler-278 c,0.0,1.0,0.3806541833620576,0
110,HD 75784 c,0.0,1.0,0.38023424928817207,0
111,Qatar-5 b,0.0,1.0,0.38020132928868455,0
112,Kepler-419 b,0.0,1.0,0.37993190374824204,0
113,Kepler-129 b,0.0,1.0,0.3792709928722534,0
114,CoRoT-30 b,0.0,1.0,0.37919584413257545,0
115,Kepler-432 b,0.0,1.0,0.37866115672488093,0
116,V1298 Tau d,0.0,1.0,0.37787753716014383,0
117,WASP-89 b,0.0,1.0,0.3778376144845045,0
118,UZ For b,0.0,1.0,0.3777392996097114,0
119,CoRoT-8 b,0.0,1.0,0.3770981362808392,0
120,TOI-481 b,0.0,1.0,0.376509008139218,0
121,OGLE-2018-BLG-1700L b,0.0,1.0,0.3762379217994064,0
122,KMT-2018-BLG-1292L b,0.0,1.0,0.3762379217994064,0
123,TIC 172900988 b,0.004793689504842597,0.860771647736493,0.37601575132064136,0
124,Kepler-434 b,0.0,1.0,0.3754945914967802,0
125,WASP-130 b,0.0,1.0,0.3754337753984186,0
126,KMT-2019-BLG-0414L b,0.0,1.0,0.3753835640118677,0
127,OGLE-2008-BLG-355L b,0.0,1.0,0.37460982332963577,0
128,TOI-837 b,0.0,1.0,0.37457490251805337,0
129,TOI-3362 b,0.0,1.0,0.3743715898935901,0
130,Kepler-295 d,0.0,1.0,0.37408418175653785,0
131,HD 89345 b,0.0,1.0,0.37394054356235373,0
132,Kepler-1487 c,0.0,1.0,0.3736568620501879,0
133,HATS-61 b,0.0,1.0,0.373543674245728,0
134,Kepler-170 b,0.0,1.0,0.37299686134971244,0
135,TOI-172 b,0.0,1.0,0.37142785389518135,0
136,KMT-2021-BLG-0119L b,0.0,1.0,0.37135612090297376,0
137,OGLE-2017-BLG-1049L b,0.0,1.0,0.3712650951519896,0
138,Kepler-716 c,0.0,1.0,0.3706530833103228,0
139,Kepler-240 b,0.0,1.0,0.37059513008651573,0
140,WASP-10 b,0.002051485703606802,0.9156303675893598,0.3703187675907509,0
141,Kepler-277 c,0.0,1.0,0.3690499520438981,0
142,HAT-P-21 b,0.0,1.0,0.36902543905134877,0
143,TOI-2000 c,0.0,1.0,0.36897646972106946,0
144,OGLE-2016-BLG-0613L AB b,0.0,1.0,0.36890555844959694,0
145,EPIC 246851721 b,0.0,1.0,0.3688989629331967,0
146,OGLE-2019-BLG-0299L b,0.0,1.0,0.36862813933098726,0
147,HD 72892 b,0.0021681415929203545,0.9108327643291384,0.36841750679670715,0
148,TOI-181 b,0.0,1.0,0.36838316650352815,0
149,Kepler-1341 b,0.47036218151252873,0.00975159732365094,0.36823210569112214,0
150,Kepler-414 c,0.0,1.0,0.3681158267024217,0
151,Kepler-63 b,0.0,1.0,0.3678813894948102,0
152,Kepler-1692 b,0.0,1.0,0.3678288082543717,0
153,Kepler-1671 b,0.0,1.0,0.36764946429200174,0
154,HD 175167 b,0.0,1.0,0.3674871626759554,0
155,Kepler-107 e,0.0,1.0,0.366743447549302,0
156,HD 10697 b,0.0,1.0,0.3666192785932933,0
157,MOA-2008-BLG-379L b,0.0,1.0,0.3666164093463806,0
158,OGLE-2016-BLG-0263L b,0.0,1.0,0.3666164093463806,0
159,HD 80606 b,0.0021681415929203545,0.9108327643291384,0.36618565451459745,0
160,Qatar-4 b,0.0,1.0,0.36607300353944183,0
161,Kepler-391 c,0.0,1.0,0.3658358054839339,0
162,HD 113996 b,0.0,1.0,0.3657465867785118,0
163,POTS-1 b,0.0,1.0,0.36572976672510793,0
164,KMT-2019-BLG-1552L b,0.0,1.0,0.3656400905559746,0
165,Kepler-141 c,0.0,1.0,0.3655402408918823,0
166,KMT-2021-BLG-0322L b,0.0,1.0,0.3650340573800519,0
167,PH1 b,0.004613663144455176,0.8658552076610123,0.3648098376104024,0
168,HIP 65891 b,0.0,1.0,0.36464717566105387,0
169,Kepler-763 c,0.0,1.0,0.36464054446411687,0
170,Kepler-1704 b,0.0023368298368298367,0.9038952725856582,0.3641056258951091,0
171,Kepler-667 b,0.0,1.0,0.3640118482338355,0
172,TOI-257 b,0.0,1.0,0.36392098973843723,0
173,DMPP-3 A b,0.0,1.0,0.3637034787405431,0
174,Kepler-295 c,0.0,1.0,0.3636144019900971,0
175,Kepler-277 b,0.0,1.0,0.36330181624208224,0
176,TOI-2589 b,0.0,1.0,0.36327748200590715,0
177,Kepler-56 d,0.0,1.0,0.3630509688208652,0
178,KMT-2016-BLG-2364L b,0.0,1.0,0.3628011601814718,0
179,WASP-156 b,0.0,1.0,0.3627942207171083,0
180,Kepler-1951 b,0.0,1.0,0.3627671086166444,0
181,HAT-P-15 b,0.0,1.0,0.36207027727242497,0
182,TOI-1062 b,0.0,1.0,0.3620591722498746,0
183,HD 160691 b,0.0,1.0,0.3618877547847288,0
184,KMT-2016-BLG-1820L b,0.0023959523420923777,0.9014637937664658,0.36184141780053714,0
185,Kepler-424 b,0.0,1.0,0.3617051527998081,0
186,MOA-2011-BLG-293L b,0.0023959523420923777,0.9014637937664658,0.3610273685656519,0
187,HD 111591 b,0.0,1.0,0.3606699241557295,0
188,HATS-7 b,0.0,1.0,0.36062943460114805,0
189,Kepler-1300 b,0.0,1.0,0.3606251289840571,0
190,HU Aqr AB c,0.0,1.0,0.36060831390339537,0
191,HATS-76 b,0.0,1.0,0.36059933923116205,0
192,Kepler-656 c,0.0,1.0,0.3603595160329618,0
193,TOI-1811 b,0.0,1.0,0.36030717147600516,0
194,K2-261 b,0.0,1.0,0.3602695753736248,0
195,HD 5583 b,0.0,1.0,0.3602160798645936,0
196,Kepler-1694 b,0.0,1.0,0.36014178774972094,0
197,TOI-2180 b,0.007064289240406976,0.8326380031316251,0.3597268518935365,0
198,HD 35759 b,0.0,1.0,0.3595639303159627,0
199,Kepler-38 b,0.0,1.0,0.35950759949086075,0
200,HD 147873 b,0.0,1.0,0.3592976889923126,0
201,HD 179079 b,0.0,1.0,0.3591357571960824,0
202,OGLE-2005-BLG-071L b,0.0,1.0,0.3589859110165631,0
203,MOA-bin-1L b,0.0,1.0,0.3589859110165631,0
204,HD 102272 b,0.0,1.0,0.3589070227900041,0
205,TOI-4010 c,0.0,1.0,0.35886625388620286,0
206,WASP-8 b,0.0,1.0,0.3588212558571253,0
207,Kepler-628 b,0.0,1.0,0.35857795112550606,0
208,Kepler-363 d,0.0,1.0,0.3583039677006139,0
209,K2-169 b,0.0,1.0,0.3582907638482806,0
210,Kepler-211 b,0.0,1.0,0.35826582784677885,0
211,Kepler-763 d,0.0,1.0,0.3580658935415192,0
212,Kepler-48 c,0.0,1.0,0.35800885366634405,0
213,Kepler-1142 b,0.0,1.0,0.3580039557600373,0
214,HD 55696 b,0.0,1.0,0.3578276942511962,0
215,Kepler-219 d,0.0,1.0,0.35722418973812986,0
216,EPIC 249893012 c,0.0,1.0,0.3572007166364677,0
217,TOI-431 c,0.0,1.0,0.3569060507549133,0
218,WASP-53 b,0.006337031512776741,0.8498784782533686,0.35686188834532445,0
219,HD 160691 c,0.0,1.0,0.35673294278537193,0
220,Kepler-161 b,0.0,1.0,0.3567318710715117,0
221,Kepler-1380 b,0.0,1.0,0.35672979153859885,0
222,Kepler-1987 c,0.0,1.0,0.3567125056621613,0
223,OGLE-2014-BLG-0676L b,0.0,1.0,0.3566668917684497,0
224,HD 145675 c,0.0,1.0,0.3565858932648993,0
225,KMT-2017-BLG-0673L b,0.0,1.0,0.3564243720275386,0
226,K2-280 b,0.0,1.0,0.35633637977932353,0
227,Kepler-450 c,0.0,1.0,0.35620703813883503,0
228,Kepler-1680 b,0.0,1.0,0.356206939685678,0
229,K2-108 b,0.0,1.0,0.35618173249197255,0
230,Kepler-176 b,0.0,1.0,0.3558602938645581,0
231,Kepler-953 c,0.0,1.0,0.3558126516435527,0
232,TOI-1268 b,0.0,1.0,0.35581132940199456,0
233,Kepler-108 b,0.0,1.0,0.35578612281053434,0
234,Kepler-454 c,0.0,1.0,0.35574597779172346,0
235,17 Sco b,0.0,1.0,0.3557304314613954,0
236,IC 4651 9122 b,0.0,1.0,0.3556407225674163,0
237,Kepler-1038 c,0.0,1.0,0.35563362357167805,0
238,HD 154672 b,0.0021681415929203545,0.9108327643291384,0.35539471439688547,0
239,TOI-2364 b,0.0,1.0,0.35518519149478667,0
240,HD 43691 b,0.0,1.0,0.35496830179836314,0
241,HD 18599 b,0.0,1.0,0.35475847202449606,0
242,Kepler-1834 b,0.0,1.0,0.35468502743980135,0
243,Kepler-330 b,0.0,1.0,0.3544018632520012,0
244,GJ 86 b,0.0,1.0,0.35436315710400274,0
245,Kepler-212 b,0.0,1.0,0.35425726051004125,0
246,HU Aqr AB b,0.0,1.0,0.35425088512518,0
247,Kepler-525 b,0.0,1.0,0.35408843849984073,0
248,Kepler-776 b,0.0,1.0,0.3538180334556552,0
249,HD 27969 b,0.002396141787145097,0.9014560026278626,0.3537928083601464,0
250,KELT-24 b,0.0,1.0,0.35375196072987725,0
251,TYC 3667-1280-1 b,0.0,1.0,0.35367126103244817,0
252,HAT-P-11 b,0.0,1.0,0.35332610737826625,0
253,NGTS-9 b,0.0,1.0,0.35325863939171587,0
254,HD 95544 b,0.0,1.0,0.35323262658579735,0
255,K2-225 b,0.0,1.0,0.35298055247235016,0
256,Kepler-46 d,0.0,1.0,0.352682790623836,0
257,TOI-1736 b,0.0,1.0,0.35260659503287106,0
258,Kepler-495 c,0.0,1.0,0.3523116753365523,0
259,TOI-1272 b,0.0,1.0,0.3522156508111479,0
260,HD 16175 b,0.002396141787145097,0.9014560026278626,0.35206679133444774,0
261,Kepler-1491 b,0.0,1.0,0.35200047968811954,0
262,K2-192 b,0.0,1.0,0.3519997835442107,0
263,Kepler-1945 b,0.0,1.0,0.35181739161931935,0
264,HD 67087 c,0.0,1.0,0.35176125500366795,0
265,Kepler-237 b,0.0,1.0,0.35165451876155096,0
266,KMT-2016-BLG-1397L b,0.0,1.0,0.35164680859335073,0
267,HD 80869 b,0.0,1.0,0.35152652862551037,0
268,Kepler-522 b,0.0,1.0,0.351507907874198,0
269,Kepler-1508 b,0.0,1.0,0.35133607727070215,0
270,HD 11964 c,0.0,1.0,0.35130075087274215,0
271,Kepler-794 b,0.0,1.0,0.35126591207637325,0
272,TOI-1634 c,0.5202160981889747,0.0,0.3512521200632235,0
273,Kepler-1266 c,0.0,1.0,0.3512356246539493,0
274,HD 27894 d,0.0,1.0,0.3511550434192678,0
275,Kepler-1882 b,0.0021681415929203545,0.9108327643291384,0.35105864317877244,0
276,K2-270 b,0.0,1.0,0.3509483187359409,0
277,TOI-1246 c,0.0,1.0,0.35079296985849134,0
278,HD 213240 b,0.0,1.0,0.35078757298841645,0
279,Kepler-176 d,0.0,1.0,0.35070720868358407,0
280,TOI-4551 b,0.0,1.0,0.35070695651232486,0
281,Kepler-226 c,0.0,1.0,0.3507060018552661,0
282,TOI-559 b,0.0,1.0,0.35067236797983214,0
283,WASP-91 b,0.0,1.0,0.35064242801954415,0
284,Kepler-1506 b,0.0,1.0,0.35061247940337603,0
285,WASP-99 b,0.004613663144455176,0.8658552076610123,0.35055707332057534,0
286,Kepler-1285 b,0.0,1.0,0.3505486888712869,0
287,Kepler-403 d,0.0,1.0,0.3505313723851677,0
288,HD 142022 A b,0.0,1.0,0.35040692417745656,0
289,Kepler-1888 b,0.0,1.0,0.3503075296742181,0
290,WASP-29 b,0.0,1.0,0.3500855345477783,0
291,Kepler-876 b,0.0,1.0,0.3500173686730195,0
292,tau Boo b,0.0,1.0,0.3500151077357282,0
293,Kepler-368 b,0.0,1.0,0.34958302702155014,0
294,Kepler-156 b,0.0,1.0,0.34915225356710144,0
295,Kepler-285 c,0.0,1.0,0.34900162370261656,0
296,Kepler-1468 d,0.0,1.0,0.3489294283690621,0
297,HD 30177 c,0.0,1.0,0.34892695014999076,0
298,OGLE-2015-BLG-0954L b,0.0,1.0,0.34892188416554226,0
299,Kepler-169 b,0.0,1.0,0.34888222330807594,0
300,HD 112640 b,0.0,1.0,0.3488671032990551,0
301,Kepler-176 c,0.0,1.0,0.3487673881535751,0
302,HIP 29442 c,0.0,1.0,0.348759999808124,0
303,Kepler-1872 b,0.0,1.0,0.34859602948661417,0
304,Kepler-1311 b,0.0,1.0,0.3485587290515295,0
305,HATS-57 b,0.0,1.0,0.34855298509726473,0
306,Kepler-131 b,0.0,1.0,0.3484512806373503,0
307,Kepler-682 b,0.0,1.0,0.34844304484231237,0
308,K2-268 d,0.0,1.0,0.34835488324657804,0
309,TOI-4010 d,0.0,1.0,0.3483141993826532,0
310,Kepler-133 b,0.0,1.0,0.3482683849556878,0
311,OGLE-2019-BLG-0468L b,0.0,1.0,0.3481840416467531,0
312,Kepler-348 c,0.0,1.0,0.3480895817410348,0
313,Kepler-1304 b,0.0,1.0,0.34796226729032265,0
314,K2-87 b,0.0,1.0,0.34781489794090226,0
315,Kepler-1437 b,0.0,1.0,0.3477723147886517,0
316,HD 196050 b,0.0,1.0,0.34775076920828096,0
317,Kepler-796 b,0.0,1.0,0.3477315809913072,0
318,Kepler-192 d,0.0,1.0,0.34771410988010115,0
319,Kepler-1488 b,0.0,1.0,0.3477073412300812,0
320,HD 219134 b,0.0,1.0,0.3476974087691257,0
321,K2-176 b,0.0,1.0,0.34762712656049144,0
322,K2-27 b,0.0,1.0,0.34757587385736877,0
323,TOI-2158 b,0.0,1.0,0.3474414739773103,0
324,Kepler-295 b,0.0,1.0,0.34739902567357234,0
325,CoRoT-20 b,0.0,1.0,0.3471870520303926,0
326,Kepler-95 b,0.0,1.0,0.3471702598075216,0
327,Kepler-190 c,0.0,1.0,0.3471097797363708,0
328,HD 224538 b,0.0,1.0,0.3470766973222944,0
329,K2-268 e,0.0,1.0,0.34697951883782474,0
330,Kepler-1756 b,0.0,1.0,0.3469473360392379,0
331,Kepler-1417 b,0.0,1.0,0.34692991885227165,0
332,KOI-1257 b,0.0,1.0,0.3469109568429573,0
333,HD 13908 c,0.0,1.0,0.3468377750096362,0
334,HD 1397 b,0.0,1.0,0.34683028776085245,0
335,WASP-47 d,0.0,1.0,0.34672894605612603,0
336,Kepler-1968 b,0.0,1.0,0.3467071402196631,0
337,Kepler-18 b,0.0,1.0,0.34668187563375996,0
338,HAT-P-22 b,0.0,1.0,0.34662098355317605,0
339,Kepler-1296 b,0.0,1.0,0.34658312307734074,0
340,OGLE-2019-BLG-0249L b,0.0,1.0,0.34656797232854275,0
341,HD 120084 b,0.0,1.0,0.3464039801941431,0
342,Kepler-847 b,0.0,1.0,0.34610285970941357,0
343,OGLE-2019-BLG-0679L b,0.0,1.0,0.34604102321852737,0
344,Kepler-1570 b,0.0,1.0,0.3459120837717924,0
345,HD 118203 b,0.0,1.0,0.34591094899013675,0
346,Kepler-1382 b,0.002333711530279393,0.9040235164125305,0.3458917324390577,0
347,Kepler-1336 b,0.0,1.0,0.34588950078354636,0
348,Kepler-389 b,0.0,1.0,0.3458221875720393,0
349,Kepler-891 b,0.0,1.0,0.3457808702201186,0
350,Kepler-1224 b,0.0,1.0,0.3457449871381201,0
351,HD 102117 b,0.0,1.0,0.34574209767905173,0
352,K2-39 b,0.0,1.0,0.34574031643824765,0
353,K2-198 c,0.0,1.0,0.3457266242124186,0
354,HAT-P-3 b,0.0,1.0,0.34572343475720513,0
355,Kepler-250 b,0.0,1.0,0.34568402688919775,0
356,HD 77338 b,0.0,1.0,0.3456069122983316,0
357,Kepler-1966 b,0.0,1.0,0.34549946843686885,0
358,HD 59686 A b,0.0023959523420923777,0.9014637937664658,0.3454727189720884,0
359,Kepler-1792 b,0.0,1.0,0.3454396334614943,0
360,Kepler-393 c,0.0,1.0,0.3453979027495617,0
361,Kepler-1254 c,0.0,1.0,0.34536561160789064,0
362,Kepler-1955 b,0.0,1.0,0.34530453870906025,0
363,HD 215497 b,0.0,1.0,0.3452883398422836,0
364,WASP-186 b,0.0,1.0,0.34525842862844525,0
365,HD 11506 b,0.0,1.0,0.3451751550088886,0
366,Kepler-53 c,0.0,1.0,0.3451551838302461,0
367,Kepler-382 c,0.0,1.0,0.3451179230306003,0
368,K2-270 c,0.0,1.0,0.34504029607249986,0
369,TOI-1194 b,0.0,1.0,0.3450184752488519,0
370,HD 216437 b,0.0,1.0,0.3449967742675607,0
371,Kepler-1029 b,0.0,1.0,0.34493079627727785,0
372,Kepler-1693 c,0.0,1.0,0.34486556677073693,0
373,Kepler-1759 b,0.0,1.0,0.3447763090210717,0
374,Kepler-238 d,0.0,1.0,0.34474312721331224,0
375,HD 221416 b,0.0,1.0,0.3446904346478906,0
376,Kepler-386 b,0.0,1.0,0.3446885680971649,0
377,Kepler-1120 b,0.0,1.0,0.3446801433959181,0
378,KMT-2016-BLG-1107L b,0.0,1.0,0.34465151298778096,0
379,K2-105 b,0.0022076228686058173,0.9092090529326473,0.3446261782623842,0
380,TOI-763 b,0.0,1.0,0.344602022097074,0
381,TOI-216.02,0.0,1.0,0.34458625613211524,0
382,CoRoT-23 b,0.0,1.0,0.3444583127863665,0
383,Kepler-169 c,0.0,1.0,0.3443330587391352,0
384,Kepler-905 b,0.0,1.0,0.34427701854274395,0
385,Kepler-56 c,0.0,1.0,0.3441994851627339,0
386,eps Tau b,0.0,1.0,0.344193624026084,0
387,OGLE-2019-BLG-0362L b,0.0,1.0,0.3441361172536961,0
388,EPIC 201841433 b,0.0,1.0,0.34398626476488037,0
389,Kepler-221 c,0.0,1.0,0.3439550395846822,0
390,HD 73526 b,0.0,1.0,0.3438984468376587,0
391,K2-177 b,0.0,1.0,0.34387673945718455,0
392,Kepler-1924 b,0.0,1.0,0.3437854033746375,0
393,Kepler-1150 b,0.0,1.0,0.3437198815287743,0
394,Kepler-1743 b,0.0021681415929203545,0.9108327643291384,0.3436939456659192,0
395,HD 56957 b,0.0,1.0,0.3436933320632216,0
396,Kepler-314 c,0.0,1.0,0.34368213268327175,0
397,91 Aqr b,0.0,1.0,0.3436710887462055,0
398,Kepler-1207 b,0.0,1.0,0.3435865293895235,0
399,TOI-3364 b,0.0,1.0,0.34356048627614855,0
400,Kepler-799 c,0.0,1.0,0.3435580122004278,0
401,Kepler-1895 b,0.0,1.0,0.3434091291404059,0
402,Kepler-326 d,0.0,1.0,0.3433126658580151,0
403,HD 99706 c,0.0,1.0,0.3433028658313718,0
404,Kepler-1260 b,0.0,1.0,0.34328513213946454,0
405,Kepler-1315 c,0.0,1.0,0.3432015996053398,0
406,CoRoT-29 b,0.0,1.0,0.34310632044932965,0
407,K2-138 d,0.0,1.0,0.3431053763417048,0
408,DS Tuc A b,0.0,1.0,0.3430716105277407,0
409,Kepler-1848 b,0.0,1.0,0.34282747918399636,0
410,Kepler-161 c,0.0,1.0,0.34282121391063425,0
411,HD 145377 b,0.0,1.0,0.3428138539820801,0
412,Kepler-1686 b,0.0,1.0,0.34279252736271965,0
413,Kepler-1493 b,0.0,1.0,0.3427394123382713,0
414,Kepler-1993 b,0.0,1.0,0.34271013469210365,0
415,Kepler-18 d,0.0,1.0,0.342525695489858,0
416,TOI-1052 b,0.0,1.0,0.342502421501116,0
417,Kepler-18 c,0.0,1.0,0.3424769164590923,0
418,TOI-1064 b,0.0,1.0,0.3424404020612454,0
419,Kepler-324 b,0.0,1.0,0.3423007432996451,0
420,Kepler-1330 b,0.0,1.0,0.34229799655985216,0
421,WASP-139 b,0.0,1.0,0.3422363630890546,0
422,Kepler-1833 b,0.0,1.0,0.3422239110445749,0
423,HD 168443 b,0.0,1.0,0.342220029966284,0
424,Kepler-1414 b,0.0,1.0,0.3421166853040042,0
425,Kepler-191 b,0.0,1.0,0.34196468709955985,0
426,Kepler-48 b,0.0,1.0,0.34189528456233387,0
427,Kepler-1838 b,0.0,1.0,0.34187647219149664,0
428,HD 49674 b,0.0,1.0,0.34180446588170654,0
429,HD 207897 b,0.0,1.0,0.34174116308823044,0
430,TOI-1694 b,0.0,1.0,0.3416944654848,0
431,Kepler-357 b,0.0,1.0,0.34168630716699955,0
432,TOI-5174 b,0.0,1.0,0.3416535345877456,0
433,Kepler-1086 c,0.4730570552969654,0.009434573786729739,0.3416372022994503,0
434,HD 143361 b,0.0,1.0,0.3415166141072954,0
435,Kepler-127 b,0.004661669866773824,0.8645195338875648,0.3414209998181336,0
436,Kepler-90 i,0.0,1.0,0.3413883246275784,0
437,Kepler-431 d,0.0,1.0,0.34134404621746517,0
438,Kepler-1987 b,0.0,1.0,0.34131939036191083,0
439,Kepler-472 b,0.0,1.0,0.3413043723423239,0
440,K2-158 c,0.0,1.0,0.3412697506333071,0
441,Kepler-312 c,0.0,1.0,0.3412622766157565,0
442,Kepler-1656 b,0.0,1.0,0.3412598776043876,0
443,HATS-48 A b,0.0,1.0,0.34121980971582866,0
444,Kepler-306 b,0.0,1.0,0.34121331404213184,0
445,K2-292 b,0.0,1.0,0.3411312572470985,0
446,HAT-P-20 b,0.0,1.0,0.3411087481496269,0
447,HATS-49 b,0.0,1.0,0.3410900511899211,0
448,Kepler-1991 b,0.0,1.0,0.34106548085441557,0
449,SWEEPS-4 b,0.0,1.0,0.34103930435630747,0
450,WASP-148 b,0.0,1.0,0.3409558182576934,0
451,Kepler-301 c,0.0,1.0,0.3409522305471806,0
452,Kepler-935 b,0.0,1.0,0.34084239361252777,0
453,Kepler-133 c,0.0,1.0,0.3407943292044432,0
454,HD 2039 b,0.0,1.0,0.34069721022205357,0
455,Kepler-48 d,0.0,1.0,0.3405546806571006,0
456,Kepler-147 b,0.0,1.0,0.34054493963149157,0
457,K2-191 b,0.0021681415929203545,0.9108327643291384,0.3405296923321096,0
458,HD 60292 b,0.0,1.0,0.3404397444567937,0
459,Kepler-335 c,0.0,1.0,0.34036704798378326,0
460,WASP-158 b,0.0,1.0,0.34036189570943703,0
461,TOI-2145 b,0.0,1.0,0.34025367191291833,0
462,HD 1605 c,0.004831939733699506,0.8596606657612721,0.34019986069121466,0
463,Kepler-1899 b,0.0,1.0,0.3401797483957521,0
464,CoRoT-17 b,0.0,1.0,0.34017041535112935,0
465,Kepler-272 d,0.0,1.0,0.3401677797775834,0
466,HD 203387 b,0.0,1.0,0.3401610791673504,0
467,Kepler-92 c,0.0,1.0,0.34010805438066627,0
468,HD 95872 b,0.0,1.0,0.340083423101734,0
469,Kepler-15 b,0.0,1.0,0.34006483606886173,0
470,Kepler-1758 b,0.0,1.0,0.3400623518655511,0
471,HD 111998 b,0.0,1.0,0.3400278456957228,0
472,HD 132406 b,0.0,1.0,0.33996906175507335,0
473,HAT-P-34 b,0.0,1.0,0.3398738286345665,0
474,Kepler-247 b,0.0,1.0,0.3398195998960917,0
475,Kepler-1145 b,0.0,1.0,0.33979037844158644,0
476,TOI-813 b,0.0,1.0,0.33976952515799275,0
477,Kepler-169 d,0.0,1.0,0.33976840631365324,0
478,Kepler-1245 b,0.0,1.0,0.3396593694524903,0
479,Kepler-473 b,0.0,1.0,0.3396494682516522,0
480,TOI-1272 c,0.0,1.0,0.3396085354618713,0
481,Kepler-1263 b,0.0,1.0,0.3395860829983216,0
482,Kepler-108 c,0.0,1.0,0.33954578520460277,0
483,Kepler-848 b,0.0,1.0,0.3394321667503093,0
484,Kepler-1069 b,0.0,1.0,0.3394003161438459,0
485,Kepler-931 b,0.0,1.0,0.3393876194053842,0
486,Kepler-1814 b,0.0,1.0,0.3393161515456864,0
487,HD 16417 b,0.0,1.0,0.33916838533573745,0
488,Kepler-246 b,0.0,1.0,0.33911837808059564,0
489,Kepler-1962 b,0.0,1.0,0.33910407329854864,0
490,HAT-P-52 b,0.0,1.0,0.33907567252013426,0
491,Kepler-772 b,0.0,1.0,0.3390122083034328,0
492,HD 204313 b,0.0,1.0,0.33899695669441854,0
493,Kepler-1425 b,0.0,1.0,0.3389640047107324,0
494,HATS-4 b,0.0,1.0,0.33895503703794994,0
495,Kepler-1324 b,0.0,1.0,0.33888108390477734,0
496,Kepler-1125 b,0.0,1.0,0.33887236542110877,0
497,Kepler-1595 b,0.0,1.0,0.33880517424819084,0
498,Kepler-1449 b,0.0,1.0,0.3387819309995388,0
499,Kepler-1420 b,0.0,1.0,0.3387355879184172,0
500,Kepler-411 b,0.0,1.0,0.3386898149224931,0
501,UZ For c,0.0,1.0,0.33858145057401434,0
502,Kepler-246 c,0.0,1.0,0.33846464393419184,0
503,OGLE-2017-BLG-1099L b,0.0,1.0,0.33842140104628227,0
504,Kepler-167 b,0.0,1.0,0.3384189926046519,0
505,Kepler-362 b,0.0,1.0,0.33839866392919615,0
506,HD 11755 b,0.0,1.0,0.33834196591773974,0
507,HD 18143 b,0.0,1.0,0.3383046231999397,0
508,Kepler-1383 b,0.0,1.0,0.33826950810718326,0
509,Kepler-223 d,0.0,1.0,0.3382505669245549,0
510,CoRoT-24 c,0.0,1.0,0.33824179426831713,0
511,Kepler-755 c,0.0,1.0,0.3381886357150756,0
512,Kepler-100 c,0.0,1.0,0.3381482134267265,0
513,WASP-59 b,0.0,1.0,0.3381320109719731,0
514,Kepler-338 c,0.0,1.0,0.33809207430130045,0
515,Kepler-226 d,0.0,1.0,0.33807769085443157,0
516,Kepler-1852 b,0.0,1.0,0.3380582942409973,0
517,Kepler-141 b,0.0020807247201669516,0.9144278804967659,0.338032227869,0
518,Kepler-975 c,0.0,1.0,0.33799264651677563,0
519,Kepler-1301 b,0.0,1.0,0.3379623866878855,0
520,Kepler-1587 b,0.0,1.0,0.3379398360602528,0
521,Kepler-975 b,0.0,1.0,0.3378924900513488,0
522,K2-348 b,0.0,1.0,0.33787676846205217,0
523,K2-60 b,0.0,1.0,0.33786321867442326,0
524,Kepler-1728 b,0.0,1.0,0.33785549007191684,0
525,Kepler-129 c,0.002333711530279393,0.9040235164125305,0.33785400970249735,0
526,EPIC 249893012 b,0.0,1.0,0.33781556025401294,0
527,K2-24 c,0.0,1.0,0.33776302882068665,0
528,K2-383 b,0.0,1.0,0.33775247703373756,0
529,Kepler-117 b,0.0,1.0,0.3377111288608067,0
530,Kepler-641 b,0.0,1.0,0.337654002008435,0
531,K2-407 c,0.0,1.0,0.3376147162940189,0
532,Kepler-313 b,0.0,1.0,0.33751622740529663,0
533,OGLE-TR-111 b,0.0,1.0,0.33747513385885575,0
534,Kepler-521 b,0.0,1.0,0.3374320067755354,0
535,TOI-849 b,0.0,1.0,0.33741801897985035,0
536,V1298 Tau b,0.0,1.0,0.3373762736137881,0
537,Kepler-255 b,0.004375764461526171,0.8729047103573191,0.33737075493135793,0
538,Kepler-653 b,0.0,1.0,0.33729313544810374,0
539,Kepler-1959 b,0.0,1.0,0.3372849998824736,0
540,Kepler-307 b,0.0,1.0,0.3372344251259899,0
541,Kepler-285 b,0.0,1.0,0.3372315329236869,0
542,Kepler-1032 b,0.0,1.0,0.3371694303085996,0
543,55 Cnc d,0.0021880597014925372,0.9100136099496579,0.3371603252640082,0
544,Kepler-939 b,0.0,1.0,0.33712408689223616,0
545,HATS-69 b,0.0,1.0,0.33708402088395717,0
546,Kepler-1164 b,0.0,1.0,0.3369619329729262,0
547,Kepler-1007 b,0.0,1.0,0.33689795441642323,0
548,Kepler-33 d,0.0,1.0,0.3368675399982428,0
549,Kepler-1600 c,0.0,1.0,0.3368526927322627,0
550,Kepler-279 c,0.0,1.0,0.3368400714200043,0
551,Kepler-450 b,0.0,1.0,0.33683645686110963,0
552,Kepler-639 b,0.0,1.0,0.3368118114522751,0
553,Kepler-629 b,0.0,1.0,0.3367447194943052,0
554,Kepler-1464 b,0.0,1.0,0.33670017302008026,0
555,Kepler-337 c,0.0,1.0,0.33668568948741595,0
556,Kepler-113 c,0.0,1.0,0.33667858829879704,0
557,Kepler-377 b,0.0,1.0,0.336659827815629,0
558,Kepler-1012 b,0.0,1.0,0.3366518837060801,0
559,Kepler-179 c,0.0,1.0,0.3366401012057407,0
560,Kepler-253 b,0.0,1.0,0.33660538694603315,0
561,Kepler-137 b,0.0,1.0,0.3365974022366376,0
562,Kepler-1231 b,0.0,1.0,0.3365962183737583,0
563,Kepler-373 c,0.0,1.0,0.3365702040487074,0
564,HAT-P-44 c,0.0021880597014925372,0.9100136099496579,0.3365429673160677,0
565,K2-219 c,0.0,1.0,0.3365348780216949,0
566,Kepler-1254 d,0.0,1.0,0.3365064980484507,0
567,Kepler-192 b,0.0,1.0,0.3364843109949218,0
568,HD 66141 b,0.0,1.0,0.3364822361330857,0
569,Kepler-309 b,0.0,1.0,0.3364446826044294,0
570,HD 160691 d,0.0,1.0,0.33642798721320744,0
571,Kepler-305 e,0.0,1.0,0.33628898113448435,0
572,Kepler-107 d,0.0,1.0,0.3362622822365686,0
573,Kepler-123 b,0.0,1.0,0.3362347967424213,0
574,Kepler-416 b,0.0,1.0,0.33619446878281145,0
575,Kepler-520 b,0.0,1.0,0.3361921114931695,0
576,Kepler-145 b,0.0,1.0,0.3361426672095681,0
577,Kepler-1430 b,0.0,1.0,0.33603339798051435,0
578,K2-80 c,0.0,1.0,0.336028389568671,0
579,HD 206255 b,0.0,1.0,0.33602479529442847,0
580,Kepler-260 b,0.0,1.0,0.33598269138492975,0
581,Kepler-1645 b,0.0,1.0,0.33590006324831995,0
582,Kepler-163 b,0.0,1.0,0.33589619948460026,0
583,Kepler-1361 b,0.0,1.0,0.335868995750692,0
584,Kepler-1713 b,0.0,1.0,0.33585728403810866,0
585,K2-213 b,0.0021681415929203545,0.9108327643291384,0.3358273402355784,0
586,HATS-36 b,0.0,1.0,0.3358073358154157,0
587,gam Lib c,0.0,1.0,0.33580571428313966,0
588,Kepler-401 b,0.0,1.0,0.33557904288640705,0
589,HD 27894 c,0.0,1.0,0.33555080823827205,0
590,Kepler-1387 b,0.0,1.0,0.3354625826428482,0
591,Kepler-1809 b,0.002142579264734487,0.9118840435209997,0.3354508428125534,0
592,Kepler-1781 b,0.0,1.0,0.3354377221149212,0
593,Kepler-391 b,0.0,1.0,0.33535236953984593,0
594,HD 33283 b,0.0,1.0,0.33532604282018086,0
595,K2-165 c,0.0,1.0,0.33521662051414847,0
596,HAT-P-26 b,0.0,1.0,0.3351701205006524,0
597,HD 104985 b,0.0048321937471006386,0.8596525599758928,0.33515829545406894,0
598,HD 135872 b,0.0019444444444444444,0.9200325584856566,0.33509285572495884,0
599,Kepler-491 b,0.0,1.0,0.33506889828970277,0
600,HD 95338 b,0.0,1.0,0.3350635796114315,0
601,Kepler-355 b,0.0,1.0,0.3350557423966669,0
602,Kepler-1568 b,0.0,1.0,0.3350212742471539,0
603,HD 11977 b,0.0,1.0,0.3349772934296188,0
604,K2-24 b,0.0,1.0,0.3349060922350884,0
605,Kepler-1397 b,0.0,1.0,0.3348886478856591,0
606,TYC 0434-04538-1 b,0.0024080781472944797,0.9009651065341908,0.3347760612268711,0
607,Kepler-856 b,0.0,1.0,0.33476845683147105,0
608,Kepler-210 b,0.0,1.0,0.33468132625774144,0
609,K2-113 b,0.0,1.0,0.33467832022619004,0
610,K2-38 c,0.0,1.0,0.33455319472921924,0
611,Kepler-539 b,0.0,1.0,0.3344084026124617,0
612,Kepler-245 d,0.0,1.0,0.3343453926373172,0
613,Kepler-1843 b,0.0,1.0,0.33416120025717355,0
614,CoRoT-13 b,0.0,1.0,0.3341023878027991,0
615,Kepler-1081 b,0.0,1.0,0.33405360483122637,0
616,TOI-1853 b,0.0,1.0,0.33404481453026325,0
617,KMT-2021-BLG-1689L b,0.0,1.0,0.3339595205918564,0
618,K2-19 b,0.0,1.0,0.3339325003446252,0
619,Kepler-1477 b,0.0,1.0,0.33387773088694744,0
620,Kepler-1800 b,0.0022076228686058173,0.9092090529326473,0.33387126506715825,0
621,K2-200 b,0.0,1.0,0.33380039342408196,0
622,Kepler-118 b,0.0,1.0,0.3337980354484438,0
623,Kepler-1957 b,0.0,1.0,0.3336927702629709,0
624,KOI-1599.02,0.0,1.0,0.33366542200149585,0
625,55 Cnc c,0.0,1.0,0.33359297254112563,0
626,Kepler-1303 b,0.0,1.0,0.33358406982753375,0
627,Kepler-909 b,0.0,1.0,0.33356633298203475,0
628,Kepler-339 b,0.0,1.0,0.33356415866754574,0
629,mu Leo b,0.0,1.0,0.3335426722849939,0
630,Kepler-1256 b,0.0,1.0,0.3335372289391527,0
631,Kepler-428 b,0.0,1.0,0.3335072842428093,0
632,Kepler-1143 b,0.0,1.0,0.3334614487682046,0
633,TOI-1288 b,0.0,1.0,0.3334193681906454,0
634,Kepler-1967 b,0.002418750275609649,0.9005262033815109,0.33337002432157936,0
635,Kepler-403 c,0.0,1.0,0.33331512410127295,0
636,CoRoT-28 b,0.0,1.0,0.3332728495077627,0
637,Kepler-1198 b,0.0,1.0,0.3332609543806708,0
638,TOI-532 b,0.0,1.0,0.33325956674669377,0
639,Kepler-1067 c,0.0,1.0,0.3332090923981116,0
640,Kepler-1912 b,0.0,1.0,0.33320724499061083,0
641,Kepler-454 b,0.0,1.0,0.3332069401684392,0
642,K2-203 b,0.0,1.0,0.3331783993501819,0
643,HD 164922 d,0.0,1.0,0.3331530793758133,0
644,Kepler-363 b,0.0,1.0,0.3331462658439305,0
645,Kepler-314 b,0.0,1.0,0.3330722407031931,0
646,Kepler-101 b,0.0,1.0,0.33305552778016645,0
647,Kepler-1226 b,0.0,1.0,0.33302894388611515,0
648,Kepler-94 b,0.0,1.0,0.33298623828646323,0
649,Kepler-1363 b,0.0,1.0,0.33296550454953366,0
650,Kepler-244 d,0.0,1.0,0.3328771263291709,0
651,Kepler-1514 c,0.0,1.0,0.33282263228771863,0
652,Kepler-1279 b,0.0,1.0,0.3328002182303295,0
653,Kepler-1406 b,0.0,1.0,0.33275182322383967,0
654,WASP-129 b,0.0,1.0,0.33270692753997827,0
655,Kepler-1953 b,0.0,1.0,0.33269470911460614,0
656,WASP-45 b,0.0,1.0,0.332673255941647,0
657,Kepler-1386 b,0.0,1.0,0.3326689231017249,0
658,HD 190228 b,0.002396141787145097,0.9014560026278626,0.3326636033474354,0
659,K2-285 b,0.0,1.0,0.33263010727026593,0
660,K2-138 b,0.0,1.0,0.3326216567422934,0
661,Kepler-279 d,0.0,1.0,0.3325853233657765,0
662,K2-273 b,0.0,1.0,0.332551067947363,0
663,Kepler-326 c,0.013283354934264312,0.778185222503792,0.3325405453739541,0
664,Qatar-3 b,0.0,1.0,0.33254003504713275,0
665,Kepler-1197 b,0.0,1.0,0.3325158251185901,0
666,Kepler-338 b,0.0,1.0,0.3324602810373198,0
667,HD 24040 b,0.0,1.0,0.33245835321696093,0
668,Kepler-1302 b,0.0,1.0,0.3324463437553823,0
669,Kepler-1944 b,0.0,1.0,0.33239922055080806,0
670,Kepler-118 c,0.0,1.0,0.3323806473176698,0
671,Kepler-1335 b,0.0,1.0,0.3322884216648344,0
672,Kepler-1191 b,0.0,1.0,0.332254745248347,0
673,Kepler-797 b,0.0,1.0,0.33222786821208045,0
674,Kepler-1063 b,0.0,1.0,0.3321393307288132,0
675,Kepler-1218 b,0.0,1.0,0.3320555149192319,0
676,Kepler-58 b,0.0,1.0,0.33199829892842003,0
677,Kepler-229 b,0.0,1.0,0.33198772103292895,0
678,HATS-5 b,0.0,1.0,0.33198767589651945,0
679,HD 86950 b,0.0,1.0,0.3318629257496062,0
680,HD 40956 b,0.0,1.0,0.33185878226112253,0
681,TOI-216.01,0.0,1.0,0.33184889037105647,0
682,TOI-4860 b,0.0,1.0,0.33182196564758404,0
683,Kepler-1509 b,0.0,1.0,0.3318132112834571,0
684,K2-218 b,0.0,1.0,0.3316918680079447,0
685,Kepler-637 b,0.0,1.0,0.3316562060309971,0
686,Kepler-368 c,0.0,1.0,0.33164385105833305,0
687,K2-312 c,0.0021681415929203545,0.9108327643291384,0.33163010125024645,0
688,Kepler-1179 b,0.0,1.0,0.33162611541301856,0
689,K2-268 b,0.0,1.0,0.33156231633273403,0
690,Kepler-1813 b,0.0,1.0,0.3315397083853746,0
691,HATS-14 b,0.0,1.0,0.33149732271258814,0
692,HATS-37 A b,0.0,1.0,0.33145708756349235,0
693,Kepler-1048 b,0.0,1.0,0.33143686751538715,0
694,Kepler-172 c,0.0,1.0,0.3314318876997602,0
695,HAT-P-31 b,0.0,1.0,0.33141636946135,0
696,HIP 107773 b,0.0,1.0,0.331401019266387,0
697,HD 15337 b,0.0,1.0,0.3313553332402467,0
698,Kepler-1269 b,0.002194878947892797,0.9097331608531352,0.3313426467944727,0
699,Kepler-185 b,0.0,1.0,0.33129161137676966,0
700,EPIC 249893012 d,0.0,1.0,0.33120205403402847,0
701,Kepler-317 c,0.0,1.0,0.33119038597317296,0
702,Kepler-1165 b,0.0,1.0,0.33117317478912217,0
703,Kepler-322 c,0.0,1.0,0.3311622491216315,0
704,HD 174205 b,0.0,1.0,0.3311305732164953,0
705,HD 148164 c,0.0021681415929203545,0.9108327643291384,0.33111982050304234,0
706,MOA-2016-BLG-227L b,0.0,1.0,0.3310789560866195,0
707,70 Vir b,0.0,1.0,0.33106357075833914,0
708,eps CrB b,0.002116050808314088,0.9129750558115921,0.3310391911090398,0
709,TIC 237913194 b,0.0,1.0,0.33095417225920865,0
710,HD 28254 b,0.0,1.0,0.33093212678067485,0
711,NGTS-14 A b,0.0,1.0,0.3308888080214225,0
712,Kepler-411 c,0.0,1.0,0.330879029532979,0
713,CoRoT-24 b,0.0,1.0,0.3308660342732118,0
714,Kepler-1482 b,0.0,1.0,0.33082752703411267,0
715,TOI-1820 b,0.0,1.0,0.3307817571611654,0
716,HD 215152 b,0.0,1.0,0.33074736475786526,0
717,Kepler-784 b,0.0,1.0,0.3307454928014031,0
718,Kepler-245 e,0.0,1.0,0.33072890352428663,0
719,Kepler-1530 c,0.0,1.0,0.3306251148740572,0
720,Qatar-9 b,0.0,1.0,0.33061061027997607,0
721,Kepler-1079 b,0.009029511159393879,0.8148605147060506,0.3306018755792321,0
722,Kepler-598 b,0.0,1.0,0.3305125084173648,0
723,K2-329 b,0.0,1.0,0.33050432352829906,0
724,Kepler-335 b,0.0,1.0,0.33046569069085097,0
725,Kepler-148 c,0.0,1.0,0.33030715281761885,0
726,Kepler-1992 b,0.0,1.0,0.3302611160299258,0
727,NGC 2682 Sand 364 b,0.0,1.0,0.33025367066480826,0
728,Kepler-1830 b,0.0,1.0,0.3302278092976888,0
729,TOI-2338 b,0.0024139634447554754,0.9007230671270734,0.3302215807799198,0
730,HD 1666 b,0.009473715514634518,0.805875253366023,0.33013737679123284,0
731,Kepler-65 d,0.0,1.0,0.3301211031612758,0
732,Kepler-350 d,0.0,1.0,0.33011890754123485,0
733,Kepler-347 b,0.0,1.0,0.330073403559213,0
734,WASP-32 b,0.0,1.0,0.33004424935028004,0
735,HAT-P-38 b,0.0,1.0,0.3300317199735845,0
736,Kepler-1376 b,0.0,1.0,0.33000922057381965,0
737,Kepler-74 b,0.0,1.0,0.33000564092114765,0
738,Kepler-698 b,0.0,1.0,0.3299868554299782,0
739,NGTS-11 b,0.0,1.0,0.3299708366088977,0
740,Kepler-160 b,0.0,1.0,0.3299603232624655,0
741,Kepler-1574 b,0.0,1.0,0.32995521088573443,0
742,K2-202 b,0.0,1.0,0.3299512222494583,0
743,Kepler-382 b,0.0,1.0,0.32989637729229593,0
744,Kepler-861 b,0.0,1.0,0.3298377286273142,0
745,Kepler-1577 b,0.0,1.0,0.3298352315767632,0
746,Kepler-1500 b,0.0,1.0,0.32983324317113083,0
747,Kepler-425 b,0.0,1.0,0.32982796682734794,0
748,WASP-126 c,0.0,1.0,0.32977651335400815,0
749,MOA-2013-BLG-220L b,0.0,1.0,0.3296811437960592,0
750,Kepler-690 b,0.0,1.0,0.3296636466442523,0
751,Kepler-754 b,0.0,1.0,0.32966203201353317,0
752,TOI-2141 b,0.0,1.0,0.32965834634239044,0
753,Kepler-50 c,0.0,1.0,0.3296367745042855,0
754,HD 107148 c,0.0,1.0,0.32963266173712014,0
755,HD 177830 b,0.002116050808314088,0.9129750558115921,0.3296246673206469,0
756,HD 224693 b,0.0,1.0,0.3296226862415944,0
757,HD 37605 b,0.0,1.0,0.3295570495415081,0
758,Kepler-887 b,0.0,1.0,0.3295303360776599,0
759,K2-405 b,0.002061855670103092,0.9152038911777212,0.3295176837366786,0
760,K2-181 b,0.0,1.0,0.32951403383166833,0
761,HD 15337 c,0.0,1.0,0.3294861531243225,0
762,K2-388 b,0.0,1.0,0.32947477963816596,0
763,Kepler-223 e,0.0,1.0,0.32946573370379206,0
764,Kepler-804 c,0.0,1.0,0.3294617245867726,0
765,OGLE-2012-BLG-0406L b,0.0,1.0,0.3294604365083603,0
766,Kepler-390 b,0.0,1.0,0.329437618890427,0
767,Kepler-1121 b,0.0,1.0,0.3293775689616866,0
768,HD 219134 c,0.0,1.0,0.32937459862468,0
769,Kepler-103 b,0.0,1.0,0.32937030033129394,0
770,Kepler-544 b,0.0,1.0,0.32934104873023373,0
771,Kepler-595 b,0.0,1.0,0.32925999934137207,0
772,K2-163 b,0.0,1.0,0.32921941599415494,0
773,Kepler-508 b,0.0,1.0,0.32917366238597745,0
774,Kepler-1558 b,0.0,1.0,0.32914749861322157,0
775,Kepler-1358 b,0.0,1.0,0.3291201589510433,0
776,14 And b,0.004749627443069128,0.8620377997078081,0.3291128471750582,0
777,Kepler-1245 c,0.0,1.0,0.32907225301177334,0
778,Kepler-1933 b,0.0,1.0,0.32906472585173285,0
779,Kepler-393 b,0.0,1.0,0.3290604071773542,0
780,Kepler-1370 b,0.0,1.0,0.3290523561138125,0
781,Kepler-59 b,0.0,1.0,0.329022532667528,0
782,Kepler-218 b,0.0021681415929203545,0.9108327643291384,0.32899923775163903,0
783,Kepler-778 b,0.0,1.0,0.32888224939442917,0
784,HD 92788 c,0.0,1.0,0.3288813301421779,0
785,OGLE-2013-BLG-1761L b,0.0,1.0,0.32887188394559896,0
786,HD 20781 b,0.0,1.0,0.32885019036497876,0
787,Kepler-1332 b,0.0,1.0,0.3287951452966068,0
788,Kepler-1400 b,0.0,1.0,0.32872356764617894,0
789,Kepler-1841 b,0.0,1.0,0.32870611028578334,0
790,WASP-43 b,0.0,1.0,0.3286770306981322,0
791,Kepler-114 c,0.0,1.0,0.3286741636527579,0
792,KOI-984 b,0.0,1.0,0.3286089940623143,0
793,Kepler-638 b,0.0,1.0,0.3286087184318092,0
794,Kepler-400 c,0.0,1.0,0.328513917236699,0
795,Kepler-1103 b,0.0,1.0,0.32851111498021657,0
796,Kepler-1693 b,0.0,1.0,0.3284706214789931,0
797,HATS-41 b,0.0,1.0,0.3284592793295031,0
798,Kepler-1988 b,0.0,1.0,0.3284287566049062,0
799,Kepler-257 c,0.0,1.0,0.3284204937645778,0
800,Kepler-167 c,0.0,1.0,0.32840759201998737,0
801,Kepler-707 b,0.0,1.0,0.3283972174745094,0
802,Kepler-400 b,0.0,1.0,0.328371411635623,0
803,K2-139 b,0.0,1.0,0.328353334111511,0
804,KOI-3680 b,0.0,1.0,0.32832587763196674,0
805,Kepler-172 d,0.0,1.0,0.3282916547057549,0
806,HATS-44 b,0.0,1.0,0.3282643425656009,0
807,Kepler-258 b,0.0,1.0,0.328221172208746,0
808,Kepler-46 b,0.0,1.0,0.3282203249735165,0
809,HD 183263 b,0.0,1.0,0.32821946877532404,0
810,Kepler-601 b,0.0,1.0,0.3281812000780511,0
811,MOA-2020-BLG-208L b,0.0,1.0,0.3281638592368107,0
812,Kepler-396 b,0.0,1.0,0.3280943155164757,0
813,HD 207496 b,0.0,1.0,0.32808722500213405,0
814,Kepler-183 c,0.0,1.0,0.3280814844555581,0
815,OGLE-2012-BLG-0026L b,0.0,1.0,0.32805908482500645,0
816,K2-407 b,0.0,1.0,0.32805558447447025,0
817,K2-281 b,0.002051485703606802,0.9156303675893598,0.3279834571061083,0
818,Kepler-292 c,0.0,1.0,0.3279771555092651,0
819,HD 240210 b,0.0,1.0,0.3279497352545918,0
820,Kepler-903 b,0.0,1.0,0.3279303708076196,0
821,HD 74698 b,0.0,1.0,0.3279065160969936,0
822,Kepler-770 d,0.0,1.0,0.327894751576128,0
823,TOI-2373 b,0.0,1.0,0.3278321132014457,0
824,Kepler-968 b,0.0,1.0,0.3278222459072033,0
825,Kepler-1210 b,0.0,1.0,0.3278197217960658,0
826,EPIC 211945201 b,0.0,1.0,0.32780412881682114,0
827,Kepler-1664 b,0.0,1.0,0.32779311525047927,0
828,HD 73267 b,0.0,1.0,0.3277734448262358,0
829,HD 122562 c,0.0,1.0,0.32776289096286826,0
830,Kepler-1576 b,0.0,1.0,0.3277596025930555,0
831,Kepler-206 b,0.0,1.0,0.3277540537201741,0
832,Kepler-1169 b,0.0,1.0,0.32775362776125994,0
833,Kepler-181 b,0.0,1.0,0.32775141370808036,0
834,Kepler-1117 b,0.0,1.0,0.32771710586212044,0
835,WASP-132 b,0.0,1.0,0.3277077330188146,0
836,Kepler-1804 b,0.0,1.0,0.3276751228845224,0
837,HD 38801 b,0.0,1.0,0.3276590406100873,0
838,EPIC 212297394 b,0.0,1.0,0.32764231196809046,0
839,Kepler-631 b,0.0,1.0,0.32761283450126677,0
840,K2-223 c,0.0,1.0,0.32760757299541055,0
841,Kepler-1008 b,0.0,1.0,0.3275835435876392,0
842,TOI-628 b,0.0,1.0,0.3275797773026999,0
843,Kepler-1553 b,0.0,1.0,0.3275627206360814,0
844,K2-219 d,0.0,1.0,0.32749917106921456,0
845,Kepler-1572 b,0.0,1.0,0.3274674740379728,0
846,OGLE-2018-BLG-0298L b,0.0,1.0,0.3274642037819029,0
847,TOI-1298 b,0.0,1.0,0.32742229733134287,0
848,Kepler-1136 b,0.0,1.0,0.3273133897197572,0
849,Kepler-154 f,0.0,1.0,0.32729385563395663,0
850,K2-32 e,0.0,1.0,0.3272825816077594,0
851,Kepler-221 b,0.0,1.0,0.32726756051366745,0
852,Kepler-1365 b,0.0,1.0,0.3272576647677991,0
853,Kepler-318 c,0.0,1.0,0.32722966392731734,0
854,HD 181433 b,0.0021079185085527584,0.9133095056887282,0.32718069297407537,0
855,HAT-P-61 b,0.0,1.0,0.32716926168247196,0
856,Kepler-200 c,0.0,1.0,0.3271616734484818,0
857,Kepler-1542 d,0.0,1.0,0.32712526282199095,0
858,WASP-106 b,0.0,1.0,0.32711257408751415,0
859,KMT-2016-BLG-2397L b,0.0,1.0,0.3271062270395242,0
860,Kepler-219 c,0.0,1.0,0.3270418440346887,0
861,Kepler-107 b,0.0,1.0,0.32697302302663656,0
862,HD 75898 b,0.0,1.0,0.32694697357976765,0
863,Kepler-678 b,0.0,1.0,0.32693171151769296,0
864,HAT-P-27 b,0.0,1.0,0.32681442193842236,0
865,Kepler-139 b,0.0,1.0,0.3267755546288744,0
866,HD 190360 c,0.0,1.0,0.3267375085818592,0
867,Kepler-806 b,0.0,1.0,0.32673290948660627,0
868,HD 154088 b,0.0,1.0,0.32672875367458787,0
869,HD 3167 d,0.0,1.0,0.32670060518419464,0
870,TOI-4791 b,0.0,1.0,0.3266825985810987,0
871,Kepler-1017 b,0.0,1.0,0.32668253730155977,0
872,OGLE-2003-BLG-235L b,0.0,1.0,0.3266648125867878,0
873,MOA-2009-BLG-387L b,0.0,1.0,0.3266648125867878,0
874,Kepler-1541 b,0.0,1.0,0.3266580199594822,0
875,Kepler-1295 b,0.0,1.0,0.32662467104378734,0
876,TOI-4127 b,0.0,1.0,0.32660103070252544,0
877,Kepler-982 b,0.0,1.0,0.3265881557121628,0
878,Kepler-373 b,0.0,1.0,0.3265503593187298,0
879,Kepler-603 d,0.0,1.0,0.32652291323898863,0
880,Kepler-1643 b,0.0,1.0,0.3264513683435314,0
881,K2-37 b,0.0,1.0,0.32645030812364306,0
882,Kepler-179 b,0.0,1.0,0.32642388445594234,0
883,K2-179 b,0.0,1.0,0.32641782373916906,0
884,Kepler-336 c,0.002309503872723466,0.9050190832672869,0.32640885561014643,0
885,HD 105618 b,0.0,1.0,0.32636121208266944,0
886,HD 181342 b,0.0,1.0,0.32632627854091567,0
887,Kepler-255 c,0.0,1.0,0.3263098951547433,0
888,Kepler-923 b,0.0,1.0,0.32623129874633594,0
889,K2-395 b,0.0,1.0,0.3262245374145624,0
890,Kepler-1059 b,0.0,1.0,0.3261214993165613,0
891,Kepler-866 b,0.0,1.0,0.3261079186013458,0
892,Kepler-36 b,0.0,1.0,0.32609251631492664,0
893,Kepler-1123 b,0.0,1.0,0.3260842576738242,0
894,KOI-7368 b,0.0,1.0,0.32607692237171915,0
895,Kepler-1209 b,0.0,1.0,0.32606252725374574,0
896,Kepler-1156 b,0.0,1.0,0.32605910961925455,0
897,Kepler-1076 b,0.0,1.0,0.32599606291850663,0
898,HD 1461 c,0.0,1.0,0.32596141365814446,0
899,Kepler-389 c,0.0,1.0,0.32595229405828563,0
900,Kepler-673 b,0.0,1.0,0.3259390336535435,0
901,Kepler-261 b,0.0,1.0,0.3259319719766748,0
902,Kepler-589 c,0.0,1.0,0.3259074551963601,0
903,Kepler-1481 b,0.002142579264734487,0.9118840435209997,0.3258804267502131,0
904,Kepler-721 b,0.0,1.0,0.32584864834849014,0
905,HD 215152 c,0.0,1.0,0.32584607581180103,0
906,Kepler-1983 b,0.0,1.0,0.32582155706259264,0
907,K2-138 c,0.0,1.0,0.32581823579995783,0
908,K2-215 b,0.0,1.0,0.3258133104373282,0
909,Kepler-384 b,0.0,1.0,0.3257464898107258,0
910,Kepler-123 c,0.0,1.0,0.32573728779835276,0
911,Kepler-190 b,0.0,1.0,0.3256903260481647,0
912,Kepler-884 b,0.0,1.0,0.32566664513261345,0
913,K2-58 c,0.0,1.0,0.3256623256574603,0
914,Kepler-475 b,0.004307618208252459,0.874860617108276,0.32564350155984656,0
915,Kepler-347 c,0.0,1.0,0.3256262295979431,0
916,Kepler-968 c,0.0,1.0,0.3256223093400197,0
917,Kepler-100 d,0.0,1.0,0.32557671040909086,0
918,Kepler-1514 b,0.007135238800617244,0.8309945727677395,0.3255515619252487,0
919,Kepler-375 b,0.0,1.0,0.3255433982699022,0
920,Kepler-515 b,0.0,1.0,0.3255299700820721,0
921,Kepler-304 e,0.0,1.0,0.32546498068045715,0
922,KMT-2019-BLG-1715L b,0.0,1.0,0.3254612762843136,0
923,WASP-145 A b,0.002051485703606802,0.9156303675893598,0.32544995195886517,0
924,HD 46375 b,0.0,1.0,0.32543951082909794,0
925,HD 142245 b,0.0,1.0,0.3254313700408007,0
926,Kepler-1911 b,0.0,1.0,0.3253445507442805,0
927,Kepler-1391 b,0.0,1.0,0.3252832429100847,0
928,Kepler-1108 b,0.0,1.0,0.32528307994176514,0
929,Kepler-514 b,0.0,1.0,0.32528041477602776,0
930,Kepler-499 b,0.0,1.0,0.3252747225690269,0
931,Kepler-1221 b,0.0,1.0,0.3251921064533705,0
932,HD 176986 b,0.0,1.0,0.32513915165591956,0
933,Kepler-386 c,0.0,1.0,0.3251145444401309,0
934,Kepler-605 b,0.0,1.0,0.3250937870107914,0
935,Kepler-366 c,0.0,1.0,0.3250936519447958,0
936,Kepler-1614 b,0.0,1.0,0.32508985016188485,0
937,Kepler-75 b,0.0,1.0,0.3250836571301702,0
938,TOI-2000 b,0.0,1.0,0.32502626250354194,0
939,K2-75 b,0.0,1.0,0.32501985332768185,0
940,HD 75302 b,0.0,1.0,0.32498032293838397,0
941,Kepler-1602 b,0.0,1.0,0.3249732180868783,0
942,OGLE-2015-BLG-1649L b,0.0,1.0,0.32497272473572547,0
943,Kepler-334 c,0.0,1.0,0.3249209622197415,0
944,Kepler-855 b,0.0,1.0,0.32488465146789847,0
945,Kepler-1610 b,0.0,1.0,0.32487831487976815,0
946,Kepler-92 d,0.002292947181998125,0.9056999955973019,0.3248203231509883,0
947,Kepler-1071 b,0.0,1.0,0.3248091007623558,0
948,Kepler-647 b,0.0,1.0,0.3247917580751105,0
949,Kepler-1157 b,0.002179144385026738,0.91038026226009,0.32475055656964913,0
950,K2-138 e,0.0,1.0,0.3247001885610503,0
951,Kepler-1146 b,0.0,1.0,0.32469525954133516,0
952,Kepler-489 b,0.0,1.0,0.32467137270652424,0
953,Kepler-1336 c,0.0,1.0,0.32465887316738123,0
954,HD 147018 c,0.0,1.0,0.32465251680369933,0
955,HIP 29442 b,0.0,1.0,0.3246308684443314,0
956,Kepler-1929 b,0.0,1.0,0.32462782310799954,0
957,Kepler-603 b,0.0,1.0,0.32460609128995555,0
958,Kepler-238 c,0.0,1.0,0.32459299966598965,0
959,HIP 105854 b,0.007135238800617244,0.8309945727677395,0.3245751778257071,0
960,Kepler-224 b,0.0,1.0,0.32455212384487986,0
961,Kepler-1401 b,0.0,1.0,0.32455080090447197,0
962,Kepler-526 b,0.0,1.0,0.32451388655573277,0
963,KPS-1 b,0.0,1.0,0.32437814642042784,0
964,Kepler-300 b,0.0,1.0,0.32437245568275463,0
965,Kepler-1631 b,0.0,1.0,0.32435611383475615,0
966,TOI-5704 b,0.002051485703606802,0.9156303675893598,0.3243437013261279,0
967,Kepler-663 b,0.0,1.0,0.32434130713569165,0
968,Kepler-1468 b,0.0,1.0,0.32432142548948706,0
969,Kepler-960 b,0.0,1.0,0.3243198135872951,0
970,Kepler-273 b,0.0,1.0,0.3243110038506495,0
971,Kepler-208 e,0.0,1.0,0.32430668825515957,0
972,Kepler-1497 b,0.0,1.0,0.32427679993741254,0
973,Kepler-372 b,0.0,1.0,0.32425614922800805,0
974,WASP-42 b,0.0,1.0,0.3242532749971977,0
975,HD 28109 b,0.0,1.0,0.32419481986472154,0
976,HD 32518 b,0.0,1.0,0.32414689496218346,0
977,Kepler-1130 b,0.0,1.0,0.3241310642710311,0
978,Kepler-1585 b,0.0,1.0,0.324113396397643,0
979,HD 211403 b,0.007135238800617244,0.8309945727677395,0.32411072709231814,0
980,WASP-144 b,0.0,1.0,0.32408512709968146,0
981,Kepler-635 b,0.002333711530279393,0.9040235164125305,0.3240838484578422,0
982,Kepler-1004 b,0.0,1.0,0.3240757068248187,0
983,Kepler-760 c,0.0,1.0,0.32406326714048717,0
984,Kepler-1485 b,0.0,1.0,0.3240414328620588,0
985,Kepler-136 c,0.0,1.0,0.3240411300520998,0
986,K2-219 b,0.0,1.0,0.32403717037309765,0
987,Kepler-1555 b,0.0,1.0,0.32400978266246316,0
988,WASP-23 b,0.0,1.0,0.3239757884694858,0
989,Kepler-1431 b,0.0,1.0,0.32395478618537477,0
990,Kepler-1041 b,0.0,1.0,0.3239291125737108,0
991,HD 217107 b,0.0,1.0,0.3238324085394535,0
992,Kepler-534 c,0.0,1.0,0.3237790925669606,0
993,Kepler-764 b,0.0,1.0,0.32375765003697676,0
994,EPIC 201497682 b,0.0,1.0,0.32374048788014737,0
995,EPIC 206317286 b,0.0,1.0,0.3237386564179731,0
996,Kepler-343 b,0.0,1.0,0.3237373940471582,0
997,Kepler-1471 c,0.0,1.0,0.32369496009557397,0
998,HD 180053 b,0.0,1.0,0.3236720970801369,0
999,Kepler-341 c,0.0,1.0,0.3236520779054254,0
1000,K2-333 b,0.0,1.0,0.3236386265112353,0
1001,HD 68988 b,0.0,1.0,0.3236295649296712,0
1002,HATS-74 A b,0.0,1.0,0.3236089227343846,0
1003,Kepler-286 d,0.0,1.0,0.32357550249540756,0
1004,Kepler-1470 b,0.0,1.0,0.32355049004020153,0
1005,KOI-351 g,0.0,1.0,0.32354308116797126,0
1006,Kepler-318 b,0.0,1.0,0.323507650934468,0
1007,K2-75 c,0.002333711530279393,0.9040235164125305,0.3233401383419927,0
1008,HAT-P-19 b,0.0,1.0,0.3233184944461187,0
1009,Kepler-332 b,0.0,1.0,0.32331143073111523,0
1010,Kepler-117 c,0.0,1.0,0.32327628063064695,0
1011,bet UMi b,0.0,1.0,0.3232730235388973,0
1012,Kepler-652 b,0.0,1.0,0.3232573763493384,0
1013,Kepler-1130 d,0.0,1.0,0.3232245074570347,0
1014,TOI-4010 b,0.0,1.0,0.3232191645116461,0
1015,Kepler-82 e,0.0022076228686058173,0.9092090529326473,0.3231837839202916,0
1016,K2-198 d,0.0,1.0,0.3231707428355489,0
1017,Kepler-58 c,0.0,1.0,0.3231637238713956,0
1018,Kepler-542 b,0.0,1.0,0.3231440562212805,0
1019,Kepler-361 b,0.0,1.0,0.32313951465454144,0
1020,HD 99492 b,0.002061855670103092,0.9152038911777212,0.3231360174042047,0
1021,Kepler-399 b,0.0,1.0,0.32312095538431884,0
1022,Kepler-583 b,0.0,1.0,0.3230861969032698,0
1023,Kepler-1047 c,0.0,1.0,0.3230756728529487,0
1024,HIP 97166 c,0.0,1.0,0.3230632448937245,0
1025,BD+20 274 b,0.0,1.0,0.3230486169290659,0
1026,Kepler-1180 b,0.0,1.0,0.32303012396119346,0
1027,Kepler-553 b,0.0021996996996997,0.9095349020706455,0.32297001637868217,0
1028,Kepler-1783 b,0.0,1.0,0.3229665028957455,0
1029,Kepler-1534 b,0.0,1.0,0.32292748423779905,0
1030,Kepler-311 c,0.0,1.0,0.3228865895992541,0
1031,Kepler-162 b,0.0,1.0,0.32285486154967125,0
1032,K2-84 b,0.0,1.0,0.32284259004720295,0
1033,HD 156668 b,0.0,1.0,0.3227630713750398,0
1034,Kepler-1977 b,0.0,1.0,0.32275670322576655,0
1035,Kepler-1747 b,0.0021996996996997,0.9095349020706455,0.32274428032840163,0
1036,Kepler-1424 b,0.0,1.0,0.3227413376983067,0
1037,Kepler-330 c,0.0,1.0,0.322736661439576,0
1038,HD 87883 b,0.01035193012907545,0.8102354606862116,0.3226746860809026,0
1039,Kepler-1584 b,0.0,1.0,0.32266754096506783,0
1040,Kepler-1768 b,0.0,1.0,0.3226583048941153,0
1041,KOI-142 b,0.0,1.0,0.3226512701661066,0
1042,KMT-2021-BLG-0712L b,0.0,1.0,0.32256617306103197,0
1043,Kepler-792 b,0.0,1.0,0.32256497701486964,0
1044,KMT-2021-BLG-1554L b,0.0,1.0,0.3225082198314143,0
1045,Kepler-27 d,0.0021996996996997,0.9095349020706455,0.32250802670298895,0
1046,Kepler-1683 b,0.0,1.0,0.32248790237547154,0
1047,Kepler-885 b,0.0,1.0,0.3224787773646407,0
1048,HD 63935 b,0.0,1.0,0.32238510954653027,0
1049,Kepler-831 b,0.0,1.0,0.3223818910807582,0
1050,HD 141004 b,0.0,1.0,0.32234916529642826,0
1051,Kepler-1695 b,0.0,1.0,0.322333454619932,0
1052,K2-393 b,0.0,1.0,0.32226858116024376,0
1053,Kepler-1390 b,0.0,1.0,0.3222585782219519,0
1054,HD 235088 b,0.0,1.0,0.322252834350541,0
1055,Kepler-245 b,0.0,1.0,0.3222207654519943,0
1056,TOI-1052 c,0.0,1.0,0.3221898311709245,0
1057,Kepler-288 b,0.0,1.0,0.3221788750348007,0
1058,PSR B1620-26 b,0.0,1.0,0.32210542380833473,0
1059,Kepler-1130 c,0.0,1.0,0.32209651024381547,0
1060,K2-199 b,0.0,1.0,0.3220676996690768,0
1061,Kepler-165 b,0.0,1.0,0.3220577796195408,0
1062,K2-285 c,0.0,1.0,0.3220414063389741,0
1063,Kepler-1488 c,0.0,1.0,0.32201908745856134,0
1064,K2-411 b,0.0,1.0,0.3219675433728324,0
1065,Kepler-338 d,0.0,1.0,0.3219138910984348,0
1066,Kepler-1782 b,0.0,1.0,0.3218907433674293,0
1067,TOI-733 b,0.0,1.0,0.32188455097708,0
1068,TOI-1062 c,0.0,1.0,0.32186989239095715,0
1069,Kepler-1015 b,0.0,1.0,0.3218025554035393,0
1070,Kepler-625 b,0.0,1.0,0.3217738000840726,0
1071,Kepler-1178 b,0.0,1.0,0.32170990220710494,0
1072,OGLE-2019-BLG-1492L b,0.0,1.0,0.3216961746991501,0
1073,K2-35 b,0.002142579264734487,0.9118840435209997,0.3216794642230181,0
1074,HD 18742 b,0.0,1.0,0.3216684693634821,0
1075,Kepler-1829 b,0.0,1.0,0.32160878572192586,0
1076,K2-165 b,0.0,1.0,0.3216005874488076,0
1077,K2-187 c,0.0,1.0,0.32156537151973563,0
1078,HIP 29442 d,0.0,1.0,0.32155303321202444,0
1079,Kepler-1053 b,0.004452083608942982,0.8702072320122286,0.32155027142349146,0
1080,Kepler-1622 b,0.0,1.0,0.32153801995938125,0
1081,Kepler-403 b,0.0,1.0,0.3215360801217421,0
1082,Kepler-1005 b,0.0,1.0,0.32152625504759225,0
1083,Kepler-1825 b,0.0,1.0,0.32151558171573025,0
1084,Kepler-256 e,0.0,1.0,0.32151254123397643,0
1085,TOI-411 c,0.0,1.0,0.32146932664934624,0
1086,HD 40979 b,0.011866083420701052,0.7828074090648511,0.3214302064106941,0
1087,Kepler-192 c,0.0,1.0,0.3213754789537864,0
1088,TOI-5803 b,0.0,1.0,0.3213627311663846,0
1089,Kepler-313 c,0.0,1.0,0.321318194372396,0
1090,Kepler-269 c,0.0,1.0,0.32131359660540715,0
1091,Kepler-1869 b,0.0,1.0,0.32130532985269844,0
1092,Kepler-1688 b,0.0,1.0,0.3212642154605333,0
1093,Kepler-1432 b,0.0,1.0,0.3212438256257068,0
1094,Kepler-345 c,0.0,1.0,0.32121968102207543,0
1095,Kepler-2001 c,0.0,1.0,0.3212107009487247,0
1096,Kepler-237 c,0.0,1.0,0.3212007823052846,0
1097,TOI-2202 b,0.0,1.0,0.3211724066034045,0
1098,TOI-1420 b,0.0,1.0,0.32115031953699247,0
1099,OGLE-2012-BLG-0838L b,0.0,1.0,0.3211423874973319,0
1100,HD 233604 b,0.007147364605819346,0.8307047744054891,0.32113348450875046,0
1101,Kepler-80 e,0.002142579264734487,0.9118840435209997,0.3211197705251754,0
1102,Kepler-1607 b,0.0,1.0,0.3211172093365382,0
1103,WASP-84 b,0.0,1.0,0.3211125390665578,0
1104,Kepler-292 b,0.0,1.0,0.3211073133867869,0
1105,TOI-4641 b,0.0,1.0,0.32109244875433746,0
1106,Kepler-414 b,0.0,1.0,0.3210861903902038,0
1107,Kepler-1894 c,0.0,1.0,0.32106935243763984,0
1108,Kepler-208 d,0.0,1.0,0.3210626537717025,0
1109,Kepler-301 d,0.0,1.0,0.32105754906532524,0
1110,K2-283 b,0.002175286221871299,0.91053893351314,0.3210418593998927,0
1111,Kepler-126 c,0.0,1.0,0.32103752022180465,0
1112,Kepler-356 c,0.0,1.0,0.3210222718136051,0
1113,Kepler-189 b,0.0,1.0,0.32097942869179263,0
1114,Kepler-1562 b,0.0,1.0,0.3209699874491141,0
1115,Kepler-160 c,0.0,1.0,0.32093724623473796,0
1116,K2-287 b,0.0,1.0,0.3209060119541538,0
1117,HD 215152 d,0.0,1.0,0.32085980569242334,0
1118,Kepler-256 d,0.0,1.0,0.320858255831186,0
1119,Kepler-1478 b,0.0,1.0,0.32081764977100635,0
1120,42 Dra b,0.0,1.0,0.32079099378149684,0
1121,Kepler-1473 b,0.0,1.0,0.32078871326389663,0
1122,Kepler-1905 b,0.0,1.0,0.32078164484953636,0
1123,Kepler-270 b,0.0,1.0,0.32077537969423536,0
1124,TOI-125 b,0.0,1.0,0.32076848067068087,0
1125,Kepler-745 b,0.0,1.0,0.3207684015476261,0
1126,Kepler-343 c,0.0,1.0,0.32071756827936637,0
1127,Kepler-1987 d,0.0,1.0,0.3207053336185819,0
1128,Kepler-328 b,0.0,1.0,0.3206987560257498,0
1129,Kepler-181 c,0.0,1.0,0.32069554607802897,0
1130,Kepler-1901 b,0.0,1.0,0.3206892917959191,0
1131,HD 109271 c,0.0,1.0,0.3206195547963072,0
1132,HD 158259 f,0.0,1.0,0.3206088091631365,0
1133,Kepler-1286 b,0.0,1.0,0.3206054330363044,0
1134,Kepler-379 b,0.0,1.0,0.32056884886882353,0
1135,Kepler-149 b,0.0,1.0,0.32051760654586114,0
1136,Kepler-1987 e,0.0,1.0,0.32051672291316946,0
1137,K2-331 b,0.0,1.0,0.3205059525344335,0
1138,Kepler-244 c,0.0,1.0,0.320482676494689,0
1139,Kepler-238 f,0.002333711530279393,0.9040235164125305,0.3204824792265344,0
1140,Kepler-1248 b,0.0022477064220183486,0.9075605721944283,0.3204488207678703,0
1141,Kepler-1452 b,0.0,1.0,0.32044804252727765,0
1142,Kepler-989 b,0.0,1.0,0.3204152252135144,0
1143,K2-170 b,0.0,1.0,0.3204073193333342,0
1144,HD 76920 b,0.002116050808314088,0.9129750558115921,0.32040155582413166,0
1145,Kepler-84 b,0.0,1.0,0.32033112966132715,0
1146,HD 33142 d,0.0,1.0,0.32026799285628826,0
1147,Kepler-55 d,0.0,1.0,0.3202613203439918,0
1148,Kepler-887 c,0.0,1.0,0.3202584294549983,0
1149,Kepler-243 b,0.0,1.0,0.32022886274373696,0
1150,Kepler-376 c,0.0,1.0,0.32022863073515456,0
1151,Kepler-1591 b,0.0,1.0,0.3202088150793374,0
1152,K2-348 c,0.0,1.0,0.32017644563415304,0
1153,Kepler-1564 b,0.0,1.0,0.3201541470786018,0
1154,Kepler-1223 b,0.0,1.0,0.32011248301501183,0
1155,Kepler-1422 b,0.0,1.0,0.3201057757481006,0
1156,Kepler-821 b,0.0,1.0,0.3200873896358176,0
1157,HD 1502 b,0.0,1.0,0.3200770967758959,0
1158,Kepler-401 c,0.0,1.0,0.3200606073952873,0
1159,Kepler-305 b,0.0,1.0,0.3200575902177668,0
1160,OGLE-2012-BLG-0950L b,0.0,1.0,0.3200342220878026,0
1161,KMT-2021-BLG-0192L b,0.0,1.0,0.3200180710261518,0
1162,Kepler-467 b,0.0,1.0,0.32000528753393964,0
1163,Kepler-43 b,0.0,1.0,0.31997046066788437,0
1164,K2-122 b,0.0,1.0,0.31996429330689735,0
1165,K2-175 b,0.0,1.0,0.31990057971478103,0
1166,Kepler-1930 b,0.007033211368750109,0.8333453391338181,0.3198895628183652,0
1167,Kepler-943 b,0.0,1.0,0.3198148233763921,0
1168,Kepler-135 c,0.0,1.0,0.3197215276295423,0
1169,HD 108863 b,0.0,1.0,0.31972065191294186,0
1170,Kepler-157 d,0.0,1.0,0.3197141085237225,0
1171,Kepler-248 b,0.0020859478988400847,0.9142130714615895,0.31968266951917024,0
1172,TOI-1670 b,0.002292947181998125,0.9056999955973019,0.31967778975583405,0
1173,Kepler-1114 b,0.0,1.0,0.31966725924705264,0
1174,TOI-1411 b,0.0,1.0,0.3196083130281706,0
1175,Kepler-1276 b,0.0,1.0,0.31959228884630386,0
1176,Kepler-402 e,0.0,1.0,0.31958878255062195,0
1177,Kepler-882 b,0.0,1.0,0.31957533686254624,0
1178,Kepler-336 d,0.002333711530279393,0.9040235164125305,0.3195590786650636,0
1179,Kepler-20 c,0.0,1.0,0.31952373280584134,0
1180,TYC 3318-01333-1 b,0.0,1.0,0.31951719858549393,0
1181,Kepler-494 b,0.0,1.0,0.31949939751705697,0
1182,Kepler-811 b,0.0,1.0,0.3194591502423933,0
1183,Kepler-1064 b,0.0,1.0,0.3194449501183554,0
1184,TOI-2525 b,0.0,1.0,0.31943776773477156,0
1185,Kepler-1440 b,0.004405896407254627,0.8720338917376425,0.3194072016367954,0
1186,K2-375 b,0.0,1.0,0.31934060648290397,0
1187,Kepler-1442 b,0.0,1.0,0.3193364864964615,0
1188,Kepler-170 c,0.0,1.0,0.31933492956496834,0
1189,HD 69123 b,0.0,1.0,0.3193007917248846,0
1190,Kepler-1254 b,0.0,1.0,0.3192815806205188,0
1191,HD 63433 d,0.0,1.0,0.31925507618953736,0
1192,WASP-166 b,0.0,1.0,0.3192534865770565,0
1193,KMT-2017-BLG-0165L b,0.0,1.0,0.31924520724246375,0
1194,Kepler-907 b,0.0,1.0,0.3192304945577782,0
1195,Kepler-835 b,0.0,1.0,0.3192203278204425,0
1196,Kepler-1795 b,0.0,1.0,0.3192138448170646,0
1197,Kepler-1699 b,0.004415848014938703,0.8717247974133211,0.3191903373391003,0
1198,TOI-2207 b,0.0,1.0,0.31917940439904313,0
1199,Kepler-702 b,0.0,1.0,0.3191750922057655,0
1200,Kepler-758 d,0.0,1.0,0.3191606830951276,0
1201,Kepler-206 c,0.0,1.0,0.319152593825219,0
1202,GJ 3222 b,0.0,1.0,0.3191305419296647,0
1203,OGLE-2014-BLG-1722L b,0.0,1.0,0.31911089244912294,0
1204,Kepler-1093 b,0.0,1.0,0.31910316185157606,0
1205,Kepler-1961 b,0.0,1.0,0.3190862361631879,0
1206,MOA-2015-BLG-337L b,0.0,1.0,0.31901846722444827,0
1207,WASP-47 b,0.0,1.0,0.31901706980453365,0
1208,Kepler-212 c,0.0,1.0,0.31899979433283654,0
1209,Kepler-1964 b,0.0,1.0,0.3189755587906158,0
1210,Kepler-927 b,0.0,1.0,0.31895023361546804,0
1211,Kepler-324 e,0.0,1.0,0.31893768061030836,0
1212,Kepler-1605 b,0.006832845354216806,0.8379910442728375,0.3189365234906888,0
1213,alf Tau b,0.0,1.0,0.3189266256742924,0
1214,HD 136352 b,0.0,1.0,0.3189170746303489,0
1215,HD 213472 b,0.0,1.0,0.31890643010469233,0
1216,Kepler-1033 b,0.0,1.0,0.31890237523424325,0
1217,Kepler-1511 b,0.0,1.0,0.3188648671978247,0
1218,K2-190 b,0.0,1.0,0.31885035002219386,0
1219,Kepler-1313 b,0.0,1.0,0.318848928649193,0
1220,Kepler-1290 b,0.0,1.0,0.31884433953403923,0
1221,HD 149026 b,0.0,1.0,0.3187833837545867,0
1222,Kepler-1866 b,0.002309503872723466,0.9050190832672869,0.31871586015195563,0
1223,Kepler-1611 b,0.0,1.0,0.31870694493279883,0
1224,Kepler-84 c,0.0,1.0,0.31870012246206825,0
1225,Kepler-1637 b,0.0,1.0,0.31868046313815596,0
1226,Kepler-1794 b,0.0,1.0,0.31867702515859375,0
1227,Kepler-1491 c,0.0,1.0,0.3186510718141382,0
1228,K2-164 b,0.0,1.0,0.3186373003418965,0
1229,Kepler-936 b,0.0022076228686058173,0.9092090529326473,0.31859321124316914,0
1230,K2-196 b,0.0,1.0,0.3185667207500227,0
1231,Kepler-928 b,0.0,1.0,0.318560956115413,0
1232,K2-183 c,0.0,1.0,0.3185372145615024,0
1233,Kepler-1445 b,0.0,1.0,0.3185031074435058,0
1234,WASP-161 b,0.0,1.0,0.3184451531511971,0
1235,Kepler-1265 b,0.0,1.0,0.31844108903990853,0
1236,HD 76700 b,0.0,1.0,0.3184282072309347,0
1237,Kepler-350 b,0.0,1.0,0.3183778830198806,0
1238,Kepler-33 f,0.0,1.0,0.3183768632710289,0
1239,Kepler-362 c,0.002194878947892797,0.9097331608531352,0.31836333662336336,0
1240,Kepler-1483 b,0.0,1.0,0.31835973474071955,0
1241,Kepler-273 c,0.0,1.0,0.3183339227634654,0
1242,Kepler-1893 b,0.0,1.0,0.31833165375110484,0
1243,Kepler-1590 b,0.0,1.0,0.3183260954008073,0
1244,Kepler-1220 b,0.0,1.0,0.31832037495335375,0
1245,XO-2 S b,0.0,1.0,0.3183163117825903,0
1246,TOI-824 b,0.0,1.0,0.3182530022883384,0
1247,Kepler-1426 b,0.0,1.0,0.31825089354758246,0
1248,Kepler-321 b,0.0,1.0,0.31821613666213644,0
1249,HD 47186 b,0.0,1.0,0.3182141613701225,0
1250,HD 89839 b,0.0,1.0,0.3181810596191439,0
1251,Kepler-1216 b,0.0,1.0,0.3181631825082001,0
1252,K2-226 b,0.0,1.0,0.3181547362947753,0
1253,TOI-942 c,0.0,1.0,0.3181186786485192,0
1254,Kepler-1305 b,0.0,1.0,0.31809580023619477,0
1255,Kepler-1291 b,0.0,1.0,0.3180628747062647,0
1256,Kepler-1370 c,0.0,1.0,0.3180564786746214,0
1257,Kepler-431 c,0.0,1.0,0.3180343828135208,0
1258,K2-335 b,0.0,1.0,0.31803012131436725,0
1259,Kepler-33 e,0.0,1.0,0.31799793144227373,0
1260,TOI-2567 b,0.0,1.0,0.3179459414977508,0
1261,CoRoT-7 c,0.0,1.0,0.31792397691134683,0
1262,K2-166 b,0.0,1.0,0.31791407973238506,0
1263,Kepler-760 b,0.0,1.0,0.3179048744173862,0
1264,KOI-1599.01,0.0,1.0,0.31786184496323666,0
1265,Kepler-911 b,0.0,1.0,0.31785882556081024,0
1266,Kepler-464 b,0.0,1.0,0.3178581293586826,0
1267,Kepler-342 b,0.0,1.0,0.3178530349832659,0
1268,Kepler-244 b,0.0,1.0,0.3178492776715578,0
1269,Kepler-320 c,0.0,1.0,0.31784696680037283,0
1270,Kepler-311 b,0.0,1.0,0.31784670334974363,0
1271,K2-102 b,0.002486175375239815,0.8977532711299987,0.31782786262315554,0
1272,Kepler-1147 b,0.0,1.0,0.3178013591826755,0
1273,Kepler-523 b,0.0,1.0,0.31777249830966636,0
1274,Kepler-969 c,0.004661669866773824,0.8645195338875648,0.31772866811089234,0
1275,TOI-892 b,0.0,1.0,0.3176919042355685,0
1276,GJ 229 A c,0.4726582437860559,0.0009808965530688774,0.31769179130033015,1
1277,K2-8 c,0.0,1.0,0.31769031010887794,0
1278,K2-295 b,0.0,1.0,0.31768016915456143,0
1279,Kepler-385 b,0.0,1.0,0.3176490974116385,0
1280,CoRoTID 223977153 b,0.0,1.0,0.3176012251878151,0
1281,OGLE-2008-BLG-092L b,0.0,1.0,0.3175991273941062,0
1282,Kepler-370 b,0.0,1.0,0.31758585819226004,0
1283,WASP-38 b,0.0,1.0,0.3175533806088442,0
1284,Kepler-328 c,0.0,1.0,0.3175363286495845,0
1285,XO-2 N b,0.0,1.0,0.3175276842240521,0
1286,Kepler-251 b,0.0022076228686058173,0.9092090529326473,0.31752754155271884,0
1287,KMT-2021-BLG-0320L b,0.0,1.0,0.3174868314661965,0
1288,TOI-1478 b,0.0,1.0,0.31739538984062654,0
1289,Kepler-239 b,0.0,1.0,0.31736295183525076,0
1290,Kepler-948 b,0.0,1.0,0.3173293628029745,0
1291,KMT-2021-BLG-0171L b,0.0,1.0,0.31731623177262047,0
1292,Kepler-381 c,0.0,1.0,0.3173104764496037,0
1293,Kepler-402 d,0.0,1.0,0.3173003860448772,0
1294,Kepler-461 b,0.0,1.0,0.3172995430122785,0
1295,Kepler-1689 b,0.0,1.0,0.31729814899555786,0
1296,Kepler-1281 b,0.0,1.0,0.3172956418931657,0
1297,HAT-P-59 b,0.0,1.0,0.3172825153713732,0
1298,Kepler-1717 b,0.0,1.0,0.31725882531824723,0
1299,Kepler-341 b,0.0,1.0,0.3172033340055208,0
1300,55 Cnc e,0.0,1.0,0.3171817550632874,0
1301,Kepler-1213 b,0.0,1.0,0.3171575496825608,0
1302,Kepler-301 b,0.0,1.0,0.3171493531733338,0
1303,Kepler-946 b,0.0,1.0,0.3171326996880151,0
1304,Kepler-116 c,0.0,1.0,0.31713150907190635,0
1305,Kepler-348 b,0.0,1.0,0.3171223364905658,0
1306,Kepler-304 c,0.0,1.0,0.3170771637659186,0
1307,HD 63433 b,0.0,1.0,0.3170566933225797,0
1308,Kepler-416 c,0.0,1.0,0.31705605381893953,0
1309,Kepler-20 e,0.0,1.0,0.3170529286011522,0
1310,HR 5183 b,0.0,1.0,0.3170092324681971,0
1311,Kepler-1240 b,0.0,1.0,0.3169931285437422,0
1312,Kepler-1047 b,0.007014756904979143,0.833848393410937,0.31696154157345535,0
1313,Kepler-374 d,0.0,1.0,0.31696127146714037,0
1314,Kepler-1846 b,0.0,1.0,0.3169591552127452,0
1315,Kepler-55 e,0.0,1.0,0.3169149405416447,0
1316,Kepler-180 b,0.0,1.0,0.3168978516479744,0
1317,HD 109271 b,0.0,1.0,0.3168853457822355,0
1318,Kepler-68 c,0.0,1.0,0.31687617028539616,0
1319,Kepler-784 c,0.0,1.0,0.3168758074593482,0
1320,Kepler-1542 e,0.0,1.0,0.31686836405225627,0
1321,WASP-141 b,0.0,1.0,0.3168656381780647,0
1322,WASP-83 b,0.0,1.0,0.3168384558273706,0
1323,TOI-2525 c,0.0,1.0,0.3168161563741541,0
1324,Kepler-1617 b,0.0,1.0,0.31681240678841005,0
1325,HD 160691 e,0.009473715514634518,0.805875253366023,0.3167097261821112,0
1326,Kepler-1206 b,0.0,1.0,0.3166638497918816,0
1327,K2-81 b,0.0,1.0,0.31661076873989,0
1328,Kepler-148 b,0.0,1.0,0.31660574953739273,0
1329,Kepler-746 b,0.0022076228686058173,0.9092090529326473,0.3165902773290029,0
1330,HD 151450 c,0.0,1.0,0.31652724479382,0
1331,Kepler-399 c,0.0,1.0,0.3165237337256903,0
1332,Kepler-85 b,0.0,1.0,0.316505729930111,0
1333,Kepler-271 c,0.0,1.0,0.3164938124139651,0
1334,Kepler-104 b,0.0,1.0,0.31647781942612524,0
1335,Kepler-1194 b,0.0,1.0,0.31643312217252784,0
1336,Kepler-59 c,0.0,1.0,0.3164241888000011,0
1337,Kepler-783 b,0.0,1.0,0.3164100815133397,0
1338,Kepler-208 c,0.0,1.0,0.31640366511726403,0
1339,Kepler-364 b,0.0,1.0,0.31640153566533885,0
1340,K2-187 d,0.0,1.0,0.3163876756751374,0
1341,Kepler-771 b,0.0,1.0,0.31636240675345406,0
1342,Kepler-1799 b,0.0,1.0,0.3163608489293115,0
1343,HD 1461 b,0.0,1.0,0.3163207776804983,0
1344,Kepler-830 b,0.0,1.0,0.3163066382633518,0
1345,Kepler-1985 b,0.0,1.0,0.3163062885275921,0
1346,Kepler-1174 b,0.0,1.0,0.3162655507955908,0
1347,Kepler-1994 b,0.0,1.0,0.31625126857503394,0
1348,Kepler-1011 b,0.0,1.0,0.3162280390551341,0
1349,Kepler-839 b,0.002333711530279393,0.9040235164125305,0.3162074705178953,0
1350,Kepler-1471 b,0.0,1.0,0.31617822927093475,0
1351,Kepler-191 d,0.0,1.0,0.3161717646353295,0
1352,K2-396 c,0.0,1.0,0.3161579716085579,0
1353,Kepler-247 c,0.0,1.0,0.31615227023299874,0
1354,Kepler-200 b,0.0,1.0,0.3161480807090685,0
1355,TOI-5126 c,0.0,1.0,0.3161070105075683,0
1356,Kepler-1073 d,0.0,1.0,0.3160944517211275,0
1357,K2-263 b,0.0,1.0,0.31607405583033477,0
1358,MOA-2011-BLG-028L b,0.0,1.0,0.31606205211321525,0
1359,Kepler-1105 b,0.0,1.0,0.3160587699271462,0
1360,Kepler-816 b,0.0,1.0,0.31604516451016096,0
1361,Kepler-248 c,0.0,1.0,0.3159984370525667,0
1362,Kepler-537 b,0.0022477064220183486,0.9075605721944283,0.3159933835955341,0
1363,KMT-2019-BLG-1216L b,0.0,1.0,0.31597389968537204,0
1364,Kepler-167 d,0.0,1.0,0.31594764067388537,0
1365,HIP 57274 b,0.0,1.0,0.3159014117187138,0
1366,Kepler-1479 b,0.0,1.0,0.3158848684213689,0
1367,Kepler-957 b,0.004229113004223982,0.8771309334645456,0.3158820775172204,0
1368,Kepler-68 b,0.0,1.0,0.31585832920891416,0
1369,Kepler-547 b,0.0,1.0,0.31585395691454277,0
1370,Kepler-1289 b,0.0,1.0,0.3158459535298832,0
1371,Kepler-1556 b,0.0,1.0,0.31582532856975576,0
1372,HD 168863 b,0.004178372680407025,0.8783143761903658,0.3158206563300521,0
1373,KMT-2018-BLG-1976L b,0.0,1.0,0.31567506423638714,0
1374,Kepler-1315 b,0.0,1.0,0.31567169231843306,0
1375,TOI-763 c,0.0,1.0,0.3156586639198259,0
1376,Kepler-270 c,0.0,1.0,0.3156538144145712,0
1377,Kepler-736 b,0.0,1.0,0.3156112078855514,0
1378,MOA-2012-BLG-006L b,0.0,1.0,0.31560051086178975,0
1379,K2-58 b,0.0,1.0,0.3156000788624569,0
1380,Kepler-53 d,0.0,1.0,0.31556916419503034,0
1381,Kepler-1347 b,0.0,1.0,0.3155639108803965,0
1382,Kepler-1501 b,0.0,1.0,0.3155626098861646,0
1383,K2-66 b,0.0,1.0,0.3155370561213946,0
1384,HD 100655 b,0.0,1.0,0.3155046571112362,0
1385,Kepler-1773 b,0.0,1.0,0.31549987719545325,0
1386,Kepler-30 c,0.0,1.0,0.31549491218024384,0
1387,CoRoT-7 d,0.0,1.0,0.3154867202883791,0
1388,Kepler-1733 b,0.0,1.0,0.31548532576366717,0
1389,Kepler-342 c,0.0,1.0,0.3154807830229749,0
1390,Kepler-1619 b,0.0,1.0,0.31546932669292727,0
1391,Kepler-1421 b,0.0,1.0,0.31546223607052093,0
1392,Kepler-352 b,0.0,1.0,0.3154600797357866,0
1393,K2-209 b,0.0,1.0,0.315448181550009,0
1394,Kepler-206 d,0.0,1.0,0.3154182718669535,0
1395,Kepler-264 b,0.0,1.0,0.3154128680247956,0
1396,Kepler-1088 b,0.0,1.0,0.31535036617886014,0
1397,Kepler-223 c,0.0,1.0,0.31534710728256937,0
1398,Kepler-789 b,0.0,1.0,0.3153453615889402,0
1399,Kepler-126 b,0.0,1.0,0.3153411833887996,0
1400,81 Cet b,0.0,1.0,0.31533566098924415,0
1401,NGTS-8 b,0.0,1.0,0.3153316445241182,0
1402,HD 153557 b,0.0,1.0,0.31532631839758896,0
1403,Kepler-282 b,0.0,1.0,0.315320880046267,0
1404,Kepler-1127 b,0.0,1.0,0.3153063185189166,0
1405,TOI-132 b,0.0,1.0,0.31529457824115836,0
1406,HD 110113 c,0.0,1.0,0.3152836870699165,0
1407,KMT-2016-BLG-1836L b,0.0,1.0,0.3152719518351908,0
1408,Kepler-261 c,0.0,1.0,0.3152177216555581,0
1409,OGLE-2019-BLG-1470L AB c,0.0,1.0,0.31521577385662736,0
1410,Kepler-351 d,0.40478990994299585,0.023373292284776803,0.31516224209320076,0
1411,Kepler-219 b,0.0,1.0,0.3151491380741505,0
1412,EPIC 201754305 d,0.0,1.0,0.31514891874226236,0
1413,Kepler-275 c,0.0,1.0,0.315129960166038,0
1414,Kepler-357 c,0.0,1.0,0.31512319616584733,0
1415,HD 140901 b,0.0,1.0,0.3151153520240739,0
1416,Kepler-783 c,0.0,1.0,0.3151130257650604,0
1417,Kepler-1019 b,0.0,1.0,0.31504893802170464,0
1418,Kepler-430 b,0.0,1.0,0.3149992349253883,0
1419,Kepler-768 b,0.0,1.0,0.3149950089500061,0
1420,HD 144899 b,0.0,1.0,0.3149848261232384,0
1421,Kepler-119 c,0.0,1.0,0.31496960918839795,0
1422,Kepler-1138 b,0.0,1.0,0.3149578477038627,0
1423,OGLE-2011-BLG-0173L b,0.0,1.0,0.31486938198522163,0
1424,KMT-2018-BLG-0748L b,0.0,1.0,0.31486938198522163,0
1425,Kepler-1039 b,0.0,1.0,0.3148693106792061,0
1426,Kepler-1062 b,0.0,1.0,0.3148668002986935,0
1427,K2-386 b,0.0,1.0,0.31481520460792733,0
1428,K2-351 b,0.0,1.0,0.31478674377822013,0
1429,Kepler-1525 b,0.0,1.0,0.3147861760477344,0
1430,Kepler-307 c,0.0,1.0,0.31478038989884116,0
1431,Kepler-1476 b,0.0,1.0,0.3147230403277014,0
1432,Kepler-1287 b,0.0,1.0,0.3147210416343471,0
1433,Kepler-390 c,0.0,1.0,0.3146957599600383,0
1434,Kepler-1188 b,0.002309503872723466,0.9050190832672869,0.3146534273470293,0
1435,TOI-3629 b,0.0,1.0,0.3145987585105098,0
1436,Kepler-1249 b,0.0,1.0,0.314591703314813,0
1437,K2-250 b,0.0,1.0,0.31456918024494585,0
1438,Kepler-352 d,0.0,1.0,0.3145399480468245,0
1439,xi Aql b,0.0,1.0,0.31452699586366606,0
1440,Lupus-TR-3 b,0.0018171296296296306,0.9252685219181427,0.3145244997792185,0
1441,Kepler-349 c,0.0,1.0,0.314478922051156,0
1442,HD 4203 b,0.0,1.0,0.31447748492586924,0
1443,Kepler-191 c,0.0,1.0,0.31447538378671275,0
1444,Kepler-1385 b,0.0,1.0,0.31447181140953157,0
1445,K2-197 b,0.0,1.0,0.3144659141546897,0
1446,Kepler-266 b,0.0,1.0,0.3144553059810394,0
1447,KMT-2019-BLG-1042L b,0.0,1.0,0.3144549501894555,0
1448,TOI-150.01,0.0,1.0,0.31442807702299946,0
1449,Kepler-33 b,0.0,1.0,0.314427452326429,0
1450,Kepler-175 b,0.0,1.0,0.31441028966601037,0
1451,Kepler-169 e,0.0,1.0,0.3143583570043491,0
1452,Kepler-1530 b,0.0,1.0,0.31434423068565825,0
1453,WASP-160 B b,0.0,1.0,0.3143388248478322,0
1454,TOI-431 d,0.0,1.0,0.3143077175781359,0
1455,Kepler-258 c,0.0,1.0,0.31427621689199764,0
1456,Kepler-633 b,0.0,1.0,0.31426470082712055,0
1457,Kepler-1931 b,0.0,1.0,0.31423606856803354,0
1458,Kepler-150 b,0.0,1.0,0.314230084269633,0
1459,Kepler-147 c,0.0,1.0,0.3142159107089014,0
1460,Kepler-1423 b,0.0,1.0,0.3142053869657244,0
1461,Kepler-677 b,0.0,1.0,0.3141836686828531,0
1462,TOI-1246 b,0.004230964477736125,0.87710345761879,0.3141388726074305,0
1463,Kepler-625 c,0.0,1.0,0.3141354142730587,0
1464,Kepler-178 b,0.0,1.0,0.3141250954566167,0
1465,Kepler-932 b,0.0,1.0,0.31412299019239964,0
1466,Kepler-1925 b,0.0,1.0,0.31409216884764224,0
1467,Kepler-1784 b,0.0,1.0,0.3140829578112213,0
1468,KOI-94 e,0.0,1.0,0.31406688054843357,0
1469,Kepler-851 b,0.0,1.0,0.31406198899113014,0
1470,Kepler-570 b,0.0,1.0,0.31405735889175507,0
1471,TOI-969 b,0.0,1.0,0.31405272531382933,0
1472,Kepler-306 c,0.0,1.0,0.31404950732539083,0
1473,Kepler-1516 b,0.0,1.0,0.3140418227433896,0
1474,HD 178911 B b,0.0,1.0,0.31401748400706286,0
1475,TOI-421 b,0.0,1.0,0.31401724517261653,0
1476,HD 70642 b,0.0024139634447554754,0.9007230671270734,0.31401483756962756,0
1477,HATS-72 b,0.002051485703606802,0.9156303675893598,0.31399604389316493,0
1478,Kepler-144 c,0.0,1.0,0.3139205119946809,0
1479,Kepler-1480 b,0.0,1.0,0.3138970330194948,0
1480,Kepler-431 b,0.0,1.0,0.31388954277453274,0
1481,Kepler-595 c,0.0,1.0,0.31388252802512606,0
1482,Kepler-481 b,0.0,1.0,0.31387792255487157,0
1483,Kepler-1235 b,0.0,1.0,0.31386911559924113,0
1484,HD 219666 b,0.0,1.0,0.3138685086891417,0
1485,Kepler-1907 b,0.0,1.0,0.31385625073165335,0
1486,Kepler-419 c,0.0,1.0,0.31385428167454754,0
1487,K2-268 c,0.0,1.0,0.31381898455043167,0
1488,Kepler-805 b,0.0,1.0,0.31380823105797095,0
1489,Kepler-727 b,0.0,1.0,0.31377711558689436,0
1490,HIP 113103 b,0.0,1.0,0.3137715137691702,0
1491,KMT-2021-BLG-1372L b,0.0,1.0,0.3137676172853531,0
1492,Kepler-122 c,0.0,1.0,0.3137527444715703,0
1493,HD 103197 b,0.0,1.0,0.3137527167301899,0
1494,Kepler-128 c,0.0,1.0,0.3137465669093241,0
1495,Pr0211 b,0.0,1.0,0.31373451474366143,0
1496,HD 62509 b,0.0,1.0,0.31372027459225316,0
1497,Kepler-449 b,0.0,1.0,0.31371330082540066,0
1498,Kepler-171 c,0.0,1.0,0.3136806849393616,0
1499,HD 73526 c,0.0,1.0,0.3136779741770188,0
1500,K2-397 b,0.0,1.0,0.3136696003251367,0
1501,K2-247 b,0.0,1.0,0.3136517999094214,0
1502,Kepler-334 b,0.0,1.0,0.3136492032860483,0
1503,CoRoT-6 b,0.0,1.0,0.3136363242114557,0
1504,Kepler-280 c,0.0,1.0,0.31362312702357886,0
1505,Kepler-294 c,0.0,1.0,0.3136221726568603,0
1506,75 Cet b,0.0,1.0,0.31362165165291456,0
1507,Kepler-720 b,0.0,1.0,0.3135996264125204,0
1508,Kepler-321 c,0.0,1.0,0.3135987151277347,0
1509,BD+03 2562 b,0.0,1.0,0.3135910469251224,0
1510,Kepler-218 c,0.0,1.0,0.3135613285766711,0
1511,TOI-332 b,0.0,1.0,0.31355366599753565,0
1512,Kepler-164 b,0.0,1.0,0.31352393918362687,0
1513,Kepler-1366 b,0.0,1.0,0.3134367801655985,0
1514,Kepler-372 d,0.0,1.0,0.3134288776757317,0
1515,Kepler-1793 b,0.0,1.0,0.31337908641046075,0
1516,Kepler-85 d,0.0,1.0,0.3133786966630904,0
1517,Kepler-579 b,0.0,1.0,0.31337572809362724,0
1518,K2-385 b,0.0,1.0,0.31330771654487033,0
1519,K2-158 b,0.0,1.0,0.31328835167372915,0
1520,Kepler-114 b,0.0,1.0,0.31328501500947614,0
1521,HD 238914 b,0.0,1.0,0.3132543907717391,0
1522,Kepler-60 b,0.0,1.0,0.3132263827876216,0
1523,Kepler-1721 b,0.0,1.0,0.31320629192517213,0
1524,Kepler-1212 b,0.0,1.0,0.31320029867457216,0
1525,Kepler-207 d,0.0,1.0,0.31317537888130487,0
1526,HD 73267 c,0.006756047768809419,0.8398915048012467,0.313170337344037,0
1527,K2-189 c,0.0,1.0,0.3131620229579749,0
1528,PSR B1257+12 c,0.0,1.0,0.3131616211878371,0
1529,HD 25723 b,0.0,1.0,0.3131348910546009,0
1530,Kepler-1051 b,0.0,1.0,0.3131270388809632,0
1531,Kepler-347 d,0.0,1.0,0.3131206363660557,0
1532,K2-98 b,0.0,1.0,0.313119591659226,0
1533,Kepler-793 b,0.0,1.0,0.31307109197378546,0
1534,Kepler-210 c,0.0,1.0,0.3130376248967625,0
1535,Kepler-863 b,0.0,1.0,0.3130323020227953,0
1536,EPIC 205950854 c,0.0022076228686058173,0.9092090529326473,0.3130010320718568,0
1537,Kepler-744 b,0.0,1.0,0.31299330482188625,0
1538,EPIC 220674823 c,0.0,1.0,0.31298036036037435,0
1539,Kepler-222 b,0.0,1.0,0.31297892188835186,0
1540,Kepler-226 b,0.0023404482390608325,0.9037464617674268,0.31295180656918375,0
1541,Kepler-889 b,0.0,1.0,0.3128846306373486,0
1542,Kepler-1616 b,0.0,1.0,0.312881157867516,0
1543,K2-259 b,0.0,1.0,0.31287001402599723,0
1544,OGLE-2018-BLG-1011L c,0.0047375016378670256,0.8623944650774197,0.312806876667166,0
1545,Kepler-1821 b,0.0,1.0,0.3128050219143789,0
1546,Kepler-654 b,0.0046024510547215906,0.86632513463614,0.312792984621571,0
1547,K2-228 b,0.0,1.0,0.31275573225404185,0
1548,HD 67087 b,0.00467192133434044,0.8642633374915135,0.31273687421157387,0
1549,CoRoT-22 b,0.0,1.0,0.3127342754716409,0
1550,Kepler-1429 b,0.0,1.0,0.3127041666007243,0
1551,Kepler-1529 b,0.002309503872723466,0.9050190832672869,0.31267831194825146,0
1552,Kepler-555 b,0.0,1.0,0.3126117904162121,0
1553,Kepler-56 b,0.0,1.0,0.312586270542315,0
1554,Kepler-900 b,0.0,1.0,0.3125735309146844,0
1555,Kepler-1137 b,0.0,1.0,0.31257111700254187,0
1556,Kepler-282 c,0.0,1.0,0.3125651107397067,0
1557,Kepler-334 d,0.0,1.0,0.3125625157608496,0
1558,Kepler-767 b,0.0,1.0,0.31256121782254054,0
1559,K2-7 b,0.0,1.0,0.31253648493298136,0
1560,HD 128311 c,0.006122817124851469,0.8546270230498434,0.3125095500632486,0
1561,Kepler-380 c,0.0,1.0,0.3124911522206133,0
1562,Kepler-1181 c,0.0,1.0,0.31247768533794784,0
1563,HD 107148 b,0.0,1.0,0.31247161903628806,0
1564,Kepler-1464 c,0.0,1.0,0.31246792966974735,0
1565,Kepler-823 b,0.0,1.0,0.3124614196647024,0
1566,Kepler-1586 b,0.0,1.0,0.3124548032194763,0
1567,Kepler-1867 b,0.0,1.0,0.31245284973162146,0
1568,K2-395 c,0.0,1.0,0.3124425905194863,0
1569,Kepler-332 c,0.0,1.0,0.3124345481049505,0
1570,Kepler-675 b,0.0,1.0,0.31242450076778316,0
1571,TOI-1235 b,0.0,1.0,0.3123508281735742,0
1572,TOI-2421 b,0.0,1.0,0.3123109938582159,0
1573,Kepler-99 b,0.0,1.0,0.3122892753581572,0
1574,Kepler-584 b,0.0,1.0,0.31227470799142026,0
1575,Kepler-1860 b,0.0022076228686058173,0.9092090529326473,0.31227275054741144,0
1576,Kepler-1870 b,0.0,1.0,0.3122569974525857,0
1577,Kepler-109 c,0.0,1.0,0.312242127700717,0
1578,WASP-56 b,0.0,1.0,0.31223093009115865,0
1579,Kepler-871 b,0.0,1.0,0.3121414146852264,0
1580,Kepler-25 c,0.0,1.0,0.3121376244853217,0
1581,WASP-182 b,0.0,1.0,0.31210868163575256,0
1582,Kepler-1980 b,0.0,1.0,0.31208903260298354,0
1583,HD 151450 b,0.0,1.0,0.31206693519145995,0
1584,Kepler-1182 b,0.0,1.0,0.3120625580126023,0
1585,K2-101 b,0.0,1.0,0.3120439711056503,0
1586,Kepler-213 c,0.0,1.0,0.3120222606080477,0
1587,Kepler-129 d,0.0,1.0,0.3119138574396264,0
1588,TOI-4308 b,0.0,1.0,0.3119024244366666,0
1589,Kepler-1438 b,0.0,1.0,0.3119003371586816,0
1590,Kepler-914 b,0.004661669866773824,0.8645195338875648,0.3118974507260519,0
1591,Kepler-829 b,0.0,1.0,0.311873284116583,0
1592,WASP-170 b,0.0,1.0,0.3118665334173094,0
1593,Kepler-185 c,0.0,1.0,0.31179744768323847,0
1594,Kepler-850 b,0.0,1.0,0.3117936179614732,0
1595,OGLE-2018-BLG-1212L b,0.0,1.0,0.3117636397612934,0
1596,Kepler-1280 b,0.0,1.0,0.31173734008047416,0
1597,Kepler-511 c,0.0,1.0,0.3117279534583528,0
1598,Kepler-20 d,0.0,1.0,0.3117228185119324,0
1599,Kepler-1000 b,0.0,1.0,0.3117151428331711,0
1600,Kepler-168 c,0.0,1.0,0.31169546256016,0
1601,Kepler-209 b,0.0,1.0,0.31167304075857105,0
1602,Kepler-165 c,0.0,1.0,0.3116322870819118,0
1603,TOI-470 b,0.0,1.0,0.3116021306802209,0
1604,Kepler-103 c,0.0,1.0,0.3115927353403419,0
1605,Kepler-1165 c,0.0,1.0,0.31158833221105703,0
1606,Kepler-281 b,0.0,1.0,0.3115482831573867,0
1607,HAT-P-18 b,0.0,1.0,0.3115478649012673,0
1608,Kepler-304 b,0.002051485703606802,0.9156303675893598,0.31147847130431,0
1609,NGTS-25 b,0.0,1.0,0.31147011776035904,0
1610,TIC 279401253 b,0.0,1.0,0.3114456382685412,0
1611,Kepler-77 b,0.0,1.0,0.3114376893115759,0
1612,Kepler-292 d,0.0,1.0,0.31142908726646146,0
1613,KMT-2018-BLG-0247L b,0.0,1.0,0.3113815197840628,0
1614,K2-214 b,0.0,1.0,0.3113565398992569,0
1615,HIP 91258 b,0.0,1.0,0.31132942664226404,0
1616,Kepler-156 c,0.0023715415019762848,0.9024677167301065,0.3112729623898936,0
1617,Kepler-610 b,0.0,1.0,0.3112626533670997,0
1618,Kepler-1292 b,0.0,1.0,0.31123617010046556,0
1619,Kepler-919 b,0.0,1.0,0.3112337657666291,0
1620,EPIC 212499991 b,0.0,1.0,0.31122936664840406,0
1621,Kepler-143 b,0.0,1.0,0.3112162439253823,0
1622,Kepler-1262 b,0.0,1.0,0.31117843815978674,0
1623,HD 332231 b,0.0,1.0,0.31112873171741917,0
1624,Kepler-1670 b,0.0,1.0,0.3111017521550885,0
1625,Kepler-352 c,0.0,1.0,0.31109153191084493,0
1626,Kepler-294 b,0.0,1.0,0.3110745813405969,0
1627,rho CrB e,0.0,1.0,0.31103528209476927,0
1628,Kepler-207 c,0.0,1.0,0.31099983342953197,0
1629,Kepler-980 b,0.0,1.0,0.31099816772412636,0
1630,Kepler-1623 b,0.0022076228686058173,0.9092090529326473,0.3109863398582784,0
1631,Kepler-1504 b,0.0,1.0,0.3109827687295543,0
1632,EPIC 212424622 b,0.0,1.0,0.31096242543439734,0
1633,Kepler-214 c,0.0,1.0,0.31095107413186907,0
1634,KMT-2017-BLG-2509L b,0.0,1.0,0.31093036801648566,0
1635,K2-285 e,0.0,1.0,0.3109094485857039,0
1636,Kepler-1441 b,0.004405896407254627,0.8720338917376425,0.31090610235894595,0
1637,MOA-2008-BLG-310L b,0.0,1.0,0.3108802295051156,0
1638,Kepler-1856 b,0.0,1.0,0.3108468132362149,0
1639,Kepler-1001 c,0.0,1.0,0.31083898345045363,0
1640,K2-217 b,0.0,1.0,0.3108079478224648,0
1641,TOI-1444 c,0.0,1.0,0.31080565533136606,0
1642,Kepler-1096 b,0.0,1.0,0.3107873487686686,0
1643,K2-64 b,0.0046024510547215906,0.86632513463614,0.3107834789171036,0
1644,Kepler-1073 b,0.0,1.0,0.31075723081079243,0
1645,Kepler-242 b,0.0,1.0,0.3106983493625036,0
1646,Kepler-865 c,0.0,1.0,0.3106877975240647,0
1647,Kepler-1119 b,0.0,1.0,0.310662047397931,0
1648,K2-412 b,0.0,1.0,0.31065453812290156,0
1649,Kepler-1737 b,0.0019259064634787179,0.920794953581545,0.3106543808367247,0
1650,K2-77 b,0.0,1.0,0.3106468153920622,0
1651,TOI-1416 b,0.0,1.0,0.3106319598899955,0
1652,Kepler-221 d,0.0,1.0,0.3106043921170345,0
1653,Kepler-1526 b,0.0,1.0,0.3105869010422275,0
1654,Kepler-214 b,0.0,1.0,0.31057712965428963,0
1655,K2-368 b,0.0,1.0,0.310543050597205,0
1656,WASP-47 e,0.0,1.0,0.31054271464796424,0
1657,Kepler-849 b,0.002116050808314088,0.9129750558115921,0.3105406278317625,0
1658,Kepler-715 b,0.0,1.0,0.3105372856117945,0
1659,Kepler-354 b,0.0,1.0,0.3105291593541577,0
1660,HIP 74890 b,0.0,1.0,0.3104986439686076,0
1661,Kepler-791 b,0.0,1.0,0.31048722518728034,0
1662,HD 110082 b,0.0,1.0,0.310476639597719,0
1663,Kepler-23 d,0.0023788665368808136,0.9021664665185141,0.31043694828896545,0
1664,Kepler-714 b,0.0,1.0,0.31038579162313107,0
1665,Kepler-1719 b,0.0,1.0,0.3103504496650571,0
1666,Kepler-1754 b,0.0,1.0,0.31034909337495253,0
1667,Kepler-172 b,0.0,1.0,0.31028652595770667,0
1668,Kepler-1046 b,0.0,1.0,0.31027639243612815,0
1669,K2-189 b,0.0,1.0,0.31026688198293473,0
1670,Kepler-1891 b,0.0,1.0,0.31025661156831696,0
1671,Kepler-1268 b,0.0,1.0,0.310170801471219,0
1672,K2-185 b,0.0,1.0,0.31014060900284035,0
1673,TOI-954 b,0.0,1.0,0.31012251020343984,0
1674,Kepler-257 b,0.0,1.0,0.3100780629289576,0
1675,Kepler-1861 b,0.002333711530279393,0.9040235164125305,0.3100594410861359,0
1676,K2-352 c,0.0,1.0,0.3100171341958057,0
1677,KMT-2021-BLG-2294L b,0.0,1.0,0.3100057804571914,0
1678,Kepler-370 c,0.0,1.0,0.309961607106944,0
1679,Kepler-299 b,0.0,1.0,0.30994975729586594,0
1680,Kepler-337 b,0.0,1.0,0.30994587992465195,0
1681,Kepler-524 b,0.0,1.0,0.30993950830814254,0
1682,Kepler-1991 c,0.0,1.0,0.3099347600022826,0
1683,Kepler-458 c,0.0,1.0,0.30992183857502575,0
1684,Kepler-1320 b,0.0,1.0,0.3098632407118471,0
1685,Kepler-575 b,0.0,1.0,0.3098307500683809,0
1686,Kepler-890 b,0.0,1.0,0.30981946723495446,0
1687,Kepler-1211 b,0.0,1.0,0.3098141718919261,0
1688,Kepler-1909 b,0.0,1.0,0.3098137184604326,0
1689,HD 158259 e,0.0,1.0,0.30979642680571107,0
1690,Kepler-1583 b,0.0,1.0,0.30979084216825625,0
1691,Kepler-1827 b,0.0,1.0,0.30979070233863115,0
1692,Kepler-9 b,0.0,1.0,0.309781198277199,0
1693,Kepler-1777 b,0.0,1.0,0.30976867604339176,0
1694,TOI-125 d,0.0,1.0,0.3097649243463274,0
1695,Kepler-1923 b,0.0,1.0,0.30975974843892023,0
1696,Kepler-305 d,0.0,1.0,0.3097404022439142,0
1697,Kepler-253 c,0.0,1.0,0.3096300918898176,0
1698,Kepler-1484 b,0.0,1.0,0.30962160850890996,0
1699,Kepler-1530 d,0.0,1.0,0.30961634129983806,0
1700,HATS-15 b,0.0,1.0,0.30955739458297427,0
1701,HD 93385 c,0.0,1.0,0.3095471540053058,0
1702,Kepler-299 d,0.0,1.0,0.3095272514804237,0
1703,Kepler-1407 b,0.0,1.0,0.30952608861379544,0
1704,HD 75784 b,0.0,1.0,0.30947189373285466,0
1705,Kepler-322 b,0.0,1.0,0.3094679502570712,0
1706,Kepler-418 c,0.0,1.0,0.30945451375589983,0
1707,Kepler-695 b,0.0,1.0,0.3094539251905861,0
1708,Kepler-1472 b,0.0,1.0,0.309446668314879,0
1709,TOI-3082 b,0.0,1.0,0.3094344729678845,0
1710,HD 50554 b,0.0,1.0,0.3094084966449113,0
1711,Kepler-810 b,0.0,1.0,0.30940110429106776,0
1712,Kepler-378 b,0.0,1.0,0.30939649122471835,0
1713,Kepler-1668 b,0.0,1.0,0.3093791813029225,0
1714,Kepler-842 b,0.0,1.0,0.30937093813261485,0
1715,Kepler-1565 b,0.0,1.0,0.3093417242991773,0
1716,Kepler-150 c,0.0,1.0,0.3093300986792455,0
1717,Kepler-1215 b,0.0022076228686058173,0.9092090529326473,0.3093267411946745,0
1718,Kepler-1863 b,0.004533411229979093,0.8682733970235453,0.3093131787967753,0
1719,K2-178 b,0.0,1.0,0.3093047738561544,0
1720,Kepler-1612 b,0.0022076228686058173,0.9092090529326473,0.309303975651362,0
1721,Kepler-1598 b,0.0,1.0,0.30929614287668095,0
1722,Kepler-299 c,0.0,1.0,0.30928285406516165,0
1723,Kepler-497 b,0.0,1.0,0.30928091492579635,0
1724,Kepler-979 b,0.0,1.0,0.30927338774281643,0
1725,HD 33844 b,0.0,1.0,0.30927023252046937,0
1726,Kepler-216 c,0.0,1.0,0.30925497145379066,0
1727,Kepler-1345 b,0.0,1.0,0.30923028046072765,0
1728,KMT-2017-BLG-1038L b,0.0,1.0,0.309208441441914,0
1729,Kepler-657 b,0.0,1.0,0.3091914577093522,0
1730,HD 12235 b,0.0,1.0,0.30918855996346306,0
1731,Kepler-903 c,0.0,1.0,0.3091827238203818,0
1732,Kepler-137 c,0.0,1.0,0.3091646905577546,0
1733,K2-73 b,0.0,1.0,0.30914203758601033,0
1734,K2-170 c,0.0,1.0,0.309135374877893,0
1735,Kepler-500 b,0.0,1.0,0.30913434801384954,0
1736,Kepler-853 b,0.0,1.0,0.30911529254453163,0
1737,Kepler-1581 b,0.0,1.0,0.30909010386314495,0
1738,Kepler-254 b,0.0,1.0,0.3090857083928127,0
1739,OGLE-2015-BLG-0966L b,0.0,1.0,0.30906739013826656,0
1740,TOI-908 b,0.0,1.0,0.30905881183972084,0
1741,HD 27442 b,0.0,1.0,0.3090459102281154,0
1742,Kepler-410 A b,0.0,1.0,0.30903495768622424,0
1743,K2-187 e,0.0,1.0,0.30903393070647356,0
1744,NN Ser c,0.0,1.0,0.30899230377813647,0
1745,HD 117618 b,0.0,1.0,0.3089877038628701,0
1746,KMT-2021-BLG-0240L b,0.0,1.0,0.30895683150914344,0
1747,Kepler-1270 b,0.0,1.0,0.30895534204663777,0
1748,Kepler-2001 b,0.002418750275609649,0.9005262033815109,0.30893502822705077,0
1749,Kepler-571 b,0.0,1.0,0.30893017922344557,0
1750,K2-127 b,0.0,1.0,0.3089154496041273,0
1751,Kepler-110 b,0.0,1.0,0.308871421010941,0
1752,Kepler-1790 b,0.0,1.0,0.3088627190372403,0
1753,DMPP-1 b,0.0,1.0,0.3088327889822348,0
1754,TOI-1136 d,0.0,1.0,0.3088227324597742,0
1755,K2-55 b,0.0,1.0,0.30880986914786923,0
1756,Kepler-1542 b,0.0,1.0,0.3087969787103363,0
1757,HD 34445 e,0.0,1.0,0.30878199230955405,0
1758,Kepler-256 c,0.0,1.0,0.3087655760540775,0
1759,Kepler-388 c,0.0,1.0,0.3087450020722822,0
1760,KOI-351 c,0.0,1.0,0.3087382278827508,0
1761,Kepler-1328 b,0.0,1.0,0.3086734407655092,0
1762,HD 63454 b,0.0,1.0,0.3086700046296563,0
1763,Kepler-1050 b,0.0,1.0,0.3086647919740813,0
1764,Kepler-33 c,0.0,1.0,0.3086609615970708,0
1765,HD 63935 c,0.0,1.0,0.30866036183629775,0
1766,Kepler-136 b,0.0,1.0,0.3086574355057554,0
1767,Kepler-1293 b,0.0,1.0,0.30864208517534963,0
1768,Kepler-1170 b,0.0,1.0,0.30863758854184487,0
1769,Kepler-603 c,0.0,1.0,0.3086217214681376,0
1770,K2-10 b,0.0,1.0,0.3086114735117711,0
1771,KOI-94 c,0.0,1.0,0.30859640757099055,0
1772,MOA-2009-BLG-319L b,0.0,1.0,0.30857248934350623,0
1773,K2-252 b,0.0,1.0,0.3085706500979919,0
1774,TOI-1710 b,0.0,1.0,0.3085129592437921,0
1775,HD 73583 b,0.0,1.0,0.3085034683556075,0
1776,Kepler-127 c,0.002333711530279393,0.9040235164125305,0.3085003242968696,0
1777,Kepler-1028 b,0.0,1.0,0.3084910048893197,0
1778,NGTS-5 b,0.0,1.0,0.3084849149134992,0
1779,Kepler-312 b,0.0,1.0,0.3084666714171328,0
1780,Kepler-1537 b,0.0,1.0,0.30846496567241477,0
1781,HD 145457 b,0.0023415492957746475,0.9037011795848398,0.3084459830521205,0
1782,OGLE-2018-BLG-0516L b,0.0,1.0,0.3084204538529908,0
1783,LP 714-47 b,0.0,1.0,0.308418073499655,0
1784,Kepler-1413 b,0.0,1.0,0.30841023356004704,0
1785,HD 168009 b,0.0,1.0,0.30840615257671855,0
1786,Kepler-1311 d,0.0,1.0,0.30838711641393196,0
1787,Kepler-773 b,0.0,1.0,0.3083747765664058,0
1788,Kepler-804 b,0.0,1.0,0.30834706384275345,0
1789,Qatar-1 b,0.0,1.0,0.3083447500643246,0
1790,OGLE-2007-BLG-368L b,0.0,1.0,0.30834135005014407,0
1791,Kepler-769 c,0.0,1.0,0.3083240686633192,0
1792,K2-352 b,0.0,1.0,0.3083119582254279,0
1793,K2-216 b,0.0,1.0,0.3083022277604466,0
1794,K2-231 b,0.0,1.0,0.3082983132758585,0
1795,Kepler-207 b,0.0,1.0,0.30827142080947534,0
1796,Kepler-621 b,0.0,1.0,0.3082550740766604,0
1797,Kepler-49 d,0.0,1.0,0.3082188916556229,0
1798,Kepler-413 b,0.002051820728291317,0.9156165893264004,0.30821727462543974,0
1799,Kepler-897 b,0.0,1.0,0.30821553685067804,0
1800,Kepler-57 c,0.0,1.0,0.30818646777552816,0
1801,Kepler-1095 b,0.0,1.0,0.308182756263297,0
1802,Kepler-550 b,0.0,1.0,0.30818170316601523,0
1803,K2-171 b,0.0,1.0,0.3081812863008978,0
1804,Kepler-1186 b,0.0,1.0,0.30817489030217027,0
1805,K2-330 b,0.0,1.0,0.3081716325141981,0
1806,Kepler-1319 b,0.0,1.0,0.3081555063256276,0
1807,HD 203387 c,0.0,1.0,0.3081524038280572,0
1808,Kepler-276 c,0.0,1.0,0.30814134998055676,0
1809,K2-204 b,0.0,1.0,0.30813874589219126,0
1810,TOI-1246 e,0.0,1.0,0.30813800113273204,0
1811,HD 10180 d,0.0,1.0,0.3081311928403318,0
1812,Kepler-1698 b,0.002418750275609649,0.9005262033815109,0.30810528342689447,0
1813,TOI-5238 b,0.0,1.0,0.30809397730673216,0
1814,K2-32 b,0.0,1.0,0.308089916865635,0
1815,Kepler-1357 b,0.0,1.0,0.3080858782402587,0
1816,Kepler-1677 b,0.0,1.0,0.3080832125355041,0
1817,HD 113337 b,0.00467192133434044,0.8642633374915135,0.30806986191823826,0
1818,HIP 67522 b,0.0,1.0,0.30804818798337763,0
1819,HD 93385 b,0.0,1.0,0.3080388567140935,0
1820,Kepler-1865 b,0.0,1.0,0.3079590122159329,0
1821,Kepler-1104 b,0.0,1.0,0.3079567665842883,0
1822,Kepler-556 b,0.0,1.0,0.3079522063069059,0
1823,Kepler-242 c,0.0,1.0,0.30794891427309934,0
1824,Kepler-271 b,0.0,1.0,0.30792568668583176,0
1825,Kepler-1642 c,0.0,1.0,0.3078387357541048,0
1826,Kepler-962 b,0.0,1.0,0.3077924925367952,0
1827,K2-58 d,0.0,1.0,0.3077873407151559,0
1828,EPIC 212297394 c,0.0021079185085527584,0.9133095056887282,0.3077737798404324,0
1829,TOI-5398 b,0.0,1.0,0.3077680793366525,0
1830,Kepler-574 b,0.0,1.0,0.3077447183927957,0
1831,Kepler-1939 b,0.0,1.0,0.307723638205215,0
1832,Kepler-164 c,0.0,1.0,0.3077004436215407,0
1833,Kepler-171 b,0.0,1.0,0.30768745138057874,0
1834,KMT-2021-BLG-1253L b,0.0,1.0,0.3076591075011006,0
1835,HD 93963 A c,0.0,1.0,0.307652286849879,0
1836,WASP-157 b,0.0,1.0,0.30764111043827824,0
1837,WASP-2 b,0.0,1.0,0.30761814403944054,0
1838,TOI-2524 b,0.0,1.0,0.30758426030116526,0
1839,HD 20003 b,0.0,1.0,0.30757825576405917,0
1840,Kepler-1208 b,0.0,1.0,0.30757167298681143,0
1841,Kepler-516 b,0.0,1.0,0.3075313104201126,0
1842,Kepler-60 d,0.0,1.0,0.3075293392760613,0
1843,K2-198 b,0.0,1.0,0.3074641489353802,0
1844,Kepler-1183 b,0.0,1.0,0.30745607772170647,0
1845,K2-256 b,0.0,1.0,0.30745040037188054,0
1846,Kepler-546 b,0.0,1.0,0.30743768028304835,0
1847,Kepler-1160 b,0.0,1.0,0.30741876187791783,0
1848,TOI-500 c,0.0,1.0,0.3074177899443794,0
1849,K2-254 b,0.0,1.0,0.3073915509448357,0
1850,TOI-1136 c,0.0,1.0,0.3073826397208519,0
1851,Kepler-920 b,0.0022076228686058173,0.9092090529326473,0.3073805864321725,0
1852,Kepler-286 c,0.0,1.0,0.30737895205205557,0
1853,HD 108147 b,0.0,1.0,0.3073749766365924,0
1854,KOI-12 b,0.0,1.0,0.3073475440925121,0
1855,Kepler-496 b,0.0,1.0,0.3073425797850563,0
1856,Kepler-222 c,0.0,1.0,0.30734181857744314,0
1857,Kepler-130 b,0.0,1.0,0.3072759779923099,0
1858,Kepler-1596 b,0.0,1.0,0.30724979418972903,0
1859,55 Cnc b,0.0,1.0,0.3072439101663439,0
1860,Kepler-886 b,0.0,1.0,0.30722717239388325,0
1861,TOI-2134 b,0.0,1.0,0.30720290051407506,0
1862,K2-271 b,0.0,1.0,0.30719716711232287,0
1863,Kepler-1050 c,0.0,1.0,0.3071804546286226,0
1864,Kepler-1222 b,0.0,1.0,0.30714042120543694,0
1865,Kepler-274 b,0.0,1.0,0.3071161659300229,0
1866,Kepler-1940 b,0.0,1.0,0.3070963475022124,0
1867,TOI-2076 b,0.0,1.0,0.3070808289138629,0
1868,Kepler-1779 b,0.0,1.0,0.3070537695979373,0
1869,HD 34445 d,0.0,1.0,0.30705204302156885,0
1870,Kepler-549 d,0.0,1.0,0.30703861758379203,0
1871,KMT-2019-BLG-0371L b,0.007135238800617244,0.8309945727677395,0.3070355659079713,0
1872,Kepler-404 b,0.0,1.0,0.30702532056035525,0
1873,HAT-P-17 c,0.0,1.0,0.3069935517809316,0
1874,Kepler-1135 b,0.002426948946962179,0.9001890238988309,0.3069840588266226,0
1875,MOA-2011-BLG-291L b,0.0,1.0,0.30696946709829886,0
1876,GJ 676 A d,0.0,1.0,0.306947484785568,0
1877,K2-293 b,0.0022076228686058173,0.9092090529326473,0.3069422744077209,0
1878,OGLE-2015-BLG-1670L b,0.0,1.0,0.30688757146276746,0
1879,HD 69830 b,0.0,1.0,0.3068560365747386,0
1880,Kepler-1834 c,0.0,1.0,0.30685385613116006,0
1881,TOI-451 c,0.0,1.0,0.3068461822661859,0
1882,Kepler-1859 c,0.0,1.0,0.3068399384621793,0
1883,Kepler-1732 b,0.0,1.0,0.3068345932172808,0
1884,K2-36 c,0.0,1.0,0.30681545716949676,0
1885,OGLE-2018-BLG-1126L b,0.0,1.0,0.30680345085372085,0
1886,HD 125612 d,0.0,1.0,0.3067759456820897,0
1887,K2-194 b,0.0,1.0,0.3067754094547167,0
1888,BD+15 2940 b,0.0,1.0,0.3067545405644583,0
1889,Kepler-187 c,0.0,1.0,0.3067246365414853,0
1890,K2-294 b,0.0,1.0,0.3067241445352016,0
1891,Kepler-205 b,0.0,1.0,0.3067228534640982,0
1892,TOI-4600 b,0.0,1.0,0.30669102563276474,0
1893,Kepler-1745 b,0.0,1.0,0.30664599285447636,0
1894,K2-399 b,0.0,1.0,0.3066442637442386,0
1895,Kepler-740 b,0.0,1.0,0.3066380864369448,0
1896,Kepler-102 e,0.0,1.0,0.30661917448116416,0
1897,HD 40307 b,0.0,1.0,0.30661669665369873,0
1898,HAT-P-2 b,0.0,1.0,0.3066148239432215,0
1899,Kepler-341 d,0.0,1.0,0.306606023259401,0
1900,HD 183579 b,0.0,1.0,0.3065566893957613,0
1901,Kepler-820 b,0.0,1.0,0.30651275572029163,0
1902,KOI-351 b,0.0,1.0,0.30648309592220085,0
1903,Kepler-1463 b,0.0,1.0,0.3064796658079322,0
1904,Kepler-394 b,0.0,1.0,0.3064628360224699,0
1905,Kepler-1487 b,0.0,1.0,0.30645856801434723,0
1906,Kepler-27 b,0.0,1.0,0.30644820505554116,0
1907,Kepler-211 c,0.015510857462070178,0.7605358816035009,0.3064432943910677,0
1908,OGLE-TR-113 b,0.0,1.0,0.3064365642809216,0
1909,Kepler-640 b,0.0,1.0,0.3064206971461343,0
1910,HD 125595 b,0.0,1.0,0.30641503736824516,0
1911,Kepler-501 c,0.0,1.0,0.30639469062345276,0
1912,Kepler-758 e,0.0,1.0,0.30639351210239574,0
1913,KMT-2021-BLG-1077L b,0.0,1.0,0.30639042592051957,0
1914,Kepler-275 b,0.0,1.0,0.3063769268681531,0
1915,WASP-150 b,0.0,1.0,0.30635764488043793,0
1916,EPIC 201757695.02,0.0,1.0,0.3063410597662049,0
1917,HD 215152 e,0.0,1.0,0.30632666560423927,0
1918,Kepler-1629 b,0.0,1.0,0.3063250224833499,0
1919,HD 11506 d,0.0,1.0,0.30631957195199255,0
1920,TOI-2498 b,0.0,1.0,0.30631164440683567,0
1921,Kepler-124 b,0.0,1.0,0.306302823814423,0
1922,MOA-2011-BLG-262L b,0.0,1.0,0.30629379014273117,0
1923,TOI-3693 b,0.0,1.0,0.30628955824707893,0
1924,HD 213519 b,0.0,1.0,0.30628802739563205,0
1925,K2-141 c,0.0,1.0,0.3062822624957462,0
1926,Kepler-276 d,0.0,1.0,0.3062794146513832,0
1927,K2-208 b,0.0,1.0,0.3062747202112446,0
1928,Kepler-1230 b,0.0,1.0,0.3062723706330316,0
1929,Kepler-748 b,0.0,1.0,0.30626990302807416,0
1930,Kepler-121 b,0.0,1.0,0.3062441076446495,0
1931,Kepler-864 b,0.0,1.0,0.3062416207262175,0
1932,Kepler-545 b,0.0,1.0,0.3062411179701755,0
1933,Kepler-701 b,0.0,1.0,0.3062243893541594,0
1934,Kepler-1990 c,0.006861369566473524,0.8373594297050883,0.30620157773196666,0
1935,HD 217107 c,0.0,1.0,0.30616192455477265,0
1936,TOI-2497 b,0.0,1.0,0.30615923724409755,0
1937,K2-285 d,0.0,1.0,0.3061380915353649,0
1938,Kepler-1892 b,0.0,1.0,0.3061101266728409,0
1939,Kepler-620 b,0.0,1.0,0.30610540716336077,0
1940,K2-389 b,0.0,1.0,0.3060880796765417,0
1941,nu Oct A b,0.002116050808314088,0.9129750558115921,0.3060857425658149,0
1942,HATS-75 b,0.0,1.0,0.306077452079348,0
1943,Kepler-1013 b,0.0,1.0,0.30606211775592695,0
1944,Kepler-959 b,0.0,1.0,0.3060596704781202,0
1945,K2-12 b,0.0,1.0,0.3060476638375731,0
1946,WASP-173 A b,0.0,1.0,0.3060433331947745,0
1947,TOI-836 b,0.0,1.0,0.3060398299257644,0
1948,TOI-178 c,0.0,1.0,0.3060341211242963,0
1949,Kepler-605 c,0.0,1.0,0.30598669363941244,0
1950,Kepler-202 b,0.0,1.0,0.3059727348657637,0
1951,K2-350 b,0.0,1.0,0.30594326814787975,0
1952,Kepler-460 c,0.0,1.0,0.3059381268973569,0
1953,Kepler-417 b,0.004430687265172131,0.8709628767311777,0.30593152307165644,0
1954,Kepler-101 c,0.0,1.0,0.30591186386185965,0
1955,Kepler-895 b,0.0,1.0,0.3058962029813212,0
1956,OGLE-2018-BLG-0506L b,0.0,1.0,0.30588486908487755,0
1957,KOI-94 d,0.0,1.0,0.3058594062661726,0
1958,Kepler-166 b,0.0,1.0,0.3058565388768143,0
1959,TOI-622 b,0.0,1.0,0.30585063996713185,0
1960,Kepler-319 b,0.0022076228686058173,0.9092090529326473,0.30582218375083914,0
1961,Kepler-232 c,0.0,1.0,0.3058195653308182,0
1962,Kepler-534 b,0.0,1.0,0.3058110667003219,0
1963,TrES-5 b,0.0,1.0,0.3057813513364399,0
1964,Kepler-1815 b,0.0,1.0,0.3057810142782692,0
1965,Kepler-250 c,0.0021079185085527584,0.9133095056887282,0.30577645858463476,0
1966,Kepler-1214 b,0.0,1.0,0.3057668491349804,0
1967,Kepler-476 b,0.0,1.0,0.30573179979252274,0
1968,GJ 504 b,0.011012420226023051,0.7977828911886065,0.30568478285254114,0
1969,K2-369 b,0.0,1.0,0.3056806384464338,0
1970,K2-38 b,0.0,1.0,0.30563955909958396,0
1971,Kepler-624 b,0.0,1.0,0.30558062522939833,0
1972,K2-220 b,0.0,1.0,0.3055335145480289,0
1973,OGLE-2012-BLG-0358L b,0.0,1.0,0.3055177917583112,0
1974,Kepler-883 b,0.0,1.0,0.3055149605602767,0
1975,Kepler-562 b,0.0,1.0,0.30546703389738866,0
1976,HD 169830 c,0.0,1.0,0.3054660145012365,0
1977,HD 12484 b,0.0,1.0,0.3054564260327097,0
1978,KMT-2019-BLG-0953L b,0.0,1.0,0.30540826629615875,0
1979,HD 204313 c,0.0,1.0,0.3053976426774721,0
1980,Kepler-134 c,0.0,1.0,0.3053359133367344,0
1981,KMT-2022-BLG-0440L b,0.0,1.0,0.3053202222532674,0
1982,K2-372 b,0.0,1.0,0.3052881494026781,0
1983,Kepler-954 b,0.0,1.0,0.30527688599166214,0
1984,Kepler-495 b,0.0,1.0,0.30523836664873594,0
1985,Kepler-1879 b,0.002292947181998125,0.9056999955973019,0.3052235988927605,0
1986,TOI-1130 b,0.0,1.0,0.3052097920477334,0
1987,Kepler-1978 b,0.0,1.0,0.30520673338838056,0
1988,HD 28185 b,0.06614775936544723,0.5025302028318737,0.30518206329844766,0
1989,K2-279 b,0.0,1.0,0.30517785010424064,0
1990,Kepler-198 b,0.0,1.0,0.305159965534089,0
1991,TOI-2048 b,0.0,1.0,0.305151750206623,0
1992,Kepler-933 b,0.0,1.0,0.3051375487528347,0
1993,TOI-3331 A b,0.0,1.0,0.3051303028925024,0
1994,Kepler-1272 b,0.0,1.0,0.30511660400612617,0
1995,Kepler-1507 b,0.0,1.0,0.30511290800362534,0
1996,K2-414 b,0.0,1.0,0.30511226601223185,0
1997,TOI-1136 b,0.0,1.0,0.3051110104275221,0
1998,Kepler-363 c,0.0,1.0,0.3051095282332835,0
1999,Kepler-1149 b,0.0,1.0,0.3050985639841176,0
2000,K2-276 b,0.0,1.0,0.30508396025001444,0
2001,Kepler-915 b,0.0,1.0,0.30505308358369676,0
2002,K2-275 b,0.0,1.0,0.3050404230824789,0
2003,K2-342 b,0.0,1.0,0.305000294470543,0
2004,Kepler-187 b,0.0,1.0,0.30497639391732556,0
2005,OGLE-2017-BLG-1691L b,0.0,1.0,0.3049553318328081,0
2006,HD 104067 b,0.0,1.0,0.3049541252467146,0
2007,Kepler-963 b,0.0,1.0,0.30495313284268916,0
2008,HIP 90988 b,0.0,1.0,0.30492410806841475,0
2009,Kepler-1037 b,0.0,1.0,0.3049227008502815,0
2010,Kepler-1090 c,0.0,1.0,0.3049072188854949,0
2011,HD 4313 b,0.0,1.0,0.3048964672984503,0
2012,HAT-P-63 b,0.0,1.0,0.30488730367725037,0
2013,Kepler-1765 b,0.0,1.0,0.3048535006323574,0
2014,HD 115954 b,0.0,1.0,0.3048320875324826,0
2015,Kepler-360 b,0.0,1.0,0.30481642680202875,0
2016,Kepler-387 c,0.0,1.0,0.3048048950349449,0
2017,HD 34445 c,0.0,1.0,0.3047773021396972,0
2018,Kepler-964 b,0.0,1.0,0.30475826952508156,0
2019,K2-42 b,0.0,1.0,0.30469265045237515,0
2020,Kepler-694 b,0.0,1.0,0.3046906875021127,0
2021,OGLE-2005-BLG-169L b,0.0,1.0,0.30468144349159637,0
2022,Kepler-284 b,0.0,1.0,0.30467610466943273,0
2023,KMT-2019-BLG-0298L b,0.0,1.0,0.3046142518445314,0
2024,Kepler-238 b,0.0,1.0,0.30460289864579615,0
2025,HD 86226 c,0.0,1.0,0.30459925228000706,0
2026,HD 37605 c,0.004621014833003626,0.86559754813961,0.30457836980168546,0
2027,Kepler-479 b,0.0,1.0,0.30457829885139304,0
2028,Kepler-1190 b,0.002486175375239815,0.8977532711299987,0.30456207364746246,0
2029,Kepler-1334 b,0.0,1.0,0.3045494200846855,0
2030,K2-37 c,0.0,1.0,0.3045193442910381,0
2031,HATS-59 b,0.0,1.0,0.3044960096818231,0
2032,Kepler-157 c,0.0,1.0,0.30448864535739373,0
2033,Kepler-1894 b,0.0,1.0,0.3044554819534147,0
2034,Kepler-148 d,0.0,1.0,0.3044532225754253,0
2035,Kepler-122 e,0.0,1.0,0.30444604831886557,0
2036,Kepler-1163 b,0.0,1.0,0.3044376010622739,0
2037,Kepler-1199 b,0.0,1.0,0.3044185593732658,0
2038,HD 39194 b,0.0,1.0,0.3044052760288024,0
2039,Kepler-4 b,0.0,1.0,0.30438410783709435,0
2040,K2-249 b,0.0,1.0,0.3043600642327645,0
2041,Kepler-57 b,0.0,1.0,0.30434679093433514,0
2042,Kepler-1133 b,0.0,1.0,0.3043390035761431,0
2043,K2-232 b,0.0,1.0,0.3043288272118492,0
2044,K2-49 b,0.0,1.0,0.30430737460745516,0
2045,HAT-P-25 b,0.0,1.0,0.30430284244536443,0
2046,K2-183 d,0.0,1.0,0.3043024440563902,0
2047,Kepler-345 b,0.004687297496109752,0.8637914855494853,0.3042880254242262,0
2048,TOI-1670 c,0.0,1.0,0.30428662309918597,0
2049,HD 125612 c,0.0,1.0,0.3042322253458507,0
2050,Kepler-1365 c,0.0,1.0,0.30422400218166645,0
2051,Kepler-971 b,0.0,1.0,0.30421484576799807,0
2052,Kepler-195 b,0.0,1.0,0.30419087166318826,0
2053,Kepler-1640 b,0.0,1.0,0.3041657041783795,0
2054,K2-224 b,0.0,1.0,0.304161348556787,0
2055,Kepler-120 b,0.0,1.0,0.3041266761663487,0
2056,K2-199 c,0.0,1.0,0.30412581648402554,0
2057,BD-08 2823 b,0.0,1.0,0.30411255332702625,0
2058,Kepler-182 b,0.0,1.0,0.3041115084486771,0
2059,Kepler-102 c,0.002418750275609649,0.9005262033815109,0.3041015844804679,0
2060,Kepler-28 b,0.0,1.0,0.30410152509556776,0
2061,Kepler-743 b,0.0022076228686058173,0.9092090529326473,0.30409015103129444,0
2062,Kepler-1927 b,0.0,1.0,0.30406178812692297,0
2063,KMT-2018-BLG-0087L b,0.0,1.0,0.304057608878767,0
2064,HD 25912 b,0.0,1.0,0.3040184557068938,0
2065,Kepler-288 c,0.0,1.0,0.30400678174716245,0
2066,HD 15906 b,0.0,1.0,0.3039983879053515,0
2067,Kepler-11 b,0.0,1.0,0.30399217867228134,0
2068,HD 4203 c,0.0,1.0,0.3039777548514331,0
2069,HD 164922 e,0.0,1.0,0.303962099879147,0
2070,Kepler-527 b,0.0,1.0,0.3039608532204714,0
2071,SWEEPS-11 b,0.0,1.0,0.3039593945175746,0
2072,Kepler-53 b,0.0,1.0,0.3039414884549497,0
2073,HIP 67851 b,0.0,1.0,0.3038866591265994,0
2074,Kepler-336 b,0.0,1.0,0.3038657632489069,0
2075,Kepler-1327 b,0.0,1.0,0.3038550385790231,0
2076,Kepler-27 c,0.0,1.0,0.30381141090368535,0
2077,Kepler-483 b,0.0,1.0,0.3038024433066743,0
2078,Kepler-1144 b,0.0,1.0,0.3037846291617915,0
2079,Kepler-1831 b,0.0,1.0,0.3037798685855984,0
2080,HD 169830 b,0.004541248995474347,0.86803891036873,0.30377391767114226,0
2081,Kepler-339 c,0.0,1.0,0.3037736861234094,0
2082,Kepler-1131 b,0.0,1.0,0.3037692932973338,0
2083,Kepler-862 b,0.0,1.0,0.3037631560769839,0
2084,MOA-2020-BLG-135L b,0.0,1.0,0.30376312353445195,0
2085,K2-243 c,0.0,1.0,0.3037614438259243,0
2086,XO-5 b,0.0,1.0,0.30373892414058146,0
2087,Kepler-671 b,0.0,1.0,0.30370494838758544,0
2088,Kepler-96 b,0.0,1.0,0.30367577068629137,0
2089,Kepler-719 b,0.0,1.0,0.30367131926752267,0
2090,KMT-2019-BLG-0842L b,0.0,1.0,0.3036599712953548,0
2091,Kepler-398 d,0.0,1.0,0.3036476847840843,0
2092,TOI-712 d,0.3704216936007757,0.02013804935442931,0.303624649767867,0
2093,Kepler-597 b,0.0,1.0,0.3036127431857151,0
2094,Kepler-229 c,0.002175286221871299,0.91053893351314,0.30360959247238284,0
2095,HD 109749 b,0.0,1.0,0.3035912732637597,0
2096,Kepler-880 c,0.0,1.0,0.30358560250794553,0
2097,Kepler-182 c,0.0,1.0,0.3035802861474335,0
2098,Kepler-149 c,0.009068273573068828,0.814092447744919,0.3035643592391017,0
2099,YSES 2 b,0.01341045634587107,0.7754992443211167,0.30355099507562144,0
2100,Kepler-305 c,0.0,1.0,0.30355008009642037,0
2101,OGLE-2013-BLG-0911L b,0.0,1.0,0.3035495171910939,0
2102,Kepler-860 b,0.0,1.0,0.3035193144073728,0
2103,Kepler-271 d,0.0,1.0,0.303498891439041,0
2104,Kepler-19 b,0.0,1.0,0.3034942611118313,0
2105,K2-130 b,0.0,1.0,0.3034512304282645,0
2106,HATS-54 b,0.0,1.0,0.303447104231486,0
2107,Qatar-6 b,0.002175286221871299,0.91053893351314,0.30343778655619025,0
2108,Kepler-289 b,0.0,1.0,0.3034314993643943,0
2109,Kepler-11 g,0.002015151515151516,0.9171246515214988,0.303429482001209,0
2110,HD 43197 c,0.0,1.0,0.3034163220289433,0
2111,Kepler-700 b,0.0,1.0,0.3033980696342147,0
2112,Kepler-1384 b,0.0,1.0,0.3033881574603885,0
2113,Kepler-300 c,0.0,1.0,0.3033847386600571,0
2114,TOI-220 b,0.0,1.0,0.30337394219233615,0
2115,Kepler-1498 b,0.002194878947892797,0.9097331608531352,0.30334593847712665,0
2116,TOI-199 b,0.0,1.0,0.303237182051155,0
2117,K2-172 b,0.0,1.0,0.3032274343048694,0
2118,Kepler-416 d,0.0,1.0,0.30322140444161727,0
2119,Kepler-567 b,0.0,1.0,0.30318818203633807,0
2120,K2-229 c,0.0,1.0,0.3031806512440026,0
2121,K2-373 b,0.002292947181998125,0.9056999955973019,0.3031683283304308,0
2122,HATS-46 b,0.0,1.0,0.30315468599680184,0
2123,61 Vir b,0.0,1.0,0.3031454993025783,0
2124,Kepler-1225 b,0.0,1.0,0.30312904206643754,0
2125,K2-389 c,0.0,1.0,0.30308831562935346,0
2126,TOI-1246 d,0.0,1.0,0.3030803689369189,0
2127,Kepler-1775 b,0.0,1.0,0.30307853679866587,0
2128,K2-243 b,0.0,1.0,0.3030631503836714,0
2129,Kepler-662 b,0.0,1.0,0.303049646863091,0
2130,HD 148427 b,0.0,1.0,0.3030494923184996,0
2131,HIP 66074 b,0.004870079849806886,0.8585513786717002,0.303048893348123,0
2132,Kepler-799 b,0.0,1.0,0.3030385479712564,0
2133,Kepler-1627 b,0.0,1.0,0.30302992436941767,0
2134,Kepler-918 b,0.0,1.0,0.3029942315305574,0
2135,K2-334 b,0.0,1.0,0.30299279021421077,0
2136,Kepler-111 b,0.0021681415929203545,0.9108327643291384,0.3029719542040168,0
2137,Kepler-818 b,0.0,1.0,0.3029589407625773,0
2138,Kepler-1252 b,0.0,1.0,0.302928619384066,0
2139,Kepler-713 b,0.0,1.0,0.3029181255995863,0
2140,Kepler-755 b,0.0,1.0,0.3029139522991955,0
2141,K2-136 c,0.0,1.0,0.30290340860812603,0
2142,Kepler-1502 b,0.0,1.0,0.30287919325572854,0
2143,14 Her b,0.0,1.0,0.3028698630312697,0
2144,Kepler-1711 b,0.0,1.0,0.3028411891180265,0
2145,Kepler-1306 b,0.0,1.0,0.3027969105512558,0
2146,K2-19 c,0.0,1.0,0.30279444765004154,0
2147,Kepler-1811 b,0.0,1.0,0.30279142960270183,0
2148,Kepler-247 d,0.0,1.0,0.30277385944230506,0
2149,HD 13167 b,0.0,1.0,0.3027440231807077,0
2150,Kepler-602 b,0.002309503872723466,0.9050190832672869,0.30273903095801236,0
2151,K2-184 b,0.0,1.0,0.302732085299359,0
2152,HAT-P-16 b,0.0,1.0,0.30266991039612123,0
2153,Kepler-529 c,0.0,1.0,0.3026412592942489,0
2154,OGLE-2018-BLG-1011L b,0.0,1.0,0.3026203967198856,0
2155,TOI-5126 b,0.0,1.0,0.30260929930908553,0
2156,Kepler-947 b,0.0,1.0,0.3025964345002252,0
2157,Kepler-1714 b,0.0,1.0,0.3025847314557807,0
2158,Kepler-1371 b,0.0,1.0,0.30257786532030473,0
2159,K2-8 b,0.0,1.0,0.3025731999607372,0
2160,K2-90 c,0.0,1.0,0.30256972706138263,0
2161,Kepler-1740 b,0.0,1.0,0.30253401604299257,0
2162,Kepler-1913 b,0.0,1.0,0.3025299587215903,0
2163,HD 45184 c,0.0,1.0,0.30251376886205816,0
2164,Kepler-950 b,0.0,1.0,0.3024551337894549,0
2165,Kepler-1112 b,0.0020859478988400847,0.9142130714615895,0.30242504114971624,0
2166,AF Lep b,0.0,1.0,0.3024178362995166,0
2167,Kepler-696 b,0.0,1.0,0.3023854193439508,0
2168,Kepler-1311 c,0.0,1.0,0.30237040133219373,0
2169,Kepler-1181 b,0.0,1.0,0.302315151779467,0
2170,Kepler-795 b,0.0,1.0,0.30231510488530866,0
2171,HIP 41378 b,0.0,1.0,0.30229493077128544,0
2172,Kepler-824 b,0.0,1.0,0.30227751691802385,0
2173,Kepler-189 c,0.0,1.0,0.3022758546091665,0
2174,Kepler-257 d,0.0,1.0,0.30223394080527594,0
2175,Kepler-151 b,0.0,1.0,0.3022311742008186,0
2176,Kepler-1326 b,0.0,1.0,0.302217960892726,0
2177,Kepler-154 e,0.0,1.0,0.30221217675427914,0
2178,Kepler-953 b,0.0,1.0,0.30219902055250425,0
2179,WASP-177 b,0.0,1.0,0.3021761864018495,0
2180,TOI-125 c,0.0,1.0,0.3021652097845937,0
2181,Kepler-1073 c,0.0,1.0,0.30213468672860566,0
2182,Kepler-280 b,0.0,1.0,0.3021285268488653,0
2183,Kepler-1806 b,0.0,1.0,0.30211176912625903,0
2184,HD 13724 c,0.0,1.0,0.3020205327427069,0
2185,Kepler-213 b,0.0,1.0,0.3019898443731511,0
2186,Kepler-798 b,0.0,1.0,0.30198663416524196,0
2187,K2-233 d,0.0,1.0,0.3019797806195713,0
2188,Kepler-188 c,0.0,1.0,0.3019698260355097,0
2189,Kepler-173 b,0.0,1.0,0.30195816399159786,0
2190,Kepler-233 b,0.0,1.0,0.3018941871544895,0
2191,EPIC 229004835 b,0.0023788665368808136,0.9021664665185141,0.3018074148844425,0
2192,WASP-104 b,0.0,1.0,0.3017781888855856,0
2193,Kepler-106 b,0.0,1.0,0.30170915602553766,0
2194,Kepler-632 b,0.0,1.0,0.3016608728198382,0
2195,K2-394 b,0.0,1.0,0.30165025372292004,0
2196,TOI-178 b,0.0,1.0,0.3016421165345115,0
2197,Kepler-1193 b,0.0,1.0,0.3016403506503874,0
2198,Kepler-790 b,0.0,1.0,0.3016318189307511,0
2199,Kepler-827 b,0.0,1.0,0.30162478684555233,0
2200,OGLE-2019-BLG-1180L b,0.0,1.0,0.30159166949914595,0
2201,HAT-P-44 b,0.0,1.0,0.3015904386870478,0
2202,Kepler-465 b,0.0,1.0,0.3015768951231266,0
2203,Kepler-227 b,0.0,1.0,0.30156592933922366,0
2204,Kepler-1505 b,0.0,1.0,0.30151051000125473,0
2205,HAT-P-17 b,0.0,1.0,0.30150020832900876,0
2206,HD 3167 c,0.0,1.0,0.30148559908718364,0
2207,K2-277 b,0.0046024510547215906,0.86632513463614,0.30144598481958673,0
2208,Kepler-82 b,0.0,1.0,0.30143783879949926,0
2209,Kepler-1342 b,0.0,1.0,0.30143270710502146,0
2210,HD 189567 b,0.0,1.0,0.3014287346267879,0
2211,Kepler-281 c,0.0,1.0,0.3014220028073482,0
2212,TOI-444 b,0.0,1.0,0.3014039581927882,0
2213,BD-17 63 b,0.009192154311805936,0.8112261436397559,0.30139208064214174,0
2214,Kepler-1242 b,0.0,1.0,0.30136849714230063,0
2215,Kepler-594 b,0.0,1.0,0.30136081034579676,0
2216,EPIC 220492298 b,0.0,1.0,0.3013278015190376,0
2217,Kepler-589 b,0.0,1.0,0.3013046709613967,0
2218,GJ 740 b,0.0,1.0,0.30129797466193664,0
2219,Kepler-1257 b,0.0,1.0,0.30126164452200543,0
2220,Kepler-275 d,0.0,1.0,0.30123387663190704,0
2221,omi UMa b,0.010094008292433579,0.8151551950738916,0.3012050899477868,0
2222,Kepler-55 f,0.0,1.0,0.3011803493797268,0
2223,Kepler-342 d,0.0,1.0,0.30116892949059004,0
2224,Kepler-388 b,0.0020807247201669516,0.9144278804967659,0.3011218932382572,0
2225,Kepler-949 b,0.0,1.0,0.3010883744418472,0
2226,K2-173 b,0.0,1.0,0.3010812855623767,0
2227,Kepler-406 c,0.0,1.0,0.30107186687093956,0
2228,Kepler-444 c,0.0,1.0,0.3010685584321192,0
2229,Kepler-520 c,0.0,1.0,0.3010648090664214,0
2230,Kepler-1348 b,0.0,1.0,0.3010614246813561,0
2231,Kepler-82 d,0.004621586313361293,0.8656358482116806,0.30105788595332084,0
2232,LTT 3780 b,0.0,1.0,0.3010505943854388,0
2233,K2-349 b,0.0,1.0,0.3010444146210922,0
2234,HD 41004 A b,0.0,1.0,0.30101169845819364,0
2235,Kepler-750 b,0.0,1.0,0.3009941158847559,0
2236,Kepler-193 b,0.0,1.0,0.30098988751320155,0
2237,Kepler-761 b,0.0,1.0,0.3009627361598644,0
2238,Kepler-392 c,0.0,1.0,0.30094416461264906,0
2239,Kepler-739 b,0.0,1.0,0.3009424091642354,0
2240,HD 5278 b,0.0,1.0,0.3009412271190328,0
2241,Kepler-1760 b,0.0,1.0,0.3009085052114776,0
2242,Kepler-1812 b,0.0,1.0,0.3008958400604953,0
2243,Kepler-20 b,0.0,1.0,0.3008461414368494,0
2244,Kepler-852 b,0.002333711530279393,0.9040235164125305,0.30084040146326185,0
2245,Kepler-758 b,0.0,1.0,0.3008386761785061,0
2246,Kepler-952 b,0.0,1.0,0.30081861661999554,0
2247,Kepler-60 c,0.0,1.0,0.3008121100752549,0
2248,Kepler-466 c,0.0,1.0,0.3007912908492725,0
2249,Kepler-221 e,0.0,1.0,0.30078516320805715,0
2250,Kepler-398 b,0.008711952714136672,0.8211111534995498,0.30078502313355776,0
2251,Kepler-1034 b,0.0,1.0,0.30077624722271007,0
2252,Kepler-478 b,0.0,1.0,0.3007339141261671,0
2253,Kepler-1823 b,0.002309503872723466,0.9050190832672869,0.3007083438260659,0
2254,Kepler-1907 c,0.0,1.0,0.3006997035115957,0
2255,GJ 3021 b,0.0045679880673168815,0.8672524293358579,0.30069371186395377,0
2256,Kepler-168 b,0.0,1.0,0.3006705213647207,0
2257,K2-221 b,0.0,1.0,0.3006470310088992,0
2258,Kepler-240 c,0.0,1.0,0.3005931159543208,0
2259,Kepler-659 b,0.0,1.0,0.3005848452658374,0
2260,Kepler-636 b,0.0,1.0,0.3005750895709499,0
2261,Kepler-350 c,0.0,1.0,0.3005676911882326,0
2262,TOI-1859 b,0.0,1.0,0.3005543471497217,0
2263,MOA-2007-BLG-400L b,0.0,1.0,0.30055010067511545,0
2264,Kepler-1044 b,0.0,1.0,0.30054094920447255,0
2265,Kepler-102 b,0.008711952714136672,0.8211111534995498,0.3005220266699216,0
2266,Kepler-913 c,0.0,1.0,0.30050200185073705,0
2267,TOI-2109 b,0.0,1.0,0.30049349385765056,0
2268,HD 163607 c,0.0021996996996997,0.9095349020706455,0.3004857993873854,0
2269,K2-380 b,0.0,1.0,0.3004766614784242,0
2270,K2-340 b,0.0,1.0,0.30046458800872866,0
2271,HD 109833 b,0.0,1.0,0.3004522626945648,0
2272,Kepler-1148 b,0.0,1.0,0.3003939259811761,0
2273,Kepler-171 d,0.0,1.0,0.3003086128663215,0
2274,Kepler-825 c,0.0,1.0,0.30030537977441374,0
2275,Kepler-549 b,0.0,1.0,0.3003004788211989,0
2276,K2-275 c,0.0,1.0,0.30029000129726935,0
2277,HIP 67851 c,0.002417976288944031,0.9005580344444105,0.3002640680924109,0
2278,Kepler-1972 c,0.0022477064220183486,0.9075605721944283,0.3002351698976348,0
2279,Kepler-836 b,0.0,1.0,0.30020551259982053,0
2280,Kepler-1788 b,0.0,1.0,0.3002027147690077,0
2281,HD 13908 b,0.0,1.0,0.3001783518791683,0
2282,Kepler-204 b,0.0,1.0,0.3001210361864808,0
2283,KMT-2018-BLG-1743L b,0.0,1.0,0.3000989753856238,0
2284,Kepler-1969 b,0.0022076228686058173,0.9092090529326473,0.3000465480932013,0
2285,Kepler-319 c,0.0022076228686058173,0.9092090529326473,0.30003956220688427,0
2286,K2-68 b,0.0,1.0,0.3000393928277879,0
2287,Kepler-1367 b,0.0,1.0,0.30003784383356835,0
2288,Kepler-1727 b,0.0,1.0,0.3000028705788893,0
2289,Kepler-1159 b,0.0,1.0,0.29999848514514094,0
2290,Kepler-668 b,0.0,1.0,0.2999748270201861,0
2291,Kepler-85 c,0.0,1.0,0.2999730574064986,0
2292,K2-36 b,0.0,1.0,0.2999719259862589,0
2293,Kepler-201 b,0.0,1.0,0.2999638040899888,0
2294,Kepler-742 b,0.0,1.0,0.299958986135083,0
2295,HD 221585 b,0.0,1.0,0.29995337196034266,0
2296,HD 95089 c,0.007117629781774746,0.8313847258470728,0.29992642124188584,0
2297,HATS-43 b,0.0,1.0,0.2999189675133034,0
2298,HD 153557 c,0.0,1.0,0.29991858333882504,0
2299,HD 147018 b,0.0,1.0,0.2999173495551386,0
2300,Kepler-1691 b,0.0,1.0,0.29988810751827444,0
2301,Kepler-372 c,0.002309503872723466,0.9050190832672869,0.29983664741260896,0
2302,Kepler-132 d,0.0,1.0,0.29982299032840143,0
2303,Kepler-878 b,0.0022076228686058173,0.9092090529326473,0.2997877174547167,0
2304,Kepler-788 b,0.0,1.0,0.2997874738284796,0
2305,HD 97658 b,0.006258899381909928,0.8517501274472855,0.29977224782188383,0
2306,HD 16141 b,0.0,1.0,0.2997563123024677,0
2307,Kepler-1042 b,0.0,1.0,0.29975444443620614,0
2308,Kepler-178 c,0.0,1.0,0.2997343457669872,0
2309,Kepler-1246 b,0.002486175375239815,0.8977532711299987,0.2997206749095277,0
2310,Kepler-325 b,0.0,1.0,0.29971662442896324,0
2311,Kepler-1588 b,0.0,1.0,0.2996855748231134,0
2312,HD 20781 c,0.0,1.0,0.29966841647835896,0
2313,Kepler-566 b,0.0,1.0,0.2996649098655493,0
2314,K2-227 b,0.0,1.0,0.29966304300768565,0
2315,Kepler-1675 b,0.0,1.0,0.2996409437992107,0
2316,Kepler-194 c,0.0,1.0,0.29962901590482405,0
2317,HATS-77 b,0.0,1.0,0.29960337921438684,0
2318,Kepler-1950 b,0.0,1.0,0.29959110462798877,0
2319,Kepler-1243 b,0.0,1.0,0.2995728571474222,0
2320,Kepler-106 c,0.0023788665368808136,0.9021664665185141,0.29956934885605246,0
2321,Kepler-360 c,0.002309503872723466,0.9050190832672869,0.2995414111290271,0
2322,Kepler-9 c,0.0,1.0,0.2995198354661232,0
2323,Kepler-1543 b,0.0,1.0,0.29950520757850874,0
2324,HD 36384 b,0.007997817816243102,0.8360552320016129,0.2994798271835577,0
2325,Kepler-1100 b,0.0,1.0,0.29947069459358955,0
2326,HD 102329 c,0.0,1.0,0.2994695250597482,0
2327,LkCa 15 c,0.3323853700551609,0.060851435908760965,0.29945659504830013,0
2328,LkCa 15 b,0.3323853700551609,0.060851435908760965,0.29945659504830013,0
2329,Kepler-949 c,0.0,1.0,0.2994560449972672,0
2330,Kepler-981 b,0.0,1.0,0.29945147498879077,0
2331,Kepler-241 b,0.0,1.0,0.29938953371347365,0
2332,Kepler-1402 b,0.0,1.0,0.2993850107506591,0
2333,Kepler-204 c,0.0,1.0,0.2993782977844842,0
2334,TOI-833 b,0.0,1.0,0.29937649767297625,0
2335,Kepler-770 b,0.0,1.0,0.29937468643076937,0
2336,Kepler-1864 b,0.0,1.0,0.2993663276301314,0
2337,Kepler-1859 b,0.0,1.0,0.2993644265459807,0
2338,Kepler-1615 b,0.002292947181998125,0.9056999955973019,0.2993456614707916,0
2339,Kepler-916 b,0.0,1.0,0.29932464995732755,0
2340,TOI-4201 b,0.0,1.0,0.29932223344935205,0
2341,Kepler-173 c,0.0,1.0,0.29931821026883276,0
2342,Kepler-1725 b,0.0,1.0,0.2993025889829954,0
2343,Kepler-1468 c,0.0,1.0,0.2992815992188118,0
2344,Kepler-1746 b,0.0,1.0,0.29927496149620414,0
2345,Kepler-1030 b,0.0,1.0,0.2992646116634088,0
2346,K2-165 d,0.0,1.0,0.2992586907147642,0
2347,K2-268 f,0.0,1.0,0.2992376542615085,0
2348,KMT-2021-BLG-1077L c,0.0,1.0,0.2991607634212336,0
2349,Kepler-1344 b,0.0,1.0,0.2991498098095078,0
2350,Kepler-1448 b,0.0,1.0,0.29911392302457407,0
2351,Kepler-1785 b,0.0,1.0,0.2990834776818362,0
2352,Kepler-320 b,0.0,1.0,0.29906188801133515,0
2353,Kepler-704 b,0.0,1.0,0.2990611753274035,0
2354,HD 136418 b,0.0,1.0,0.299038360453909,0
2355,Kepler-1832 b,0.0,1.0,0.29901894368959414,0
2356,HD 158259 d,0.0,1.0,0.29894809149977775,0
2357,Kepler-616 b,0.0,1.0,0.2989216820870696,0
2358,TOI-421 c,0.0,1.0,0.29891732409170246,0
2359,HD 206610 b,0.0,1.0,0.29889713769456616,0
2360,K2-31 b,0.0,1.0,0.2988939152822172,0
2361,Wolf 503 b,0.0,1.0,0.2988911765624154,0
2362,K2-160 b,0.0,1.0,0.2988899606934676,0
2363,Kepler-1885 b,0.0022076228686058173,0.9092090529326473,0.29888411299691897,0
2364,Kepler-868 b,0.0,1.0,0.2988721218988568,0
2365,Kepler-268 b,0.0,1.0,0.2988665209913517,0
2366,HD 88133 b,0.0,1.0,0.2988627293819665,0
2367,Kepler-385 c,0.0,1.0,0.29884419248983507,0
2368,Kepler-402 c,0.0,1.0,0.29881961285681585,0
2369,Kepler-1205 b,0.0,1.0,0.2987489202854292,0
2370,Kepler-623 b,0.0,1.0,0.2987473409042055,0
2371,PSR B0329+54 b,0.17648674150895574,0.24266627212029823,0.29874049343354936,0
2372,K2-110 b,0.008653617427602444,0.8224168588755563,0.29873493397852324,0
2373,Kepler-1828 b,0.0,1.0,0.29872240209491385,0
2374,Kepler-253 d,0.0,1.0,0.2987188793840535,0
2375,TOI-4145 A b,0.0,1.0,0.2987061163215754,0
2376,Kepler-958 b,0.002292947181998125,0.9056999955973019,0.2986941050211501,0
2377,Kepler-394 c,0.0,1.0,0.2986919473045506,0
2378,Kepler-1770 b,0.0,1.0,0.2986885144333983,0
2379,Kepler-424 c,0.11023825003057822,0.36953861490020445,0.29865218664691384,0
2380,Kepler-724 b,0.0,1.0,0.29865194850034416,0
2381,Kepler-1111 b,0.0,1.0,0.29860123234559877,0
2382,HD 99492 c,0.0019259064634787179,0.920794953581545,0.29858587210883847,0
2383,Kepler-1154 c,0.0,1.0,0.2985248722961439,0
2384,Kepler-79 b,0.0,1.0,0.2985246704657776,0
2385,Kepler-115 c,0.0,1.0,0.2985184016656063,0
2386,K2-207 b,0.0022076228686058173,0.9092090529326473,0.2985019342806838,0
2387,Kepler-766 b,0.0,1.0,0.29847614273982526,0
2388,HD 10180 c,0.0,1.0,0.2984686397939452,0
2389,TOI-5542 b,0.0,1.0,0.2984615439858216,0
2390,Kepler-310 b,0.0,1.0,0.29846077031603807,0
2391,HD 20794 b,0.0,1.0,0.29845611649515,0
2392,K2-80 b,0.0,1.0,0.29842218578373314,0
2393,Kepler-990 b,0.0,1.0,0.2984097349582786,0
2394,Kepler-361 c,0.0,1.0,0.298406216337195,0
2395,Kepler-197 d,0.0,1.0,0.2983964565485967,0
2396,Kepler-228 d,0.0,1.0,0.29838098794916246,0
2397,Kepler-615 b,0.0,1.0,0.29837778742194754,0
2398,Kepler-36 c,0.0,1.0,0.2983735506445203,0
2399,Kepler-142 c,0.0,1.0,0.29836314148619136,0
2400,WASP-60 b,0.0,1.0,0.29835535264357094,0
2401,HD 39855 b,0.0,1.0,0.29834756713857835,0
2402,HIP 56640 b,0.002417976288944031,0.9005580344444105,0.2983434131960377,0
2403,Kepler-710 b,0.0,1.0,0.2983375835333809,0
2404,TOI-1260 b,0.0,1.0,0.29831124456827707,0
2405,Kepler-1817 b,0.0,1.0,0.29826005759340757,0
2406,Kepler-1436 b,0.0,1.0,0.29825351639978104,0
2407,Kepler-1928 b,0.0,1.0,0.29816433074287396,0
2408,Kepler-587 b,0.0,1.0,0.2981619505488138,0
2409,OGLE-2007-BLG-349L AB c,0.0,1.0,0.2980932392662121,0
2410,OGLE-2017-BLG-1140L b,0.0,1.0,0.2980881811533681,0
2411,Kepler-163 c,0.0,1.0,0.2980754025120649,0
2412,HAT-P-54 b,0.0,1.0,0.2980671145348964,0
2413,HD 45184 b,0.0,1.0,0.29806398874546114,0
2414,HD 74156 b,0.0,1.0,0.29803795044207654,0
2415,Kepler-316 b,0.0,1.0,0.29803640324178804,0
2416,TOI-206 b,0.0,1.0,0.29801540861694403,0
2417,Kepler-122 d,0.0,1.0,0.2979879368717513,0
2418,HD 88986 b,0.02533560381611945,0.6890873471977866,0.29797920431158753,0
2419,Kepler-114 d,0.0,1.0,0.2979764235704774,0
2420,Kepler-626 b,0.0,1.0,0.2979718322600725,0
2421,Kepler-376 b,0.0,1.0,0.2979698293383374,0
2422,TOI-1136 e,0.0,1.0,0.29793424907112004,0
2423,Pr0211 c,0.0,1.0,0.2979156246432517,0
2424,Kepler-150 d,0.0,1.0,0.29790379470561956,0
2425,Kepler-609 b,0.0,1.0,0.29790344520645157,0
2426,HIP 9618 c,0.0,1.0,0.29790130701262574,0
2427,HD 12661 b,0.002392367906066536,0.9016112076867129,0.29783867769940786,0
2428,Kepler-763 b,0.0,1.0,0.2978357443093014,0
2429,Kepler-1404 b,0.0,1.0,0.297754739267698,0
2430,Kepler-1776 b,0.0,1.0,0.29775205786810177,0
2431,Kepler-1753 b,0.0,1.0,0.2977258213406534,0
2432,K2-233 c,0.015510857462070178,0.7605358816035009,0.2977128133111173,0
2433,Kepler-1255 b,0.0,1.0,0.29771228978438335,0
2434,Kepler-1247 b,0.0,1.0,0.29770279645634723,0
2435,Kepler-1433 b,0.0,1.0,0.2976975805644938,0
2436,Kepler-832 b,0.002292947181998125,0.9056999955973019,0.2976961780266927,0
2437,Kepler-608 b,0.0,1.0,0.2976845120914692,0
2438,HD 219828 b,0.0,1.0,0.2976790955773957,0
2439,Kepler-265 b,0.0,1.0,0.29767125390391314,0
2440,Kepler-444 f,0.0,1.0,0.2975519649762228,0
2441,Kepler-961 b,0.0,1.0,0.29751741529307374,0
2442,Kepler-1486 b,0.0,1.0,0.29750394798292235,0
2443,HATS-8 b,0.0021996996996997,0.9095349020706455,0.29749319668771146,0
2444,Kepler-1814 c,0.0,1.0,0.29748142533044475,0
2445,Kepler-128 b,0.0,1.0,0.2974707277432004,0
2446,Kepler-899 b,0.0,1.0,0.2974673564482556,0
2447,TOI-201 b,0.0,1.0,0.2974533930261372,0
2448,Kepler-590 b,0.0,1.0,0.2974491453658402,0
2449,Kepler-82 c,0.0,1.0,0.2974459278840006,0
2450,Kepler-223 b,0.004230964477736125,0.87710345761879,0.2974372250691249,0
2451,Kepler-306 d,0.0,1.0,0.29741590143118946,0
2452,K2-97 b,0.0,1.0,0.29740770786011594,0
2453,Kepler-1910 b,0.0,1.0,0.2974035154629605,0
2454,Kepler-703 b,0.0,1.0,0.29738803225712046,0
2455,HD 110067 b,0.0,1.0,0.29735439242450606,0
2456,EPIC 206317286 c,0.0,1.0,0.2973336633981805,0
2457,Kepler-220 c,0.0,1.0,0.29727500566108755,0
2458,Kepler-1560 b,0.0,1.0,0.2972552501196173,0
2459,Kepler-292 e,0.0,1.0,0.29724865147031376,0
2460,Kepler-1070 b,0.0,1.0,0.29724077581414304,0
2461,Kepler-1575 b,0.0,1.0,0.2972380746964999,0
2462,HD 96700 c,0.0,1.0,0.29718872203185764,0
2463,TOI-451 d,0.0,1.0,0.29716260533799543,0
2464,Kepler-143 c,0.0,1.0,0.297160540226863,0
2465,Kepler-144 b,0.0,1.0,0.2971554986926891,0
2466,Kepler-507 b,0.0,1.0,0.2971150299747921,0
2467,8 UMi b,0.0,1.0,0.29710548556733485,0
2468,K2-65 b,0.0,1.0,0.29708672890653154,0
2469,K2-265 b,0.0022076228686058173,0.9092090529326473,0.297080182837855,0
2470,K2-119 b,0.0,1.0,0.29704202721583295,0
2471,TOI-564 b,0.0,1.0,0.2970176451010611,0
2472,HD 47366 b,0.0,1.0,0.2969959096040865,0
2473,Kepler-684 b,0.0,1.0,0.2969585756828429,0
2474,TrES-1 b,0.0,1.0,0.29693372086202713,0
2475,Kepler-131 c,0.0,1.0,0.29691280416287347,0
2476,K2-188 c,0.0,1.0,0.2968542371528533,0
2477,Kepler-84 d,0.0,1.0,0.2968448980344663,0
2478,HD 33844 c,0.0,1.0,0.29684288411794546,0
2479,Kepler-1021 b,0.0,1.0,0.2968333938732476,0
2480,Kepler-896 c,0.014420359450527815,0.7772775439610713,0.2968328705309656,0
2481,Kepler-341 e,0.0,1.0,0.29681924554664607,0
2482,Kepler-564 b,0.0,1.0,0.2967999631370142,0
2483,K2-140 b,0.0,1.0,0.2967499172187148,0
2484,Kepler-613 b,0.0,1.0,0.29672830478654105,0
2485,K2-255 b,0.0,1.0,0.29669535198881547,0
2486,Kepler-1730 b,0.0,1.0,0.2966823620379585,0
2487,Kepler-648 b,0.0021996996996997,0.9095349020706455,0.29667810326040633,0
2488,HD 12235 c,0.0,1.0,0.2966515173070656,0
2489,K2-201 b,0.0,1.0,0.2966409978339021,0
2490,Kepler-992 b,0.002280356402818069,0.9062178054018329,0.2966152102249111,0
2491,Kepler-596 b,0.0,1.0,0.2966012004985565,0
2492,Kepler-11 d,0.0,1.0,0.29659154358499107,0
2493,Kepler-697 b,0.0,1.0,0.2965739203065789,0
2494,Kepler-877 b,0.0,1.0,0.2965517828166509,0
2495,HD 73534 b,0.002417976288944031,0.9005580344444105,0.296540450709325,0
2496,Kepler-660 b,0.0,1.0,0.2965376828753219,0
2497,HD 10180 e,0.0,1.0,0.2965372438884456,0
2498,Kepler-1639 b,0.0,1.0,0.2965311273468305,0
2499,Kepler-898 b,0.0,1.0,0.2965154391009418,0
2500,Wendelstein-1 b,0.0,1.0,0.29651320645083645,0
2501,HD 129445 b,0.0,1.0,0.2965004547463854,0
2502,OGLE-TR-182 b,0.0,1.0,0.2964882732011959,0
2503,Kepler-1415 b,0.0,1.0,0.29648039729138176,0
2504,HD 81040 b,0.0,1.0,0.29646997534222946,0
2505,HD 30177 b,0.0,1.0,0.2964666628272433,0
2506,K2-162 b,0.002486175375239815,0.8977532711299987,0.29645937621612495,0
2507,Kepler-1569 b,0.0,1.0,0.2964399478004304,0
2508,HD 4732 c,0.002417976288944031,0.9005580344444105,0.29643273734514,0
2509,Kepler-1842 b,0.0,1.0,0.2964236390530834,0
2510,Kepler-183 b,0.002292947181998125,0.9056999955973019,0.29639241232910796,0
2511,HD 102329 b,0.0,1.0,0.2963737421072383,0
2512,WASP-171 b,0.0,1.0,0.2963480799012642,0
2513,K2-358 b,0.0,1.0,0.29633367009050404,0
2514,Kepler-765 b,0.0,1.0,0.29632369476721643,0
2515,Kepler-728 b,0.0,1.0,0.29632125684346056,0
2516,Kepler-484 b,0.0,1.0,0.29630855390811084,0
2517,Kepler-1618 b,0.0,1.0,0.29630105314130184,0
2518,Kepler-1604 b,0.0,1.0,0.2962996131221861,0
2519,K2-111 b,0.0,1.0,0.29629709683618954,0
2520,K2-201 c,0.0,1.0,0.29629343911912254,0
2521,Kepler-528 b,0.002309503872723466,0.9050190832672869,0.29626290353508655,0
2522,HD 131496 b,0.0,1.0,0.2962604306642841,0
2523,Kepler-338 e,0.0,1.0,0.2962587936957255,0
2524,Kepler-1153 b,0.0,1.0,0.2962569963981706,0
2525,TOI-262 b,0.009307704086977269,0.8093105052688839,0.2962501498386877,0
2526,Kepler-1166 b,0.0,1.0,0.29622931240476347,0
2527,Kepler-1761 b,0.0,1.0,0.2962248919320527,0
2528,Kepler-88 d,0.004621014833003626,0.86559754813961,0.2962170875941119,0
2529,Kepler-374 c,0.0,1.0,0.29621380211725534,0
2530,HD 51608 b,0.0,1.0,0.2962048228124022,0
2531,K2-159 b,0.0,1.0,0.2962036267656458,0
2532,Kepler-142 d,0.0,1.0,0.2961903651924991,0
2533,HAT-P-62 b,0.0,1.0,0.2961803889442264,0
2534,OGLE-2018-BLG-0799L b,0.0,1.0,0.2961520283561643,0
2535,KMT-2022-BLG-0371L b,0.0,1.0,0.2961520283561643,0
2536,Kepler-387 b,0.0,1.0,0.2961384782945323,0
2537,HD 152079 b,0.0,1.0,0.2961352210411913,0
2538,Kepler-735 b,0.002175286221871299,0.91053893351314,0.2961243043014382,0
2539,Kepler-371 b,0.0,1.0,0.29606748266755284,0
2540,Kepler-1897 b,0.0,1.0,0.2960669702975721,0
2541,Kepler-665 b,0.0,1.0,0.29601050129223094,0
2542,K2-29 b,0.0,1.0,0.2960003776542908,0
2543,Kepler-106 d,0.0,1.0,0.2959855019951653,0
2544,Kepler-1492 b,0.002486175375239815,0.8977532711299987,0.2959795012683989,0
2545,TOI-2196 b,0.0,1.0,0.29596023292691076,0
2546,K2-289 b,0.002175286221871299,0.91053893351314,0.2959534923695777,0
2547,Kepler-955 b,0.0,1.0,0.2959414046854145,0
2548,Kepler-279 b,0.0,1.0,0.29588573564865034,0
2549,K2-190 c,0.0,1.0,0.2958528529522011,0
2550,Kepler-1232 b,0.0,1.0,0.29584618106102456,0
2551,OGLE-2019-BLG-0468L c,0.0,1.0,0.2958432516973798,0
2552,Kepler-1122 b,0.0,1.0,0.29582949506436307,0
2553,Kepler-308 b,0.0,1.0,0.2957720001924187,0
2554,TYC 8998-760-1 c,0.011050091147160008,0.797025578851997,0.2957557105358204,0
2555,Kepler-741 b,0.0,1.0,0.295752904019009,0
2556,Kepler-747 b,0.0,1.0,0.2957496987202609,0
2557,Kepler-1676 b,0.0,1.0,0.2957139580969954,0
2558,KOI-1783.01,0.0,1.0,0.295704994030907,0
2559,Kepler-781 b,0.0,1.0,0.2956708196569192,0
2560,Kepler-355 c,0.0,1.0,0.29566959069460474,0
2561,K2-83 b,0.0,1.0,0.29566615142134,0
2562,Kepler-972 b,0.0,1.0,0.2956613909056187,0
2563,Kepler-111 c,0.0023415492957746475,0.9037011795848398,0.29565282297103973,0
2564,Kepler-559 b,0.0,1.0,0.29562139837851586,0
2565,HD 202696 b,0.0,1.0,0.2955750316405412,0
2566,Kepler-287 b,0.0,1.0,0.29555540769895783,0
2567,Kepler-1943 b,0.0,1.0,0.295531409642146,0
2568,HIP 63242 b,0.0,1.0,0.29552810462756735,0
2569,Kepler-177 c,0.0,1.0,0.29552355337115943,0
2570,HD 164922 c,0.0,1.0,0.295471027085232,0
2571,HD 3651 b,0.0,1.0,0.2954397874885116,0
2572,Kepler-1563 b,0.0,1.0,0.2954269721817368,0
2573,Kepler-28 c,0.0,1.0,0.29541866565559055,0
2574,K2-365 b,0.0,1.0,0.2954074348112429,0
2575,Kepler-511 b,0.002392367906066536,0.9016112076867129,0.29538034663559004,0
2576,Kepler-1167 b,0.0,1.0,0.29536612836951226,0
2577,Kepler-30 b,0.0,1.0,0.29536000087671654,0
2578,HD 50499 c,0.0024329551315110886,0.8999420128757017,0.2953497747008814,0
2579,Kepler-113 b,0.0022638118710207435,0.9068982176824028,0.2952453972609108,0
2580,Kepler-614 b,0.0,1.0,0.2952105197323056,0
2581,Kepler-881 b,0.0,1.0,0.295183864180794,0
2582,Kepler-573 b,0.0,1.0,0.29517002011134863,0
2583,OGLE-2014-BLG-1722L c,0.0,1.0,0.29515268104279013,0
2584,TOI-4010 e,0.0019444444444444444,0.9200325584856566,0.29515084490748017,0
2585,Kepler-132 c,0.0,1.0,0.2951419412061441,0
2586,TOI-500 d,0.0,1.0,0.29513854259969463,0
2587,HD 149143 b,0.0,1.0,0.29509545187818953,0
2588,Kepler-346 b,0.0,1.0,0.2950948202141136,0
2589,Kepler-449 c,0.0,1.0,0.29508876442040766,0
2590,HD 115404 A b,0.002099160145065852,0.9136697031332474,0.2950756054647558,0
2591,Kepler-1608 b,0.0,1.0,0.29506654196860505,0
2592,Kepler-1002 b,0.0,1.0,0.29506480560587844,0
2593,HD 48265 b,0.004699653492830715,0.8634762036285413,0.2950557506221907,0
2594,Kepler-749 b,0.0,1.0,0.29505505558252454,0
2595,Kepler-1715 b,0.0,1.0,0.29504425255047684,0
2596,K2-79 b,0.0,1.0,0.29502585950297433,0
2597,HR 858 d,0.0,1.0,0.2950121454018867,0
2598,PSR B1257+12 b,0.0,1.0,0.29500693701836506,0
2599,K2-45 b,0.0,1.0,0.29500602196567743,0
2600,HD 92788 b,0.07893118875302539,0.45737954430080374,0.2949899558604691,0
2601,Kepler-234 c,0.0,1.0,0.29495882492913117,0
2602,Kepler-1065 c,0.0,1.0,0.2949237407037555,0
2603,TIC 279401253 c,0.0,1.0,0.29488393234462607,0
2604,Kepler-82 f,0.0,1.0,0.29487111487047923,0
2605,Kepler-124 c,0.0,1.0,0.29486840330562514,0
2606,Kepler-633 c,0.0,1.0,0.2948367247477517,0
2607,Kepler-859 b,0.0,1.0,0.2948265036586505,0
2608,HD 101930 b,0.0,1.0,0.29482347317377544,0
2609,Kepler-1642 b,0.0,1.0,0.29480974035150154,0
2610,Kepler-269 b,0.0,1.0,0.2948000964824199,0
2611,PSR B1257+12 d,0.006851974212387358,0.8371476814514922,0.2947594545801975,0
2612,HD 156098 c,0.0,1.0,0.2947395821458885,0
2613,HD 3167 b,0.0,1.0,0.29470723157513234,0
2614,Kepler-45 b,0.0,1.0,0.29466962469616464,0
2615,Kepler-561 c,0.0022076228686058173,0.9092090529326473,0.29463095561757674,0
2616,Kepler-1355 b,0.0,1.0,0.2946211740557986,0
2617,HIP 113103 c,0.0,1.0,0.2946138187464987,0
2618,Kepler-1898 b,0.0,1.0,0.29460810152826644,0
2619,MOA-2007-BLG-192L b,0.011582858717697457,0.7874403658194065,0.29457545742803226,0
2620,Kepler-1884 b,0.0,1.0,0.2945732150974769,0
2621,WASP-126 b,0.0,1.0,0.2945613475640867,0
2622,Kepler-1726 b,0.0,1.0,0.29455462504399144,0
2623,Kepler-422 b,0.0,1.0,0.29454556464756376,0
2624,TOI-712 b,0.0,1.0,0.2945223614089315,0
2625,TOI-942 b,0.0,1.0,0.2945058248241581,0
2626,Kepler-10 c,0.0023788665368808136,0.9021664665185141,0.29450333493807446,0
2627,Kepler-411 e,0.0,1.0,0.2944945929120082,0
2628,Kepler-127 d,0.004705253032255678,0.8633357751626133,0.294482438478909,0
2629,K2-59 c,0.002051485703606802,0.9156303675893598,0.29447770360356107,0
2630,LTT 9779 b,0.0,1.0,0.2944400229779457,0
2631,Kepler-1946 b,0.0,1.0,0.29440309551345123,0
2632,Kepler-1998 b,0.0,1.0,0.2943906511832485,0
2633,Kepler-769 b,0.0,1.0,0.2943848171876031,0
2634,Kepler-1288 b,0.0,1.0,0.29436796329394577,0
2635,Kepler-817 b,0.0,1.0,0.2943610579151934,0
2636,Kepler-367 b,0.01167150989366169,0.7862358333643582,0.29435950306672587,0
2637,Kepler-1921 b,0.0,1.0,0.2943575071996569,0
2638,Kepler-1952 b,0.0,1.0,0.29434039979995663,0
2639,TOI-1338 b,0.0,1.0,0.2943399032164893,0
2640,Kepler-552 b,0.0,1.0,0.2943321871811972,0
2641,Kepler-302 b,0.0,1.0,0.29432306182180923,0
2642,Kepler-752 b,0.0,1.0,0.2943043871788411,0
2643,Kepler-356 b,0.0,1.0,0.2942999304049402,0
2644,MOA-2010-BLG-353L b,0.0,1.0,0.2942927570576319,0
2645,OGLE-2006-BLG-109L c,0.0,1.0,0.2942927570576319,0
2646,Kepler-398 c,0.002486175375239815,0.8977532711299987,0.2942830292440213,0
2647,Kepler-384 c,0.004405896407254627,0.8720338917376425,0.2942551124097462,0
2648,Kepler-1738 b,0.0,1.0,0.294251357762112,0
2649,EPIC 212587672 b,0.0,1.0,0.2942373894155241,0
2650,NGTS-15 b,0.0,1.0,0.29422060254707305,0
2651,Kepler-217 c,0.0,1.0,0.29421917939056236,0
2652,Kepler-1594 b,0.0,1.0,0.2942156433463724,0
2653,Kepler-290 b,0.0,1.0,0.29420567075923487,0
2654,Kepler-1239 b,0.0,1.0,0.2941950864411379,0
2655,K2-19 d,0.015510857462070178,0.7605358816035009,0.29419136014842007,0
2656,Kepler-1398 c,0.0,1.0,0.2941874614876296,0
2657,Kepler-1791 b,0.0,1.0,0.2941832445761144,0
2658,HD 191939 b,0.0,1.0,0.29417448926890216,0
2659,Kepler-1075 b,0.0,1.0,0.29417233761461337,0
2660,Kepler-506 b,0.0,1.0,0.2941594840977062,0
2661,K2-379 b,0.0,1.0,0.29415571685507813,0
2662,Kepler-404 c,0.0,1.0,0.2941207031057924,0
2663,Kepler-166 d,0.0,1.0,0.29411869698687554,0
2664,Kepler-1267 b,0.0,1.0,0.29411273903502066,0
2665,HD 5891 b,0.0024080781472944797,0.9009651065341908,0.294101180045335,0
2666,Kepler-1374 b,0.0,1.0,0.29401645944586086,0
2667,HD 23472 b,0.0021423712342079687,0.9118925990078955,0.29400188400436655,0
2668,WASP-140 b,0.0,1.0,0.2939864338800887,0
2669,KMT-2021-BLG-1547L b,0.0,1.0,0.29397629751412857,0
2670,NGC 2682 Sand 978 b,0.0,1.0,0.29396116594608257,0
2671,HD 190647 b,0.0,1.0,0.2939427904813363,0
2672,Kepler-1679 b,0.002292947181998125,0.9056999955973019,0.29394247786088523,0
2673,HAT-P-68 b,0.0,1.0,0.29394095156599076,0
2674,Kepler-1702 b,0.0,1.0,0.29389227038759347,0
2675,Kepler-997 b,0.0,1.0,0.2938689181366363,0
2676,WASP-11 b,0.0,1.0,0.29386363617937405,0
2677,Kepler-1189 b,0.0,1.0,0.2938571207749723,0
2678,Kepler-1989 b,0.0,1.0,0.2938473416985715,0
2679,Kepler-1772 b,0.0,1.0,0.29383629452093696,0
2680,Kepler-1557 b,0.0,1.0,0.2938264885195727,0
2681,Kepler-734 b,0.0,1.0,0.29382001078136166,0
2682,Kepler-619 b,0.0,1.0,0.2937988179891445,0
2683,HATS-38 b,0.0,1.0,0.2937977267003862,0
2684,TOI-2134 c,0.0,1.0,0.29377168020045064,0
2685,Kepler-998 b,0.0,1.0,0.2937671765047368,0
2686,Kepler-375 c,0.0,1.0,0.2937369174783875,0
2687,Kepler-1392 b,0.0,1.0,0.2937356399473079,0
2688,Kepler-20 g,0.0,1.0,0.29373248232918986,0
2689,K2-355 b,0.0,1.0,0.29372834467598297,0
2690,HD 205158 b,0.0,1.0,0.29372481370056325,0
2691,Kepler-1187 b,0.0,1.0,0.2937124736908834,0
2692,Kepler-1274 b,0.0,1.0,0.2937100307548655,0
2693,Kepler-1068 b,0.0,1.0,0.29370769491932913,0
2694,HD 47536 b,0.0,1.0,0.29367693882878976,0
2695,Kepler-254 d,0.0,1.0,0.29364770475169977,0
2696,Kepler-100 b,0.0,1.0,0.29364607419939104,0
2697,Kepler-80 f,0.002142579264734487,0.9118840435209997,0.2936451961954906,0
2698,Kepler-26 d,0.004259869105193689,0.876242801533948,0.2936186489925907,0
2699,HATS-62 b,0.0,1.0,0.293586944319717,0
2700,Kepler-845 b,0.0,1.0,0.29357896380684717,0
2701,Kepler-716 b,0.002175286221871299,0.91053893351314,0.29354824053773254,0
2702,KMT-2018-BLG-0030L b,0.0,1.0,0.29354080479085015,0
2703,Kepler-107 c,0.0023404482390608325,0.9037464617674268,0.2934876579434935,0
2704,Kepler-880 b,0.0,1.0,0.293479683595262,0
2705,Kepler-37 b,0.0,1.0,0.29347437318255076,0
2706,Kepler-381 d,0.0,1.0,0.293459972793808,0
2707,Kepler-195 c,0.0,1.0,0.29344788363966023,0
2708,Kepler-1403 b,0.0,1.0,0.2934347922383875,0
2709,Kepler-1819 b,0.0021996996996997,0.9095349020706455,0.2934265537480303,0
2710,Kepler-79 d,0.0,1.0,0.2934222190350668,0
2711,Kepler-25 b,0.0,1.0,0.29341835281519957,0
2712,KMT-2016-BLG-1105L b,0.04120911109436805,0.6085622075786103,0.2934056764111156,0
2713,Kepler-299 e,0.0,1.0,0.29340046552358945,0
2714,Kepler-256 b,0.0,1.0,0.2933972245129717,0
2715,Kepler-1958 b,0.002292947181998125,0.9056999955973019,0.2933924330936597,0
2716,Kepler-130 c,0.0,1.0,0.29338652529399045,0
2717,Kepler-1932 b,0.0,1.0,0.29336873994598733,0
2718,Kepler-999 b,0.0,1.0,0.2933529981019399,0
2719,Kepler-444 d,0.0,1.0,0.293341299341925,0
2720,Kepler-693 b,0.0,1.0,0.2933236838375227,0
2721,Kepler-1155 b,0.0,1.0,0.293319878753252,0
2722,HD 12648 b,0.0,1.0,0.2933056155438815,0
2723,Kepler-1665 b,0.0021079185085527584,0.9133095056887282,0.29329681782189465,0
2724,Kepler-30 d,0.0,1.0,0.29328535327500904,0
2725,Kepler-1542 c,0.0,1.0,0.29326587152487493,0
2726,GJ 3473 b,0.0,1.0,0.2932437692687666,0
2727,K2-290 b,0.0,1.0,0.2932222118116664,0
2728,Kepler-535 b,0.0,1.0,0.2931927531686202,0
2729,Kepler-717 b,0.0,1.0,0.2931626496958646,0
2730,Kepler-1995 b,0.004101192685350017,0.8806634835374639,0.29313508039996883,0
2731,HD 1605 b,0.0,1.0,0.2931251739926215,0
2732,TOI-2427 b,0.0,1.0,0.2931232384998519,0
2733,HD 7924 b,0.002051820728291317,0.9156165893264004,0.2931013588765479,0
2734,HATS-10 b,0.0,1.0,0.29309901738361904,0
2735,Kepler-81 b,0.0023251748251748253,0.9043745979094209,0.29309774892924934,0
2736,gam Cep b,0.0,1.0,0.2930909970587776,0
2737,Kepler-902 b,0.0,1.0,0.29306778574057557,0
2738,HD 196885 A b,0.0,1.0,0.29306578678692086,0
2739,Kepler-669 b,0.0,1.0,0.2930494089834538,0
2740,HD 21693 b,0.0,1.0,0.2930288802403833,0
2741,HD 168746 b,0.0,1.0,0.29301202004961024,0
2742,Kepler-1113 b,0.0,1.0,0.2929956229443985,0
2743,HD 109833 c,0.0,1.0,0.2929870312926022,0
2744,DMPP-1 e,0.0,1.0,0.2929671235858601,0
2745,K2-148 b,0.0,1.0,0.2929247059416561,0
2746,Kepler-331 c,0.0,1.0,0.29289598508370507,0
2747,Kepler-512 b,0.002333711530279393,0.9040235164125305,0.29282069261591814,0
2748,Kepler-1294 b,0.0,1.0,0.29279250761475173,0
2749,K2-392 b,0.0,1.0,0.29276620579006973,0
2750,Kepler-354 c,0.002486175375239815,0.8977532711299987,0.2927486168806499,0
2751,OGLE-2019-BLG-1053L b,0.04120911109436805,0.6085622075786103,0.29273757864326766,0
2752,K2-336 b,0.0,1.0,0.29270301091789874,0
2753,TOI-1728 b,0.0021545632973503435,0.9113911868440941,0.29268207362987453,0
2754,HD 19994 b,0.0,1.0,0.2926748476249781,0
2755,Kepler-1329 b,0.0,1.0,0.2926219706490053,0
2756,Kepler-215 b,0.0,1.0,0.2926209955227689,0
2757,Kepler-865 b,0.0,1.0,0.292601318687575,0
2758,WASP-132 c,0.0022638118710207435,0.9068982176824028,0.2925428909057908,0
2759,Kepler-474 b,0.0,1.0,0.29252647052307923,0
2760,OGLE-2018-BLG-0740L b,0.0,1.0,0.29250003934464586,0
2761,HD 11112 b,0.0,1.0,0.2924816363246747,0
2762,K2-128 b,0.0,1.0,0.29247283474333796,0
2763,Kepler-617 b,0.0,1.0,0.29242762774935993,0
2764,K2-391 b,0.0,1.0,0.29242702738687537,0
2765,Kepler-1444 b,0.0,1.0,0.2924142059422914,0
2766,K2-408 b,0.0,1.0,0.29240607030340804,0
2767,K2-35 c,0.002142579264734487,0.9118840435209997,0.2923955282226709,0
2768,K2-352 d,0.0,1.0,0.29233057121848083,0
2769,Kepler-751 b,0.0,1.0,0.29232354674760064,0
2770,Kepler-80 b,0.0,1.0,0.2922874828384946,0
2771,K2-319 b,0.0,1.0,0.2922452577188237,0
2772,Kepler-815 b,0.0,1.0,0.29223901495003457,0
2773,Kepler-1395 b,0.0,1.0,0.29223765829383175,0
2774,Kepler-209 c,0.0,1.0,0.2922245129501022,0
2775,Kepler-1412 b,0.0,1.0,0.2921848590582271,0
2776,K2-11 b,0.0,1.0,0.2921616638743397,0
2777,Kepler-1282 b,0.0022076228686058173,0.9092090529326473,0.2921368190764214,0
2778,Kepler-1877 b,0.0022477064220183486,0.9075605721944283,0.29213344328982344,0
2779,TOI-2445 b,0.0,1.0,0.2921246828412264,0
2780,HD 176986 c,0.002061855670103092,0.9152038911777212,0.2921031296268191,0
2781,Kepler-184 c,0.0,1.0,0.2920747147694729,0
2782,Kepler-1055 b,0.0,1.0,0.2920125576591902,0
2783,Kepler-31 b,0.0,1.0,0.29200679057518575,0
2784,K2-248 b,0.0022076228686058173,0.9092090529326473,0.2919994982399442,0
2785,Kepler-1762 b,0.0,1.0,0.29198466038117066,0
2786,TOI-2076 c,0.0,1.0,0.2919653791128465,0
2787,Kepler-1941 b,0.0,1.0,0.29196483166074905,0
2788,Kepler-688 b,0.0,1.0,0.2919602994138612,0
2789,OGLE-2019-BLG-0960L b,0.04120911109436805,0.6085622075786103,0.2919209105208108,0
2790,HD 23127 b,0.0,1.0,0.29191865466495437,0
2791,Kepler-1299 b,0.0,1.0,0.29189369147976924,0
2792,TOI-3976 A b,0.0,1.0,0.29188707544515413,0
2793,Kepler-1705 c,0.0,1.0,0.29188620686828276,0
2794,Kepler-1056 b,0.0,1.0,0.29188106670377423,0
2795,Kepler-753 b,0.0,1.0,0.29187153938655014,0
2796,Kepler-967 b,0.0,1.0,0.2918558564673973,0
2797,Kepler-454 d,0.0,1.0,0.29184682360681236,0
2798,K2-53 b,0.0,1.0,0.29184464957384015,0
2799,Kepler-627 b,0.0,1.0,0.2918198505696269,0
2800,Kepler-259 b,0.0,1.0,0.2918069509286351,0
2801,Kepler-381 b,0.0,1.0,0.2918039347703528,0
2802,Kepler-498 b,0.004230964477736125,0.87710345761879,0.29180373356870815,0
2803,TOI-2010 b,0.0,1.0,0.29179773059042524,0
2804,TOI-4406 b,0.0,1.0,0.2917710058417621,0
2805,TOI-1136 f,0.0,1.0,0.2917574720976974,0
2806,Kepler-1312 b,0.002309503872723466,0.9050190832672869,0.2916999420970467,0
2807,Kepler-65 c,0.0,1.0,0.2916923087010959,0
2808,HD 190007 b,0.002051485703606802,0.9156303675893598,0.29168397836509613,0
2809,Kepler-1854 b,0.0,1.0,0.2916158147903215,0
2810,Kepler-1644 b,0.0,1.0,0.2916040404404776,0
2811,K2-316 b,0.0,1.0,0.29159813409335167,0
2812,Kepler-196 b,0.002462311557788945,0.8987346971778162,0.29158785180370883,0
2813,WASP-69 b,0.004229113004223982,0.8771309334645456,0.29157444292903867,0
2814,Kepler-24 e,0.0,1.0,0.2915623167928154,0
2815,Kepler-1065 b,0.0,1.0,0.2915381516058536,0
2816,HIP 116454 b,0.010541135515438222,0.8065998529661945,0.29152871009965503,0
2817,K2-104 b,0.0,1.0,0.2914952339022877,0
2818,WD 0806-661 b,0.0,1.0,0.29147269615317595,0
2819,K2-193 b,0.0,1.0,0.2914689615362019,0
2820,Kepler-1546 b,0.0,1.0,0.2914530895600014,0
2821,Kepler-172 e,0.004705253032255678,0.8633357751626133,0.2914389884958057,0
2822,Kepler-689 b,0.0,1.0,0.2913935062697681,0
2823,Kepler-124 d,0.0,1.0,0.29138497866561885,0
2824,EPIC 206024342 b,0.0,1.0,0.2913832439141558,0
2825,KMT-2019-BLG-2974L b,0.0,1.0,0.29136819448107915,0
2826,HD 154857 c,0.0,1.0,0.29133227540503825,0
2827,HD 63433 c,0.0,1.0,0.2912979171024921,0
2828,HD 7924 c,0.0,1.0,0.2912762732801375,0
2829,Kepler-750 c,0.0,1.0,0.2912184974015052,0
2830,K2-247 c,0.0,1.0,0.2912104541289393,0
2831,K2-272 b,0.0,1.0,0.2911863828923712,0
2832,Kepler-198 c,0.0,1.0,0.29117362821604065,0
2833,Kepler-513 b,0.0,1.0,0.2911735910154312,0
2834,HD 4732 b,0.0,1.0,0.2911705682843999,0
2835,Kepler-297 b,0.0,1.0,0.2911518954932754,0
2836,OGLE-2018-BLG-0962L b,0.0,1.0,0.2911455990767605,0
2837,Kepler-175 c,0.0,1.0,0.2911404927435124,0
2838,Kepler-926 b,0.0,1.0,0.29112396490677594,0
2839,Kepler-554 b,0.0,1.0,0.2911090704639765,0
2840,Kepler-1466 b,0.0,1.0,0.29110848806842315,0
2841,Kepler-593 b,0.0,1.0,0.2910908395059926,0
2842,Kepler-1078 b,0.0,1.0,0.29108090725779767,0
2843,Kepler-1722 b,0.0,1.0,0.291080482943859,0
2844,Kepler-1839 b,0.0,1.0,0.29107574054805513,0
2845,Kepler-366 b,0.0,1.0,0.29102073872014356,0
2846,Kepler-154 d,0.0,1.0,0.2910190205465676,0
2847,Kepler-1731 b,0.0,1.0,0.2909959248842242,0
2848,EPIC 201615463 c,0.0,1.0,0.2909736294928318,0
2849,OGLE-2018-BLG-0596L b,0.002412848059636045,0.9007689385812859,0.2909455342305388,0
2850,Kepler-732 c,0.0,1.0,0.29093967143279714,0
2851,CoRoT-7 b,0.0,1.0,0.29084772843692686,0
2852,Kepler-1001 b,0.0,1.0,0.2908469311708147,0
2853,Kepler-1379 b,0.0,1.0,0.29082901132342476,0
2854,Kepler-160 d,0.0,1.0,0.29082582890959696,0
2855,Kepler-65 b,0.0,1.0,0.2908161107817361,0
2856,Kepler-11 e,0.0,1.0,0.2908158333170034,0
2857,K2-44 b,0.0,1.0,0.29078064593644026,0
2858,HD 20003 c,0.0,1.0,0.29076985932907073,0
2859,Kepler-250 d,0.0021079185085527584,0.9133095056887282,0.2907672337688385,0
2860,Kepler-132 b,0.0,1.0,0.2907595385152665,0
2861,Kepler-606 b,0.0,1.0,0.2907574359776296,0
2862,HD 22946 d,0.0,1.0,0.29075259389190866,0
2863,HD 68402 b,0.0,1.0,0.2907435412246875,0
2864,Kepler-1551 b,0.0,1.0,0.29073227531298146,0
2865,TOI-1695 b,0.0,1.0,0.2907241028505406,0
2866,Kepler-1234 b,0.006337031512776741,0.8498784782533686,0.2907230889437856,0
2867,Kepler-1014 b,0.0,1.0,0.29071598288316386,0
2868,Kepler-220 b,0.004259869105193689,0.876242801533948,0.2907106550349713,0
2869,Kepler-578 b,0.0,1.0,0.29066967979073544,0
2870,K2-154 b,0.0024139634447554754,0.9007230671270734,0.29062169214474787,0
2871,TOI-2152 A b,0.0,1.0,0.2906044718068631,0
2872,TOI-2587 A b,0.0,1.0,0.29057796392719126,0
2873,PSR J1719-1438 b,0.0,1.0,0.29057722919480516,0
2874,Kepler-1201 b,0.0,1.0,0.2905442259669401,0
2875,Kepler-563 b,0.0,1.0,0.2905245749143156,0
2876,K2-414 c,0.0,1.0,0.2905136438252651,0
2877,HD 96167 b,0.0,1.0,0.29051339154658684,0
2878,K2-331 c,0.0,1.0,0.29050961567304623,0
2879,Kepler-262 b,0.0,1.0,0.2904856366369938,0
2880,WASP-41 b,0.0,1.0,0.290481946151122,0
2881,K2-157 b,0.0,1.0,0.29046873621942193,0
2882,Kepler-1625 b,0.0023769930019479114,0.9022435177274594,0.2904353156249375,0
2883,HD 141399 c,0.0,1.0,0.2903820199814453,0
2884,TOI-530 b,0.0,1.0,0.2903672340445178,0
2885,Kepler-646 b,0.0,1.0,0.29036297795140414,0
2886,Kepler-730 c,0.009029511159393879,0.8148605147060506,0.29034291033530346,0
2887,HD 98736 b,0.0021880597014925372,0.9100136099496579,0.29030725055382867,0
2888,Kepler-24 d,0.0,1.0,0.29029938982816184,0
2889,Kepler-1527 b,0.0,1.0,0.2902839491909518,0
2890,KMT-2021-BLG-1105L b,0.0,1.0,0.2902746150719612,0
2891,Kepler-135 b,0.0,1.0,0.29022808045452797,0
2892,Kepler-730 b,0.0021996996996997,0.9095349020706455,0.29020640001380477,0
2893,Kepler-116 b,0.0,1.0,0.29020487603910805,0
2894,TOI-5398 c,0.0,1.0,0.290190301685472,0
2895,KIC 8121913 b,0.0,1.0,0.29010809749351973,0
2896,TOI-677 b,0.0,1.0,0.29010584555590313,0
2897,Kepler-477 b,0.0046024510547215906,0.86632513463614,0.2901014127826349,0
2898,LHS 3844 b,0.0,1.0,0.2900756046748675,0
2899,HD 27894 b,0.0,1.0,0.2900654536001656,0
2900,Kepler-733 b,0.0,1.0,0.2900260534592194,0
2901,K2-258 b,0.0,1.0,0.2900247854371776,0
2902,K2-46 b,0.0,1.0,0.29002056656561576,0
2903,Kepler-1972 b,0.0022477064220183486,0.9075605721944283,0.2899675859354419,0
2904,Kepler-1057 b,0.0,1.0,0.2899619945148248,0
2905,Kepler-518 b,0.0,1.0,0.28995732049537587,0
2906,Kepler-365 b,0.0,1.0,0.2899497106212887,0
2907,Kepler-501 b,0.0,1.0,0.28994488264620855,0
2908,Kepler-1346 b,0.0,1.0,0.28994108429428755,0
2909,Kepler-304 d,0.002051485703606802,0.9156303675893598,0.2899405104975473,0
2910,Kepler-875 b,0.0,1.0,0.28993320064520967,0
2911,Kepler-292 f,0.0,1.0,0.2899277478497744,0
2912,Kepler-232 b,0.0,1.0,0.2899181618197121,0
2913,K2-398 c,0.0,1.0,0.289908648757235,0
2914,Kepler-291 c,0.0,1.0,0.2899068832989142,0
2915,Kepler-1080 b,0.0,1.0,0.28989720851687817,0
2916,Kepler-680 b,0.0,1.0,0.28989533985868354,0
2917,Kepler-325 c,0.0,1.0,0.2898763693429548,0
2918,Kepler-1786 b,0.0,1.0,0.28984832721922793,0
2919,Kepler-1457 b,0.0,1.0,0.2898392831429325,0
2920,K2-206 b,0.0,1.0,0.2898288222033488,0
2921,Kepler-444 b,0.0,1.0,0.28981223437463943,0
2922,Kepler-1673 b,0.0023715415019762848,0.9024677167301065,0.2898017243428541,0
2923,Kepler-800 b,0.0,1.0,0.28979776031063176,0
2924,Kepler-1710 b,0.0,1.0,0.28979760702871304,0
2925,GJ 160.2 b,0.0,1.0,0.2897646978588176,0
2926,tau Cet g,0.0,1.0,0.28974828435147804,0
2927,Kepler-532 b,0.0021079185085527584,0.9133095056887282,0.2897207395374689,0
2928,Kepler-873 b,0.0,1.0,0.28969280479407356,0
2929,HD 15906 c,0.0,1.0,0.28968646170876844,0
2930,Kepler-487 d,0.0,1.0,0.28967493982642545,0
2931,Kepler-1158 b,0.0,1.0,0.2896712113977141,0
2932,HD 112570 b,0.0,1.0,0.28966874040471413,0
2933,Kepler-679 b,0.0,1.0,0.2896423669351682,0
2934,Kepler-846 b,0.0,1.0,0.289641136152868,0
2935,EPIC 206042996 b,0.0,1.0,0.289612769809549,0
2936,HD 4917 b,0.002116050808314088,0.9129750558115921,0.2895580250882581,0
2937,Kepler-722 b,0.0,1.0,0.28955027732165756,0
2938,OGLE-2013-BLG-0132L b,0.0,1.0,0.28954251269201237,0
2939,Kepler-1200 b,0.006594662873677469,0.8433803542284027,0.2895337407657731,0
2940,HD 158038 b,0.0,1.0,0.28951202594798364,0
2941,Kepler-879 b,0.0,1.0,0.28947908964904756,0
2942,Kepler-692 b,0.0,1.0,0.28947805700108353,0
2943,Kepler-1669 d,0.0,1.0,0.28946127587310927,0
2944,Kepler-1241 b,0.0,1.0,0.2894520706650361,0
2945,HD 189567 c,0.0,1.0,0.2894494204030831,0
2946,NY Vir c,0.0,1.0,0.2894440893798167,0
2947,WASP-34 b,0.0,1.0,0.28944049888611956,0
2948,WASP-14 b,0.0,1.0,0.28942431484864095,0
2949,Kepler-565 b,0.0,1.0,0.289401550660061,0
2950,Kepler-196 c,0.0,1.0,0.28940002939325893,0
2951,Kepler-1185 b,0.011257870619641985,0.7935048184343445,0.2893651056672067,0
2952,Kepler-436 c,0.0,1.0,0.2893429388937039,0
2953,K2-246 b,0.0,1.0,0.28931237614850636,0
2954,Kepler-23 c,0.0,1.0,0.28926673082117016,0
2955,CoRoT-16 b,0.0,1.0,0.2892570958112288,0
2956,Kepler-80 g,0.0024258107140890817,0.9002358349923377,0.28925279472991383,0
2957,K2-126 b,0.0,1.0,0.28924401983869275,0
2958,Kepler-984 b,0.0,1.0,0.28921409866263703,0
2959,K2-57 b,0.0,1.0,0.28917354252607874,0
2960,Kepler-164 d,0.0,1.0,0.28916907472665654,0
2961,HD 70573 b,0.0022918834547346516,0.905743742564705,0.28916174657229904,0
2962,TOI-1634 b,0.0023301846741668438,0.9041685622947714,0.28914017167949146,0
2963,K2-80 d,0.0,1.0,0.289110948850265,0
2964,Kepler-572 b,0.0,1.0,0.28910901872071293,0
2965,Kepler-444 e,0.0,1.0,0.2891075015544192,0
2966,Kepler-1377 b,0.0,1.0,0.2890828160646888,0
2967,HD 177565 b,0.0,1.0,0.2890708917866804,0
2968,Kepler-272 c,0.0,1.0,0.2890648812245703,0
2969,Kepler-687 b,0.0,1.0,0.2890397864927763,0
2970,K2-245 b,0.0,1.0,0.28901858426824645,0
2971,Kepler-647 c,0.0,1.0,0.28898224733439504,0
2972,Kepler-738 b,0.0,1.0,0.28896658145819765,0
2973,Kepler-1906 b,0.0,1.0,0.2889649728273236,0
2974,Kepler-787 b,0.0,1.0,0.28895989821691903,0
2975,Kepler-1499 b,0.004612409061757991,0.8658800091426246,0.28895914373017123,0
2976,HD 108202 b,0.0071406686081991345,0.8307619199523251,0.28894892111591564,0
2977,KMT-2020-BLG-0414L b,0.04120911109436805,0.6085622075786103,0.2889398700386586,0
2978,Kepler-1107 b,0.0,1.0,0.2888975893063622,0
2979,Kepler-286 e,0.0,1.0,0.2888961214361895,0
2980,NGTS-12 b,0.0,1.0,0.28889553999483786,0
2981,Kepler-585 b,0.0,1.0,0.2888754790464283,0
2982,K2-337 b,0.0,1.0,0.2888491413737676,0
2983,KOI-1831 d,0.0,1.0,0.2888427966467275,0
2984,Kepler-1469 b,0.0,1.0,0.28883918485137333,0
2985,Kepler-243 c,0.002462311557788945,0.8987346971778162,0.2887941924501348,0
2986,Kepler-658 b,0.0,1.0,0.28874651598365353,0
2987,K2-350 c,0.0,1.0,0.288730600437361,0
2988,K2-195 b,0.0,1.0,0.28871540061223877,0
2989,HATS-60 b,0.0,1.0,0.2886683392273767,0
2990,Kepler-379 c,0.0,1.0,0.2886630110992099,0
2991,WASP-97 b,0.0,1.0,0.28865082828487687,0
2992,Kepler-396 c,0.0,1.0,0.28863482197004087,0
2993,Kepler-1098 b,0.0,1.0,0.288611974886833,0
2994,Kepler-1682 b,0.0,1.0,0.2886008584096074,0
2995,Kepler-803 b,0.0,1.0,0.2885906197881476,0
2996,HD 159868 b,0.002329707466469532,0.9041881879923488,0.2885903082279735,0
2997,TYC 1422-614-1 b,0.0024080781472944797,0.9009651065341908,0.2885612063582319,0
2998,Kepler-216 b,0.0,1.0,0.2885543932780209,0
2999,Kepler-822 b,0.0,1.0,0.28851560881171645,0
3000,WASP-67 b,0.0,1.0,0.28851293782732323,0
3001,Kepler-1195 b,0.002309503872723466,0.9050190832672869,0.2885024839377709,0
3002,Kepler-154 b,0.0,1.0,0.2884951293288307,0
3003,Kepler-1801 b,0.0,1.0,0.28848858316509873,0
3004,Kepler-1947 b,0.0,1.0,0.2884740834176799,0
3005,UKIRT-2017-BLG-001L b,0.0,1.0,0.2884603748511799,0
3006,Kepler-759 b,0.0,1.0,0.2884495844555529,0
3007,Kepler-1284 b,0.0,1.0,0.2884213002838657,0
3008,Kepler-357 d,0.002175286221871299,0.91053893351314,0.28838822370373807,0
3009,HD 110113 b,0.0,1.0,0.2883787229068481,0
3010,Kepler-1253 b,0.006832845354216806,0.8379910442728375,0.2883504436594352,0
3011,HD 21749 c,0.0,1.0,0.2883355463572683,0
3012,Kepler-611 b,0.0,1.0,0.2883221826517508,0
3013,Kepler-870 b,0.0,1.0,0.2882960902456909,0
3014,HIP 9618 b,0.0,1.0,0.28826871086944894,0
3015,Kepler-365 c,0.0,1.0,0.28826106767346804,0
3016,HD 212771 b,0.0,1.0,0.28824583136600224,0
3017,K2-338 b,0.004259869105193689,0.876242801533948,0.2882328107767574,0
3018,Kepler-324 c,0.0,1.0,0.28822609989396875,0
3019,Kepler-1364 b,0.0,1.0,0.28819685580115173,0
3020,HIP 35173 b,0.0,1.0,0.28819151318723935,0
3021,XO-2 S c,0.0,1.0,0.28816184878562134,0
3022,Kepler-1045 b,0.0,1.0,0.28813599063742634,0
3023,BD-10 3166 b,0.0,1.0,0.28813478571230755,0
3024,Kepler-1110 b,0.0,1.0,0.28809080722227826,0
3025,Kepler-1474 b,0.0,1.0,0.28808686538736517,0
3026,K2-30 b,0.0,1.0,0.2880782008771505,0
3027,KMT-2021-BLG-0909L b,0.0,1.0,0.28802032182065107,0
3028,TOI-1260 c,0.0,1.0,0.28800932809504354,0
3029,NN Ser d,0.0,1.0,0.28800735021542434,0
3030,DMPP-1 c,0.0,1.0,0.2880029447180128,0
3031,Kepler-102 d,0.0,1.0,0.2879992452908532,0
3032,K2-70 b,0.0,1.0,0.2879496422752912,0
3033,Kepler-151 c,0.002309503872723466,0.9050190832672869,0.28794513430345037,0
3034,Kepler-531 b,0.0,1.0,0.2879313130940977,0
3035,HD 28109 c,0.0,1.0,0.2879211552767807,0
3036,Kepler-1010 b,0.0,1.0,0.28790498825257976,0
3037,Kepler-208 b,0.0,1.0,0.2878863787433468,0
3038,K2-161 b,0.0,1.0,0.2878655128532551,0
3039,Gaia-1 b,0.0,1.0,0.28784757608980305,0
3040,Kepler-254 c,0.0,1.0,0.2877895559673806,0
3041,KMT-2019-BLG-1339L b,0.0,1.0,0.28778712010802765,0
3042,Kepler-380 b,0.0,1.0,0.28776910352042295,0
3043,Kepler-371 c,0.0,1.0,0.2877531581486234,0
3044,BD-210397 c,0.009635580724182496,0.8025041379259228,0.28774058235798183,0
3045,Kepler-162 c,0.004230964477736125,0.87710345761879,0.28771380119769474,0
3046,HD 3765 b,0.0019444444444444444,0.9200325584856566,0.2876992094789623,0
3047,Kepler-377 c,0.002292947181998125,0.9056999955973019,0.28765697469642565,0
3048,Kepler-1902 b,0.0,1.0,0.28762251820079965,0
3049,Kepler-383 b,0.002486175375239815,0.8977532711299987,0.28760713300130925,0
3050,HD 98219 b,0.0,1.0,0.28759968470476605,0
3051,EPIC 201833600 c,0.004259869105193689,0.876242801533948,0.2875719882664667,0
3052,Kepler-1579 b,0.006201087593006726,0.8518310632437759,0.2875591515305457,0
3053,Kepler-50 b,0.0,1.0,0.2875530135586645,0
3054,Kepler-364 c,0.0,1.0,0.287532512319361,0
3055,Kepler-666 b,0.0,1.0,0.2875223006249773,0
3056,HD 93351 b,0.0,1.0,0.2874970220541956,0
3057,HD 95086 b,0.013437003449097939,0.775037311725874,0.28748014688774276,0
3058,Kepler-1259 b,0.0,1.0,0.28747956774104344,0
3059,Kepler-1266 b,0.0,1.0,0.28747585017577865,0
3060,K2-406 b,0.0,1.0,0.2874525907693669,0
3061,HIP 41378 c,0.0,1.0,0.28744475432222416,0
3062,KOI-217 b,0.0,1.0,0.28741162566777634,0
3063,Kepler-1022 b,0.0,1.0,0.2874089367705338,0
3064,Kepler-651 b,0.0,1.0,0.2874072668699448,0
3065,Kepler-844 b,0.0,1.0,0.2873709449571329,0
3066,Kepler-607 c,0.0,1.0,0.28726037963903595,0
3067,Kepler-814 b,0.0,1.0,0.28725870719366736,0
3068,OGLE-2013-BLG-0341L B b,0.034670243389035856,0.6376965969718242,0.28724970389683263,0
3069,Kepler-1035 b,0.0,1.0,0.2872448654196159,0
3070,KMT-2021-BLG-0912L b,0.04120911109436805,0.6085622075786103,0.28723916834930374,0
3071,Kepler-288 d,0.0,1.0,0.28722305928925956,0
3072,Kepler-222 d,0.0,1.0,0.2872182391367952,0
3073,Kepler-1810 b,0.0,1.0,0.28721373854310933,0
3074,Kepler-487 b,0.0,1.0,0.28718665073001254,0
3075,Kepler-1331 b,0.004452083608942982,0.8702072320122286,0.2871703671784275,0
3076,Kepler-1275 b,0.0,1.0,0.2871622758159119,0
3077,Kepler-282 e,0.0,1.0,0.28713802226051854,0
3078,Kepler-674 b,0.0,1.0,0.2871368288750211,0
3079,Kepler-93 b,0.0,1.0,0.2871266432628342,0
3080,Kepler-1408 b,0.0,1.0,0.2870843371031473,0
3081,nu Oph b,0.0,1.0,0.28705986573140607,0
3082,HAT-P-51 b,0.0,1.0,0.2870475705036507,0
3083,Kepler-1685 b,0.006904952731955377,0.8363745252863842,0.2870421207500208,0
3084,Kepler-1915 b,0.0,1.0,0.2870317177568583,0
3085,Kepler-929 b,0.0,1.0,0.2869963984784012,0
3086,Kepler-1573 b,0.0,1.0,0.28698499154415025,0
3087,Kepler-604 b,0.0,1.0,0.2869779776346102,0
3088,K2-371 b,0.0,1.0,0.28697222507747466,0
3089,TOI-3819 b,0.0,1.0,0.2869696673041705,0
3090,TOI-1842 b,0.0,1.0,0.2869628984630693,0
3091,tau Gem b,0.0,1.0,0.2869457538735115,0
3092,OGLE-2018-BLG-0677L b,0.01401518677948488,0.7655875729440267,0.2869429911582152,0
3093,HD 17092 b,0.0,1.0,0.28693434405560164,0
3094,HD 154857 b,0.002116050808314088,0.9129750558115921,0.2869071240998813,0
3095,HD 181234 b,0.0,1.0,0.28686591018462215,0
3096,HAT-P-42 b,0.0,1.0,0.2868408524518684,0
3097,Kepler-110 c,0.0,1.0,0.28682194797634675,0
3098,Kepler-290 d,0.0,1.0,0.2868110879712475,0
3099,K2-291 b,0.0,1.0,0.28680093153529107,0
3100,Kepler-44 b,0.0,1.0,0.2867996641473366,0
3101,Kepler-229 d,0.002175286221871299,0.91053893351314,0.2867535949809991,0
3102,Kepler-1603 b,0.0,1.0,0.286748495462962,0
3103,K2-233 b,0.015510857462070178,0.7605358816035009,0.28673378104912395,0
3104,24 Sex b,0.0,1.0,0.28673161273655323,0
3105,Kepler-1369 b,0.0,1.0,0.28670268004366833,0
3106,Kepler-828 b,0.0,1.0,0.2866970495741185,0
3107,K2-413 c,0.0,1.0,0.2866674451028156,0
3108,Kepler-331 b,0.004635164122544639,0.8650760177183091,0.286666768806366,0
3109,Kepler-197 e,0.0,1.0,0.28662896517802605,0
3110,b Cen AB b,0.0,1.0,0.2866005214872207,0
3111,Kepler-1134 b,0.0,1.0,0.2865788373631231,0
3112,TOI-905 b,0.0,1.0,0.28655163693167746,0
3113,Kepler-1251 b,0.0,1.0,0.28653092093178445,0
3114,TOI-5678 b,0.0,1.0,0.2865285660860365,0
3115,K2-353 b,0.0,1.0,0.2865084084095684,0
3116,K2-370 b,0.0,1.0,0.2864159811936426,0
3117,TOI-1136 g,0.0,1.0,0.2863542691067167,0
3118,Kepler-901 b,0.0,1.0,0.2863327832372482,0
3119,K2-186 b,0.0,1.0,0.28631286073531625,0
3120,K2-62 b,0.0,1.0,0.2862988177406679,0
3121,Kepler-1845 b,0.0,1.0,0.28628157407956234,0
3122,Kepler-956 b,0.0,1.0,0.2862808607579813,0
3123,Kepler-558 b,0.0,1.0,0.286273734286817,0
3124,Qatar-2 b,0.002051485703606802,0.9156303675893598,0.2862664687985522,0
3125,Kepler-857 b,0.0,1.0,0.2862628863957318,0
3126,Kepler-394 d,0.0,1.0,0.286255248907354,0
3127,HD 147873 c,0.0,1.0,0.28623488057482227,0
3128,Kepler-1720 b,0.0,1.0,0.28620095302863524,0
3129,Kepler-892 b,0.0,1.0,0.28619877169670205,0
3130,K2-116 b,0.004259869105193689,0.876242801533948,0.28615556629550265,0
3131,HD 110067 c,0.0,1.0,0.28613311304358824,0
3132,K2-282 b,0.0,1.0,0.28613249466957735,0
3133,Kepler-411 d,0.004788681385983912,0.8609089682952427,0.28611368044254604,0
3134,Kepler-770 c,0.0,1.0,0.2860796674400503,0
3135,Kepler-576 b,0.0,1.0,0.28606305417372035,0
3136,TOI-913 b,0.002099160145065852,0.9136697031332474,0.2860455472233049,0
3137,Kepler-937 b,0.0,1.0,0.28603620293596776,0
3138,Kepler-1496 b,0.0,1.0,0.28601373844594413,0
3139,HD 163607 b,0.0021996996996997,0.9095349020706455,0.2860116042778914,0
3140,Kepler-969 b,0.011721667531732743,0.7854588485795906,0.286007069534242,0
3141,Kepler-945 b,0.0,1.0,0.2859175172659218,0
3142,Kepler-966 b,0.0,1.0,0.2859120789901224,0
3143,KMT-2019-BLG-2783L b,0.0,1.0,0.28588052743771586,0
3144,K2-376 b,0.0,1.0,0.2858779397814548,0
3145,Kepler-509 b,0.0,1.0,0.2858631060809047,0
3146,HD 7924 d,0.0,1.0,0.285848118906317,0
3147,HATS-2 b,0.0,1.0,0.28583645216498194,0
3148,Kepler-308 c,0.0,1.0,0.285805009194668,0
3149,Kepler-402 b,0.0,1.0,0.28576641172647527,0
3150,Kepler-825 b,0.0,1.0,0.28575579136411544,0
3151,XO-3 b,0.0,1.0,0.2857543575465489,0
3152,Kepler-1697 b,0.0045269653548358066,0.8685101940714021,0.28574595539968445,0
3153,OGLE-2016-BLG-1195L b,0.043697023763401815,0.5964862424758901,0.2857357318978475,0
3154,K2-396 b,0.004415848014938703,0.8717247974133211,0.2857237699573244,0
3155,KMT-2018-BLG-2602L b,0.0,1.0,0.2856665476573822,0
3156,Kepler-1162 b,0.0,1.0,0.28562943444344746,0
3157,Kepler-1853 b,0.01650786034955623,0.7449703835650496,0.2856293287868791,0
3158,Kepler-194 b,0.0,1.0,0.28562355911542064,0
3159,Kepler-281 d,0.0,1.0,0.2856191592174504,0
3160,HD 114082 b,0.0,1.0,0.28561247171767573,0
3161,Kepler-930 b,0.0,1.0,0.28559605512665154,0
3162,CoRoT-18 b,0.0,1.0,0.2855893004349973,0
3163,HD 162020 b,0.0,1.0,0.2855869998697266,0
3164,Kepler-519 b,0.002309503872723466,0.9050190832672869,0.28557022193962656,0
3165,61 Vir c,0.0,1.0,0.28553325680508546,0
3166,Kepler-284 c,0.0,1.0,0.2855293843814871,0
3167,Kepler-655 b,0.0,1.0,0.28548775042116703,0
3168,Kepler-463 b,0.0,1.0,0.28548590642173793,0
3169,Kepler-661 b,0.0,1.0,0.28547357971895065,0
3170,Kepler-1278 b,0.0,1.0,0.2854709467476667,0
3171,Kepler-1916 b,0.0,1.0,0.28543616352700174,0
3172,MOA-2010-BLG-073L b,0.0,1.0,0.2853665993343599,0
3173,HD 130322 b,0.0,1.0,0.2853561880094423,0
3174,HD 80653 b,0.0,1.0,0.2853271816916348,0
3175,Kepler-1954 b,0.0,1.0,0.2853142048753251,0
3176,K2-183 b,0.0,1.0,0.28528846394402596,0
3177,Kepler-58 e,0.0,1.0,0.28526094138139607,0
3178,HD 166724 b,0.013439400125143884,0.7751793654484702,0.2852598092191757,0
3179,TOI-1422 b,0.0,1.0,0.2852243879544173,0
3180,Kepler-1325 b,0.0,1.0,0.2852240784091661,0
3181,Kepler-1580 b,0.0,1.0,0.2852225408765481,0
3182,NGTS-16 b,0.0,1.0,0.28521990576860023,0
3183,Kepler-438 b,0.32894663934022006,0.03994223710547107,0.28521147428468974,0
3184,K2-290 c,0.0,1.0,0.28519503155381903,0
3185,HD 202696 c,0.0,1.0,0.28518160725017533,0
3186,Kepler-158 b,0.0,1.0,0.28517658417041747,0
3187,Kepler-1837 b,0.002292947181998125,0.9056999955973019,0.28514311042935275,0
3188,TOI-5344 b,0.0,1.0,0.28513098595201986,0
3189,Kepler-1820 b,0.0,1.0,0.2851005889276099,0
3190,Kepler-826 b,0.0,1.0,0.2850525606918157,0
3191,Kepler-1350 c,0.0,1.0,0.2850143588523778,0
3192,Kepler-913 b,0.0,1.0,0.28499325095879224,0
3193,Kepler-167 e,0.004178372680407025,0.8783143761903658,0.28498882231396916,0
3194,HD 171028 b,0.0,1.0,0.28495051270868255,0
3195,Kepler-524 c,0.0,1.0,0.2849502545623837,0
3196,Kepler-1528 b,0.0,1.0,0.28493990975820815,0
3197,K2-357 b,0.0,1.0,0.2849351544935276,0
3198,Kepler-48 e,0.0,1.0,0.28491856736203863,0
3199,KMT-2022-BLG-1013L b,0.0,1.0,0.28491477110775076,0
3200,Kepler-808 b,0.0,1.0,0.2848979891122781,0
3201,Kepler-510 b,0.002116050808314088,0.9129750558115919,0.284894101485596,0
3202,Kepler-80 c,0.0,1.0,0.28488804671320644,0
3203,HD 9174 b,0.0,1.0,0.2848835750655828,0
3204,Kepler-1818 b,0.0,1.0,0.2848735507623569,0
3205,HD 23472 e,0.0,1.0,0.2848676477861739,0
3206,Kepler-84 e,0.0,1.0,0.28485925702652615,0
3207,Kepler-664 b,0.0,1.0,0.28484888543245623,0
3208,KMT-2018-BLG-1988L b,0.00914735446549894,0.8124773339570067,0.2848434599785481,0
3209,Kepler-774 b,0.0,1.0,0.28484150571045713,0
3210,K2-368 c,0.002486175375239815,0.8977532711299987,0.2848386946966973,0
3211,18 Del b,0.0,1.0,0.28483154241192876,0
3212,Kepler-618 b,0.0,1.0,0.2848237899458397,0
3213,HD 158259 b,0.0,1.0,0.28482135960082344,0
3214,NGC 2682 YBP 1194 b,0.0,1.0,0.2848159307660938,0
3215,Kepler-1405 b,0.0,1.0,0.28478865000166875,0
3216,Kepler-986 b,0.0,1.0,0.2847771178906746,0
3217,Kepler-802 b,0.0,1.0,0.2846811069447963,0
3218,HIP 57274 c,0.0,1.0,0.28467979439636726,0
3219,HATS-33 b,0.0,1.0,0.28466828397175936,0
3220,HD 108236 b,0.0,1.0,0.2846557876630844,0
3221,Kepler-1027 b,0.0,1.0,0.28465075478847734,0
3222,KMT-2017-BLG-0428L b,0.00914735446549894,0.8124773339570067,0.2846320980783521,0
3223,Kepler-977 b,0.0,1.0,0.28463080324641177,0
3224,Kepler-20 f,0.0,1.0,0.2846301775527427,0
3225,Kepler-588 b,0.0,1.0,0.2846300645908415,0
3226,kap CrB b,0.0,1.0,0.28462579116306497,0
3227,K2-84 c,0.004705253032255678,0.8633357751626133,0.28462479478829206,0
3228,K2-2016-BLG-0005L b,0.0,1.0,0.2845966515165673,0
3229,Kepler-983 b,0.0,1.0,0.28456904745166633,0
3230,Kepler-1443 b,0.0,1.0,0.28456480484461716,0
3231,Kepler-908 b,0.0,1.0,0.2845640148218562,0
3232,Kepler-374 b,0.0,1.0,0.28450020325827874,0
3233,HD 137496 c,0.002404057017543859,0.901130479969813,0.2844932500282672,0
3234,HD 220842 b,0.0024080781472944797,0.9009651065341908,0.284449023153137,0
3235,Kepler-1917 b,0.0,1.0,0.2844365851773294,0
3236,HD 191806 b,0.0,1.0,0.2844022853394905,0
3237,Kepler-1162 c,0.00718152461851018,0.8299035088206876,0.2844004030258056,0
3238,Kepler-838 b,0.0,1.0,0.2843933827975217,0
3239,KMT-2018-BLG-1996L b,0.0,1.0,0.28438267173623366,0
3240,Kepler-1307 b,0.0,1.0,0.2843696158014062,0
3241,Kepler-176 e,0.007003595133575183,0.8339715090741552,0.28429215715434863,0
3242,Kepler-1755 b,0.0,1.0,0.28428787844450215,0
3243,HD 213885 c,0.0,1.0,0.2842865756629263,0
3244,Kepler-1519 b,0.0023415492957746475,0.9037011795848398,0.28428295913718377,0
3245,HD 93385 d,0.0,1.0,0.28427823851964173,0
3246,K2-100 b,0.0,1.0,0.2842562965753964,0
3247,Kepler-533 b,0.0,1.0,0.28424353245076955,0
3248,HD 134060 b,0.0,1.0,0.2842263626613617,0
3249,Kepler-1922 b,0.0,1.0,0.2842005630836808,0
3250,Kepler-994 b,0.0,1.0,0.28419697096806396,0
3251,K2-121 b,0.010409071345327574,0.8093216144053139,0.2841892870041569,0
3252,Kepler-1140 b,0.0,1.0,0.2841748369447099,0
3253,Kepler-480 b,0.0,1.0,0.2841714875568554,0
3254,WASP-84 c,0.0,1.0,0.28416840335684446,0
3255,Kepler-1428 b,0.0,1.0,0.28416771801904206,0
3256,KMT-2018-BLG-0029L b,0.006747472251129093,0.8401226269272157,0.2841661740951804,0
3257,Kepler-1956 b,0.006740473925370873,0.8401158231312973,0.28415705271563196,0
3258,Kepler-995 b,0.0,1.0,0.2841023219765305,0
3259,Kepler-548 b,0.0,1.0,0.28409488878739475,0
3260,WASP-107 b,0.0,1.0,0.2840411903348252,0
3261,HIP 97233 b,0.0,1.0,0.28403583820242106,0
3262,HAT-P-11 c,0.004178372680407025,0.8783143761903658,0.2840111571034539,0
3263,HD 10180 f,0.0,1.0,0.283986423828524,0
3264,MOA-2019-BLG-008L b,0.0,1.0,0.2839818215096781,0
3265,KMT-2020-BLG-0414L c,0.0,1.0,0.2839818215096781,0
3266,KMT-2016-BLG-0212L b,0.0,1.0,0.2839818215096781,0
3267,Kepler-600 b,0.0,1.0,0.2839775570213212,0
3268,Kepler-1356 b,0.0,1.0,0.2839605845705342,0
3269,Kepler-282 d,0.0023788665368808136,0.9021664665185141,0.2839592765766239,0
3270,Kepler-612 b,0.0,1.0,0.28394214037004095,0
3271,Kepler-432 c,0.002116050808314088,0.9129750558115921,0.2839298694238367,0
3272,TOI-2076 d,0.0,1.0,0.28392640318687135,0
3273,Wendelstein-2 b,0.0,1.0,0.2839221681444088,0
3274,Kepler-109 b,0.0,1.0,0.28390460993459715,0
3275,Kepler-599 b,0.002175286221871299,0.91053893351314,0.28389113973862057,0
3276,TOI-1696 b,0.00228418759078647,0.9060602435333679,0.28388322967698953,0
3277,Kepler-1409 b,0.0,1.0,0.2838765215899987,0
3278,Kepler-1025 b,0.0,1.0,0.28385512914255917,0
3279,HD 158259 c,0.0,1.0,0.2838377639262166,0
3280,HD 69830 c,0.0,1.0,0.28381275076826484,0
3281,Kepler-569 b,0.0,1.0,0.2838050205316466,0
3282,Kepler-1419 b,0.0,1.0,0.28380350964009304,0
3283,Kepler-1238 b,0.0,1.0,0.2837952715180648,0
3284,HD 216435 b,0.0,1.0,0.28376040655261453,0
3285,7 CMa b,0.0021996996996997,0.9095349020706455,0.28373156640938335,0
3286,Kepler-582 b,0.0,1.0,0.283688345288866,0
3287,Kepler-297 c,0.0,1.0,0.2836490038766112,0
3288,Kepler-1976 b,0.0,1.0,0.28362116319392416,0
3289,HD 125612 b,0.004874217469895629,0.8584325894482399,0.2836027248565489,0
3290,BD+20 594 b,0.0023788665368808136,0.9021664665185141,0.28358440067222757,0
3291,K2-224 c,0.0,1.0,0.28355808674572713,0
3292,HD 330075 b,0.0,1.0,0.2835487567876922,0
3293,K2-63 b,0.0,1.0,0.28354243893843595,0
3294,55 Cnc f,0.07645963278643973,0.47362112509215426,0.28350705602401005,0
3295,K2-168 b,0.0022076228686058173,0.9092090529326473,0.2834990207441002,0
3296,Kepler-1621 b,0.0024098737502736634,0.9008912603635627,0.28349525085207894,0
3297,Kepler-146 b,0.0,1.0,0.28348554924738073,0
3298,Kepler-1936 b,0.0,1.0,0.2834781739518739,0
3299,Kepler-1322 c,0.0,1.0,0.28347076527456805,0
3300,KMT-2018-BLG-1025L b,0.00914735446549894,0.8124773339570067,0.28343698835399467,0
3301,Kepler-1592 b,0.0,1.0,0.2834337061511216,0
3302,HD 171238 b,0.0,1.0,0.283427128521366,0
3303,Kepler-392 b,0.0,1.0,0.2834194609495112,0
3304,HD 142 A d,0.0,1.0,0.2833819371074935,0
3305,4 UMa b,0.004805815310044698,0.8604191497163728,0.28337195288280764,0
3306,Kepler-1316 b,0.0,1.0,0.28336846003711236,0
3307,Kepler-1077 b,0.0,1.0,0.28332019305468586,0
3308,Kepler-122 b,0.0,1.0,0.2833161401676457,0
3309,HAT-P-37 b,0.0,1.0,0.28323909252928514,0
3310,Kepler-1521 b,0.0,1.0,0.283223022996287,0
3311,HD 156279 b,0.0,1.0,0.28322084401510694,0
3312,TOI-4463 A b,0.0,1.0,0.28321599283751964,0
3313,HD 180902 b,0.0,1.0,0.2831549594750229,0
3314,HD 21693 c,0.0,1.0,0.2831512514526895,0
3315,Kepler-1309 b,0.0,1.0,0.28313298287058497,0
3316,OGLE-2018-BLG-0567L b,0.0,1.0,0.28309186991674684,0
3317,Kepler-872 b,0.0,1.0,0.28307955215066805,0
3318,OGLE-2019-BLG-0954L b,0.0,1.0,0.28307310399301633,0
3319,OGLE-2016-BLG-1190L b,0.0,1.0,0.28307310399301633,0
3320,2MASS J01033563-5515561 AB b,0.0,1.0,0.28307310399301633,0
3321,HIP 81208 C b,0.0,1.0,0.28307310399301633,0
3322,WASP-44 b,0.0,1.0,0.2830701370254205,0
3323,Kepler-708 b,0.0,1.0,0.2830480382972197,0
3324,HAT-P-14 b,0.0,1.0,0.2830412272044658,0
3325,HD 110014 b,0.0,1.0,0.2830333609930161,0
3326,TAP 26 b,0.0,1.0,0.28301337806484755,0
3327,OGLE-2018-BLG-0977L b,0.00914735446549894,0.8124773339570067,0.2830040522338657,0
3328,OGLE-2018-BLG-0383L b,0.00914735446549894,0.8124773339570067,0.2830040522338657,0
3329,Kepler-910 b,0.0,1.0,0.2829930183355279,0
3330,WASP-192 b,0.0,1.0,0.2829910081294683,0
3331,Kepler-1250 b,0.0,1.0,0.2829571223252473,0
3332,OGLE-2017-BLG-0173L b,0.04120911109436805,0.6085622075786103,0.2829494405435278,0
3333,HD 23472 d,0.004259869105193689,0.876242801533948,0.28291128614092054,0
3334,HR 810 b,0.0,1.0,0.2828652010437879,0
3335,Kepler-837 b,0.0,1.0,0.28285667066655656,0
3336,HD 2638 b,0.0,1.0,0.28280053360648116,0
3337,Kepler-1317 b,0.0,1.0,0.28279648727017337,0
3338,Kepler-1172 b,0.0,1.0,0.28278463857595704,0
3339,Kepler-874 b,0.0,1.0,0.28277407324741105,0
3340,Kepler-1641 b,0.0,1.0,0.28277339548294683,0
3341,Kepler-976 b,0.0,1.0,0.2826802103492597,0
3342,KMT-2021-BLG-2010L b,0.0,1.0,0.28265307824641867,0
3343,HD 180314 b,0.002116050808314088,0.9129750558115921,0.28263883437621584,0
3344,Kepler-1273 b,0.0,1.0,0.2826077332502245,0
3345,Kepler-194 d,0.0,1.0,0.2825854644317771,0
3346,K2-390 b,0.0,1.0,0.2825420035867935,0
3347,K2-341 b,0.0,1.0,0.2825355436925747,0
3348,Kepler-1085 c,0.0,1.0,0.2824961874858125,0
3349,K2-133 b,0.0,1.0,0.28247372387684677,0
3350,TOI-4562 b,0.0023415492957746475,0.9037011795848398,0.28247211351170626,0
3351,Kepler-1396 b,0.0046024510547215906,0.86632513463614,0.28246941013708515,0
3352,K2-269 b,0.0,1.0,0.28244552218399965,0
3353,Kepler-756 b,0.0,1.0,0.28244458164869257,0
3354,Kepler-894 b,0.0,1.0,0.2824375421765808,0
3355,OGLE-2017-BLG-1375L b,0.0,1.0,0.28242624158094454,0
3356,Kepler-174 b,0.0,1.0,0.28241823630545293,0
3357,Kepler-1118 b,0.0,1.0,0.2823975744280474,0
3358,Kepler-1154 b,0.0,1.0,0.28236250947328945,0
3359,HD 86264 b,0.0,1.0,0.28235987482038916,0
3360,Kepler-1006 b,0.0,1.0,0.28233531824474667,0
3361,HD 20781 d,0.0,1.0,0.2823194304490309,0
3362,Kepler-1277 b,0.002194878947892797,0.9097331608531352,0.2823177828532659,0
3363,Kepler-149 d,0.004547702653430577,0.8676842141911553,0.2823173315332632,0
3364,TOI-500 b,0.0,1.0,0.2822909012760184,0
3365,Kepler-1446 b,0.004452083608942982,0.8702072320122286,0.2822731333655435,0
3366,Kepler-1236 b,0.0,1.0,0.2822720677446183,0
3367,Kepler-502 b,0.0,1.0,0.2822489531770999,0
3368,Kepler-813 b,0.0,1.0,0.28220664671921925,0
3369,Kepler-1418 b,0.007139296327786177,0.8308316209364206,0.28216546291329403,0
3370,MOA-2011-BLG-322L b,0.0,1.0,0.2821643864763546,0
3371,K2-86 b,0.0,1.0,0.28215858672444594,0
3372,GJ 143 b,0.014262781990941654,0.7619445075192707,0.2821228338480381,0
3373,Kepler-69 b,0.0,1.0,0.2820432591776435,0
3374,WASP-68 b,0.0,1.0,0.2820199573999884,0
3375,Kepler-896 b,0.019910824337449864,0.7292806435914002,0.28201331716413974,0
3376,Kepler-462 b,0.0,1.0,0.2819628505037507,0
3377,Kepler-1890 b,0.0,1.0,0.2819488706252158,0
3378,Kepler-150 e,0.0,1.0,0.28193232743112384,0
3379,Kepler-996 b,0.0,1.0,0.28191499137180775,0
3380,HD 189733 b,0.008512317734648039,0.8255784246320133,0.28190466497313704,0
3381,HD 73583 c,0.004498268999152895,0.8692040281487923,0.28188950631659804,0
3382,Kepler-447 b,0.0,1.0,0.28188332158091123,0
3383,HD 173416 b,0.0,1.0,0.28185259840112115,0
3384,Kepler-1434 b,0.0,1.0,0.2818507525009938,0
3385,Kepler-203 b,0.0,1.0,0.28181109622929557,0
3386,WASP-47 c,0.0,1.0,0.2817734532335751,0
3387,HD 192699 b,0.0,1.0,0.28175123621828624,0
3388,Kepler-1378 b,0.0,1.0,0.28171581786968114,0
3389,HD 114783 c,0.0,1.0,0.2817035010739336,0
3390,Kepler-672 b,0.0,1.0,0.28170244232248354,0
3391,Kepler-80 d,0.002142579264734487,0.9118840435209997,0.2816944169296839,0
3392,Kepler-864 c,0.0021681415929203545,0.9108327643291384,0.2816454815884749,0
3393,Kepler-251 c,0.0022076228686058173,0.9092090529326473,0.2816386148628313,0
3394,HD 285507 b,0.0,1.0,0.28163726322155525,0
3395,Kepler-260 c,0.007235665132644565,0.8286228503476458,0.2816236254383025,0
3396,Kepler-1734 b,0.0,1.0,0.28160648695217877,0
3397,Kepler-1435 b,0.0,1.0,0.2815278768568148,0
3398,Kepler-265 c,0.0,1.0,0.28151060084168106,0
3399,HD 83443 b,0.0,1.0,0.28150107560763593,0
3400,Kepler-650 b,0.0,1.0,0.2814879621624303,0
3401,Kepler-51 b,0.0,1.0,0.2814791203703324,0
3402,TOI-431 b,0.0,1.0,0.2814655749781567,0
3403,K2-366 b,0.0,1.0,0.2814522255653583,0
3404,WASP-185 b,0.0,1.0,0.28144440425871,0
3405,Kepler-1855 b,0.0,1.0,0.28143997488432715,0
3406,Kepler-1023 b,0.0,1.0,0.2814348359510255,0
3407,K2-230 b,0.0,1.0,0.28143423020331115,0
3408,Kepler-867 b,0.0,1.0,0.28138183555010615,0
3409,K2-180 b,0.010798342942566127,0.8021193128517764,0.28134408570436853,0
3410,Kepler-834 b,0.0,1.0,0.28132448668179355,0
3411,Kepler-197 b,0.0,1.0,0.28129797851905597,0
3412,Kepler-1847 b,0.0,1.0,0.2812961613067404,0
3413,HD 190360 b,0.0,1.0,0.28129246758966026,0
3414,Kepler-139 c,0.0024083169613621476,0.9009552850399105,0.2812782842188297,0
3415,Kepler-46 c,0.0,1.0,0.2812512016695058,0
3416,Kepler-11 c,0.004230964477736125,0.87710345761879,0.2812345374081396,0
3417,Kepler-1687 b,0.0,1.0,0.2811799319515941,0
3418,Kepler-1202 b,0.0,1.0,0.2811546780110633,0
3419,Kepler-1060 b,0.0,1.0,0.28115142965857426,0
3420,Kepler-1510 b,0.0,1.0,0.28108270997680684,0
3421,HD 80883 b,0.0136900000732318,0.7704395235159144,0.28105377116992925,0
3422,Kepler-1173 b,0.0,1.0,0.2810276811744667,0
3423,Kepler-944 b,0.0,1.0,0.280998697104175,0
3424,Kepler-1261 b,0.0023672945205479453,0.902642378567297,0.28096768703492214,0
3425,Kepler-1674 b,0.0,1.0,0.280903968002554,0
3426,Kepler-293 b,0.0,1.0,0.2808817684274092,0
3427,Kepler-1271 b,0.0,1.0,0.2808686691236731,0
3428,GJ 676 A b,0.009453558438220166,0.8062013353200299,0.2808466530278248,0
3429,Kepler-1298 b,0.0,1.0,0.28084239964276414,0
3430,HD 29399 b,0.0,1.0,0.2808361656950027,0
3431,Kepler-178 d,0.0,1.0,0.2808225274832715,0
3432,Kepler-1626 b,0.0,1.0,0.2808144251874889,0
3433,Kepler-224 c,0.00415098087335717,0.879430664591874,0.28080545291590137,0
3434,HD 102195 b,0.0,1.0,0.2807995986103529,0
3435,Kepler-188 b,0.0,1.0,0.2807980110274638,0
3436,Kepler-1141 b,0.0,1.0,0.2807909522678283,0
3437,TOI-3984 A b,0.0,1.0,0.2807466869201222,0
3438,Kepler-893 b,0.004230964477736125,0.87710345761879,0.28065120341365557,0
3439,KOI-142 c,0.0,1.0,0.28063792477838545,0
3440,HD 106315 b,0.00874652221427481,0.8205888668528527,0.28061169241188655,0
3441,Kepler-1176 b,0.0,1.0,0.2805836255731335,0
3442,Kepler-819 b,0.0,1.0,0.28057707354419015,0
3443,K2-274 b,0.004408664017789318,0.8718079827240446,0.2805628316385549,0
3444,OGLE-2018-BLG-1647L b,0.0,1.0,0.28055000455337253,0
3445,HD 31527 b,0.0,1.0,0.28053051294074105,0
3446,Kepler-869 b,0.0,1.0,0.2805171751484977,0
3447,Kepler-1751 b,0.0,1.0,0.2805157779495938,0
3448,Kepler-1513 b,0.004547702653430577,0.8676842141911553,0.2804668872307723,0
3449,Kepler-317 b,0.002309503872723466,0.9050190832672869,0.2804509773728706,0
3450,HD 183263 c,0.0,1.0,0.2804449155594917,0
3451,Kepler-276 b,0.0,1.0,0.2804128453553547,0
3452,K2-326 b,0.0,1.0,0.28040124466848315,0
3453,MOA-2013-BLG-605L b,0.053364069085081976,0.5545251850666548,0.28038504820506854,0
3454,Kepler-1515 b,0.0023415492957746475,0.9037011795848398,0.28038025336015654,0
3455,TCP J05074264+2447555 b,0.0,1.0,0.28037772965301777,0
3456,K2-63 c,0.0,1.0,0.28037756052169827,0
3457,Kepler-758 c,0.0,1.0,0.2803609456652211,0
3458,Kepler-166 c,0.0,1.0,0.28025311181914103,0
3459,K2-205 b,0.0,1.0,0.2802177185622106,0
3460,Kepler-287 c,0.0,1.0,0.280208666667779,0
3461,Kepler-1129 b,0.0,1.0,0.2802056232661331,0
3462,Kepler-1835 b,0.0,1.0,0.28017284425040334,0
3463,K2-377 b,0.0,1.0,0.2801658443170988,0
3464,HIP 70849 b,0.01191211703703166,0.7818617365207194,0.28013888955959887,0
3465,OGLE-2018-BLG-1367L b,0.0,1.0,0.28012939012764704,0
3466,HD 10442 b,0.002417976288944031,0.9005580344444105,0.28012523030516445,0
3467,Kepler-1018 b,0.0,1.0,0.2801140856644805,0
3468,HD 28192 b,0.0,1.0,0.28010973475124135,0
3469,HATS-12 b,0.0,1.0,0.28010633629167947,0
3470,K2-117 b,0.0,1.0,0.28009540824766166,0
3471,K2-322 b,0.0,1.0,0.2800940964983857,0
3472,OGLE-2017-BLG-1806L b,0.016096620031982943,0.7514477126319785,0.28007771715263374,0
3473,Kepler-683 b,0.0,1.0,0.2800637879947355,0
3474,Kepler-1571 b,0.0,1.0,0.28005046763978536,0
3475,Kepler-84 f,0.0,1.0,0.28002294773845593,0
3476,Kepler-1655 b,0.0,1.0,0.2800059334969419,0
3477,TOI-3688 A b,0.0,1.0,0.28000034509345106,0
3478,Kepler-1372 b,0.0,1.0,0.27999962239558973,0
3479,OGLE-2018-BLG-1185L b,0.010797389761718044,0.8020907513674173,0.2799600912790609,0
3480,Kepler-1102 b,0.0,1.0,0.279950986728363,0
3481,Kepler-1168 b,0.0023672945205479453,0.902642378567297,0.2799104832278787,0
3482,HD 134987 b,0.0023415492957746475,0.9037011795848398,0.2799078118000402,0
3483,Kepler-340 c,0.0,1.0,0.27990404846020844,0
3484,Kepler-726 b,0.0,1.0,0.27989682407720146,0
3485,47 UMa b,0.0,1.0,0.27986638355830007,0
3486,HIP 114933 b,0.0,1.0,0.27986354008661624,0
3487,Kepler-1949 b,0.0,1.0,0.2798621935588048,0
3488,Kepler-586 b,0.0,1.0,0.27985785015785125,0
3489,Kepler-723 b,0.0,1.0,0.27982574561431584,0
3490,HD 38529 b,0.0,1.0,0.2798232317666547,0
3491,Kepler-1371 c,0.0,1.0,0.2798228291082311,0
3492,MOA-2010-BLG-477L b,0.0,1.0,0.2797916069949399,0
3493,Kepler-102 f,0.0068766455254115014,0.8370970624704983,0.2797666570640046,0
3494,Kepler-9 d,0.0,1.0,0.2797479605860751,0
3495,TOI-1296 b,0.0,1.0,0.27973488278899805,0
3496,Kepler-1654 b,0.0,1.0,0.2797113329544746,0
3497,Kepler-217 d,0.0,1.0,0.2796937377076565,0
3498,Kepler-140 b,0.0,1.0,0.27967941847566735,0
3499,Kepler-263 b,0.0021079185085527584,0.9133095056887282,0.279664688013718,0
3500,HIP 14810 c,0.0,1.0,0.2796627377664497,0
3501,HD 64114 b,0.0,1.0,0.2796364903121792,0
3502,HD 206893 c,0.0,1.0,0.2796225346944674,0
3503,OGLE-2017-BLG-0482L b,0.010797389761718044,0.8020907513674173,0.27961417375231407,0
3504,Kepler-112 b,0.002116050808314088,0.9129750558115919,0.27959708821015583,0
3505,Kepler-809 b,0.0,1.0,0.2795851990256536,0
3506,K2-16 b,0.0,1.0,0.2795447941388619,0
3507,Kepler-1116 b,0.0,1.0,0.2795393790229621,0
3508,K2-111 c,0.0,1.0,0.2795182359893883,0
3509,TOI-1470 b,0.0,1.0,0.2795157131933449,0
3510,KMT-2019-BLG-0253L b,0.010797389761718044,0.8020907513674173,0.27951551971788047,0
3511,K2-374 b,0.0,1.0,0.2795004289423063,0
3512,Kepler-1054 b,0.0,1.0,0.27948740907126446,0
3513,HR 858 c,0.0,1.0,0.2794644258683271,0
3514,WASP-164 b,0.0,1.0,0.27946308515295365,0
3515,Kepler-1750 b,0.002451929496595006,0.899161670997355,0.27942060007726544,0
3516,HD 159243 b,0.0,1.0,0.279417378153913,0
3517,Kepler-120 c,0.0,1.0,0.2794101183743839,0
3518,V0391 Peg b,0.0,1.0,0.27939265274984404,0
3519,TOI-784 b,0.004586489405486631,0.8666963127336638,0.2793534608881961,0
3520,Kepler-812 b,0.0,1.0,0.27932162396738813,0
3521,HD 136352 c,0.0,1.0,0.27927909684623836,0
3522,Kepler-1601 b,0.0,1.0,0.27926284827544556,0
3523,HD 30562 b,0.0,1.0,0.2792381686978127,0
3524,NGTS-4 b,0.0,1.0,0.2791653614450912,0
3525,WASP-165 b,0.0,1.0,0.2791623512918448,0
3526,HD 116029 c,0.0,1.0,0.2791547580509841,0
3527,HD 7199 b,0.0,1.0,0.2791352350523424,0
3528,OGLE-2018-BLG-0532L b,0.013891081983235345,0.7680918171888359,0.2791091046094757,0
3529,HD 192310 b,0.0,1.0,0.2790323635990719,0
3530,KMT-2017-BLG-1194L b,0.048438203937279795,0.5757180688646141,0.2790126362646237,0
3531,HD 72659 b,0.0024329551315110886,0.8999420128757017,0.27899120993415794,0
3532,Kepler-1647 b,0.0,1.0,0.27894963605658774,0
3533,Kepler-777 b,0.0,1.0,0.2789429742142382,0
3534,Kepler-470 b,0.0,1.0,0.27891566462214135,0
3535,BD-13 2130 b,0.0,1.0,0.2788455974160612,0
3536,Kepler-215 c,0.0,1.0,0.2787647649757766,0
3537,Kepler-342 e,0.0,1.0,0.27875751462320353,0
3538,KMT-2017-BLG-1003L b,0.01854112613631147,0.7325088105774968,0.2787561670738351,0
3539,Kepler-106 e,0.0023788665368808136,0.9021664665185141,0.27871728704442233,0
3540,K2-223 b,0.0,1.0,0.2787066778142262,0
3541,KELT-6 c,0.0064357482148957555,0.8465276842442722,0.27869046367122974,0
3542,Kepler-97 b,0.0,1.0,0.2786861238554871,0
3543,GJ 2030 b,0.0,1.0,0.2786728021719347,0
3544,Kepler-430 c,0.021469352319386778,0.7081767645174963,0.2786471070647532,0
3545,Kepler-119 b,0.0,1.0,0.2786455288414474,0
3546,Kepler-1633 b,0.08299488588178099,0.44765844770045227,0.27863384196718705,0
3547,Kepler-561 b,0.0023603651987110638,0.9029273546386418,0.278623347971386,0
3548,K2-211 b,0.0,1.0,0.2785834638483439,0
3549,HD 28678 b,0.0,1.0,0.27856562138961094,0
3550,TOI-1064 c,0.0,1.0,0.27853004117364333,0
3551,pi Men c,0.002292947181998125,0.9056999955973019,0.2785136693745594,0
3552,HD 103774 b,0.0,1.0,0.2784534115777464,0
3553,Kepler-378 c,0.006939782730179949,0.8355508607931488,0.2783803739338453,0
3554,Kepler-274 c,0.0,1.0,0.278353600787679,0
3555,Kepler-1351 b,0.0017490039840637448,0.928070264900815,0.27834875778862883,0
3556,Kepler-924 b,0.0,1.0,0.27833944348107265,0
3557,Kepler-1609 b,0.009138953158952039,0.8122210146378173,0.2783090982929254,0
3558,Kepler-1826 b,0.0,1.0,0.27829995574543664,0
3559,HD 20794 c,0.002194878947892797,0.9097331608531352,0.27829160176831536,0
3560,Kepler-607 b,0.0,1.0,0.2782708008054287,0
3561,Kepler-98 b,0.0,1.0,0.2781926964539023,0
3562,K2-195 c,0.0,1.0,0.27817081085796436,0
3563,Kepler-32 e,0.0018171296296296306,0.9252685219181427,0.27816838063913946,0
3564,Kepler-1354 b,0.0,1.0,0.27814678132219073,0
3565,XO-1 b,0.0,1.0,0.27814557837410664,0
3566,Kepler-1297 b,0.0,1.0,0.2781444608453664,0
3567,Kepler-268 c,0.0,1.0,0.2781217727393182,0
3568,HD 164595 b,0.0,1.0,0.2781171881780611,0
3569,Kepler-1494 b,0.0,1.0,0.2781169694910466,0
3570,HD 66428 c,0.0,1.0,0.278113688156531,0
3571,Kepler-228 b,0.0,1.0,0.2780883478512415,0
3572,Kepler-941 b,0.0,1.0,0.27808023245282076,0
3573,HATS-32 b,0.0,1.0,0.27807577287083407,0
3574,OGLE-2018-BLG-1119L b,0.0,1.0,0.27805359751905995,0
3575,Kepler-1219 b,0.0,1.0,0.2779754963325053,0
3576,NGTS-10 b,0.0,1.0,0.27795940872506575,0
3577,Kepler-1177 b,0.01141882068150526,0.7905420856923872,0.27788684890431586,0
3578,HD 135625 b,0.0,1.0,0.27785969674891636,0
3579,KMT-2021-BLG-2478L b,0.0,1.0,0.27784687129091334,0
3580,HD 185269 b,0.0,1.0,0.27783315654074814,0
3581,Kepler-19 c,0.0,1.0,0.2778299009188798,0
3582,Kepler-266 c,0.0,1.0,0.2778292875440216,0
3583,Kepler-1109 b,0.0,1.0,0.2778192441330827,0
3584,K2-356 b,0.0,1.0,0.2777867149326094,0
3585,HD 121504 b,0.0,1.0,0.2777365369862429,0
3586,OGLE-2018-BLG-0932L b,0.0,1.0,0.2776401444032186,0
3587,Kepler-198 d,0.0,1.0,0.2776330645813289,0
3588,Kepler-1128 b,0.0,1.0,0.2776212379564206,0
3589,TOI-2411 b,0.0,1.0,0.2775876610010046,0
3590,HD 5319 b,0.002417976288944031,0.9005580344444105,0.27757052338414206,0
3591,Kepler-1763 b,0.0,1.0,0.27753850265610674,0
3592,HD 12661 c,0.0,1.0,0.2775320128270121,0
3593,HD 74156 c,0.0,1.0,0.2775150308734159,0
3594,HD 18015 b,0.0,1.0,0.27751095912486856,0
3595,Kepler-78 b,0.0,1.0,0.27748167564681026,0
3596,Kepler-1233 b,0.0,1.0,0.277480594959173,0
3597,OGLE-2011-BLG-0265L b,0.0,1.0,0.27745364696714475,0
3598,Kepler-199 b,0.0,1.0,0.27737285453348814,0
3599,Kepler-1578 b,0.0,1.0,0.27735291604540163,0
3600,K2-43 c,0.0,1.0,0.27732129525623717,0
3601,WASP-18 c,0.0,1.0,0.27730054915255276,0
3602,Kepler-415 c,0.0021631971720345636,0.9110361091401136,0.27728585624099517,0
3603,Kepler-406 b,0.0,1.0,0.27726089739811466,0
3604,GJ 9827 b,0.0,1.0,0.27724653367533236,0
3605,Kepler-1938 b,0.0,1.0,0.27723479477701884,0
3606,Kepler-1093 c,0.004836822697235842,0.8595180133941709,0.27722581956620806,0
3607,HD 33142 b,0.0,1.0,0.27715354858462066,0
3608,Kepler-709 b,0.004237141891974391,0.8768917643913046,0.27713865229139,0
3609,Kepler-1857 b,0.0,1.0,0.2771279020670523,0
3610,Kepler-180 c,0.0,1.0,0.2771094171330584,0
3611,Kepler-79 c,0.0,1.0,0.2770571760892338,0
3612,HD 82943 c,0.0023415492957746475,0.9037011795848398,0.27705257140940454,0
3613,K2-172 c,0.0,1.0,0.2770405809038121,0
3614,WASP-5 b,0.0,1.0,0.2770205732650707,0
3615,bet Cnc b,0.0,1.0,0.2769780483350339,0
3616,HIP 8541 b,0.0,1.0,0.2769780189018174,0
3617,Kepler-332 d,0.009375865177338832,0.8078223371775993,0.2769700659196841,0
3618,Kepler-904 b,0.0,1.0,0.27692794383682773,0
3619,K2-254 c,0.0,1.0,0.27691087702712225,0
3620,WASP-117 b,0.0,1.0,0.27683100241643954,0
3621,HATS-29 b,0.0,1.0,0.2768175914880686,0
3622,OGLE-2012-BLG-0026L c,0.0,1.0,0.27680321189866874,0
3623,Kepler-184 b,0.0,1.0,0.27677598516803503,0
3624,HD 2952 b,0.0,1.0,0.2767648550408972,0
3625,Kepler-286 b,0.0,1.0,0.27672307267923707,0
3626,Kepler-1589 b,0.0,1.0,0.2767194275434097,0
3627,Kepler-177 b,0.0,1.0,0.27671622918725114,0
3628,Kepler-134 b,0.0,1.0,0.27664469600109576,0
3629,Kepler-1003 b,0.0,1.0,0.2765988123129163,0
3630,Kepler-725 b,0.0,1.0,0.276596782784141,0
3631,Kepler-245 c,0.0,1.0,0.27656850014101253,0
3632,HD 34445 f,0.006650763723532649,0.8421568019769182,0.2765485222447034,0
3633,EPIC 212737443 b,0.0,1.0,0.27649963965874835,0
3634,Kepler-1669 c,0.0,1.0,0.2764690017852811,0
3635,K2-187 b,0.0,1.0,0.2764595228230018,0
3636,HD 210702 b,0.0,1.0,0.27643350879602324,0
3637,HD 28109 d,0.0,1.0,0.2764312852853946,0
3638,TOI-674 b,0.0,1.0,0.27642935852488115,0
3639,Kepler-153 b,0.0,1.0,0.276419132277727,0
3640,Kepler-6 b,0.0,1.0,0.27640734536195877,0
3641,Kepler-1914 b,0.0,1.0,0.27639443602951935,0
3642,Kepler-1736 b,0.0,1.0,0.2763741097601292,0
3643,K2-167 b,0.002116050808314088,0.9129750558115919,0.2763691177775364,0
3644,Kepler-1381 b,0.0,1.0,0.27634814238458055,0
3645,Kepler-642 b,0.0,1.0,0.27633743220227014,0
3646,Kepler-252 b,0.0022685472205001035,0.9067034711656674,0.27631505680600843,0
3647,TOI-1860 b,0.0,1.0,0.2763135285506937,0
3648,HIP 94235 b,0.0,1.0,0.27627392937862394,0
3649,Kepler-1873 b,0.009029511159393879,0.8148605147060506,0.2762387271313796,0
3650,K2-244 b,0.0,1.0,0.27623657704142346,0
3651,K2-59 b,0.006606674313158914,0.8431412985739999,0.27618716476040606,0
3652,Kepler-121 c,0.0,1.0,0.2761472649924418,0
3653,Kepler-1871 b,0.0,1.0,0.2761438771499223,0
3654,HD 117207 b,0.0,1.0,0.2761269489670118,0
3655,HD 13808 b,0.002051820728291317,0.9156165893264004,0.2761220019727284,0
3656,WASP-147 b,0.0,1.0,0.27611554880838685,0
3657,K2-238 b,0.0,1.0,0.27607889960155396,0
3658,Kepler-729 b,0.0,1.0,0.27604888789434223,0
3659,Kepler-1024 b,0.0,1.0,0.2760457996443847,0
3660,Kepler-1495 b,0.0,1.0,0.2760345002702658,0
3661,HD 18143 c,0.0019444444444444444,0.9200325584856566,0.2760142840279842,0
3662,CoRoT-4 b,0.0,1.0,0.27598739087449364,0
3663,K2-284 b,0.0,1.0,0.2759681752749673,0
3664,Kepler-1453 b,0.0,1.0,0.2759416101541629,0
3665,HD 165155 b,0.009435028349708928,0.8066433997243203,0.2758974510054049,0
3666,TOI-620 b,0.0,1.0,0.27588218556065824,0
3667,HD 38529 c,0.0,1.0,0.27583308403747137,0
3668,Kepler-1597 b,0.0,1.0,0.27579089701456516,0
3669,pi Men d,0.0,1.0,0.2757865720338522,0
3670,Kepler-1451 b,0.0,1.0,0.27578133235844293,0
3671,HD 64121 b,0.0021875000000000006,0.9100366282963632,0.27576512906860856,0
3672,HD 29021 b,0.013875305166228178,0.7683152406059618,0.27571953573625796,0
3673,HD 22496 b,0.0,1.0,0.2757188842124974,0
3674,Kepler-974 b,0.0,1.0,0.2757186571691475,0
3675,PSR J2322-2650 b,0.0,1.0,0.2756742577100507,0
3676,Kepler-1196 b,0.0,1.0,0.27561643512044565,0
3677,Kepler-1876 b,0.0,1.0,0.2755760761255036,0
3678,TOI-1601 b,0.0,1.0,0.27550683306112767,0
3679,OGLE-2016-BLG-1227L b,0.0,1.0,0.2755023431375194,0
3680,HD 219134 g,0.0019259064634787179,0.920794953581545,0.27547231355890744,0
3681,Kepler-577 b,0.002099160145065852,0.9136697031332474,0.2754654615807901,0
3682,rho CrB c,0.0,1.0,0.27545175312721737,0
3683,WASP-65 b,0.0,1.0,0.2754362535501337,0
3684,Kepler-122 f,0.0,1.0,0.2754180834129205,0
3685,HD 29985 b,0.01450132503755841,0.7579447108319743,0.27540661194815064,0
3686,HD 208527 b,0.0,1.0,0.27540252143093114,0
3687,Kepler-581 b,0.0,1.0,0.2753962689413804,0
3688,Kepler-14 b,0.0,1.0,0.2753534456678669,0
3689,Kepler-1963 b,0.0,1.0,0.27528992501129435,0
3690,Kepler-1139 b,0.0,1.0,0.27527437861161075,0
3691,Kepler-1802 b,0.0024719669505100755,0.898337608407843,0.27527242786775197,0
3692,K2-188 b,0.0,1.0,0.2752703545437575,0
3693,Kepler-228 c,0.0,1.0,0.2752589130542167,0
3694,K2-115 b,0.0,1.0,0.2752553535717642,0
3695,Kepler-1052 b,0.0,1.0,0.2752387752600901,0
3696,Kepler-1997 b,0.0,1.0,0.2751666571819655,0
3697,TOI-1408 b,0.0,1.0,0.2751051120493879,0
3698,Kepler-1399 b,0.0,1.0,0.27510026683862776,0
3699,KMT-2019-BLG-1367L b,0.048438203937279795,0.5757180688646141,0.2750964710100202,0
3700,TOI-4137 b,0.0,1.0,0.2750864466424109,0
3701,MOA-2010-BLG-328L b,0.01718862090970885,0.7511214058413793,0.27506573346297014,0
3702,HD 208897 b,0.0021996996996997,0.9095349020706455,0.2750578112305334,0
3703,K2-28 b,0.0,1.0,0.2750453481178304,0
3704,HD 4308 b,0.0,1.0,0.2750354553804718,0
3705,HAT-P-29 b,0.0021996996996997,0.9095349020706455,0.27502905401007627,0
3706,K2-37 d,0.00216725733412089,0.9108691304562511,0.2750087694083119,0
3707,Kepler-912 b,0.0,1.0,0.27499550928872324,0
3708,61 Vir d,0.0,1.0,0.2749554309968852,0
3709,Kepler-354 d,0.0071522896665311185,0.8305191593978883,0.27492122148595377,0
3710,K2-381 b,0.0022685472205001035,0.9067034711656674,0.2748876915578291,0
3711,Kepler-757 b,0.0,1.0,0.27486264470360633,0
3712,Kepler-1427 b,0.0,1.0,0.2747898422490074,0
3713,K2-402 b,0.0021278348517154485,0.9124904239136775,0.27474486771647444,0
3714,Kepler-202 c,0.0,1.0,0.27473203457984074,0
3715,TOI-2796 b,0.0,1.0,0.2747215960436052,0
3716,K2-382 b,0.0046024510547215906,0.86632513463614,0.2747115777075483,0
3717,Kepler-142 b,0.0,1.0,0.27469164465562934,0
3718,Kepler-978 b,0.0,1.0,0.2746912849899258,0
3719,HD 81688 b,0.0024080781472944797,0.9009651065341908,0.27465427380320706,0
3720,HD 216536 b,0.0,1.0,0.27465383274838284,0
3721,Kepler-1982 b,0.009029511159393879,0.8148605147060506,0.2746501001743254,0
3722,HD 47366 c,0.0,1.0,0.2746018622192062,0
3723,Kepler-712 b,0.004237141891974391,0.8768917643913046,0.274597100433587,0
3724,Kepler-1043 b,0.0,1.0,0.27459204884640054,0
3725,Kepler-367 c,0.033106733854133534,0.641679322656767,0.2745807751793587,0
3726,HR 8799 b,0.004106040748426223,0.8797712693374548,0.27455678571585107,0
3727,HD 106315 c,0.0,1.0,0.2744935410916329,0
3728,Kepler-1388 c,0.0,1.0,0.27448525175733607,0
3729,Kepler-656 b,0.0,1.0,0.27448362509105423,0
3730,Kepler-1851 b,0.0,1.0,0.27447472642682386,0
3731,Kepler-1935 b,0.0,1.0,0.274468391912635,0
3732,HATS-66 b,0.0,1.0,0.27444976109017855,0
3733,KOI-13 b,0.0,1.0,0.2744240531210531,0
3734,Kepler-536 b,0.0,1.0,0.27439771962284754,0
3735,HD 96700 b,0.0021875000000000006,0.9100366282963632,0.2743770062159695,0
3736,HD 83443 c,0.0,1.0,0.27437417809212383,0
3737,Kepler-385 d,0.0,1.0,0.2743024101950234,0
3738,DMPP-1 d,0.0,1.0,0.2742799147440045,0
3739,HD 152843 c,0.014420359450527815,0.7772775439610713,0.2742747097019872,0
3740,HD 22532 b,0.0,1.0,0.2742668904753332,0
3741,MOA-2012-BLG-505L b,0.020574666718916532,0.7203777953568204,0.2742557902797477,0
3742,K2-138 f,0.004230964477736125,0.87710345761879,0.2742442849617938,0
3743,Kepler-1467 b,0.0,1.0,0.27423663224518,0
3744,Kepler-218 d,0.013368127904393845,0.7756620327263326,0.27420768907893023,0
3745,Kepler-349 b,0.0,1.0,0.27420069541654113,0
3746,gam1 Leo b,0.0,1.0,0.2741994809925593,0
3747,Kepler-298 b,0.0,1.0,0.27417987444924724,0
3748,TOI-519 b,0.0,1.0,0.2741694428483438,0
3749,Kepler-1398 b,0.0,1.0,0.27413463441479374,0
3750,Kepler-115 b,0.0,1.0,0.2741231834142671,0
3751,Kepler-405 b,0.002309503872723466,0.9050190832672869,0.27411651128314185,0
3752,Kepler-58 d,0.0,1.0,0.2741116370441833,0
3753,HD 108236 c,0.002309503872723466,0.9050190832672869,0.27410418219875426,0
3754,Kepler-157 b,0.0,1.0,0.27407990562174894,0
3755,Kepler-634 b,0.0,1.0,0.27405034127126676,0
3756,KMT-2016-BLG-2605L b,0.0,1.0,0.27400212618954467,0
3757,HD 4113 b,0.0,1.0,0.27398927485103985,0
3758,Kepler-1360 b,0.0,1.0,0.2739688263835705,0
3759,HD 5278 c,0.0,1.0,0.2739421619736898,0
3760,Kepler-319 d,0.0022076228686058173,0.9092090529326473,0.27391680605553603,0
3761,TOI-1444 b,0.0,1.0,0.2738615869055758,0
3762,Kepler-801 b,0.0,1.0,0.27385228880180684,0
3763,Kepler-1641 c,0.0,1.0,0.2738404898070267,0
3764,K2-222 b,0.0063676556773939975,0.8491842939033478,0.27383630238025647,0
3765,Kepler-1904 b,0.0,1.0,0.27383205319490167,0
3766,Kepler-1489 b,0.002426948946962179,0.9001890238988309,0.2737833395929725,0
3767,Kepler-1461 b,0.004693173778162211,0.8636364910511004,0.27378222548818465,0
3768,Kepler-1458 b,0.0,1.0,0.2737466815449698,0
3769,Kepler-1343 b,0.0,1.0,0.2737352506667414,0
3770,HD 110067 e,0.0,1.0,0.27371468963225,0
3771,HIP 75092 b,0.0,1.0,0.27370046694315836,0
3772,OGLE-2017-BLG-1522L b,0.0,1.0,0.2736794803929701,0
3773,OGLE-2018-BLG-1428L b,0.0,1.0,0.2736794803929701,0
3774,HD 141399 d,0.0,1.0,0.27367736910574764,0
3775,Kepler-711 b,0.002175286221871299,0.91053893351314,0.27365033509072895,0
3776,HD 99706 b,0.0,1.0,0.2736198787671484,0
3777,K2-136 b,0.0,1.0,0.2736099958107595,0
3778,HD 95089 b,0.0,1.0,0.27360976635526557,0
3779,GJ 1214 b,0.0,1.0,0.27358715210343476,0
3780,Kepler-1072 b,0.0,1.0,0.2735593478097875,0
3781,MOA-2009-BLG-266L b,0.016616820950705807,0.7435753750579033,0.2735306741369128,0
3782,Kepler-538 b,0.009143334616712724,0.8124719953056478,0.27350175068549404,0
3783,WASP-96 b,0.0,1.0,0.2734653117237595,0
3784,Kepler-487 c,0.0022076228686058173,0.9092090529326473,0.27345276567651633,0
3785,GJ 3998 b,0.0,1.0,0.27343110786736236,0
3786,Kepler-1887 b,0.0,1.0,0.2733846965079153,0
3787,WASP-133 b,0.0,1.0,0.27338427877610005,0
3788,HAT-P-13 b,0.0,1.0,0.27336778395815153,0
3789,HAT-P-43 b,0.0,1.0,0.27335172108002936,0
3790,Kepler-1780 b,0.0,1.0,0.27335014972071503,0
3791,KMT-2021-BLG-1391L b,0.0439390510896096,0.5943072875939472,0.2733231421275738,0
3792,BD-06 1339 b,0.0,1.0,0.2733050369318569,0
3793,Kepler-1875 b,0.0,1.0,0.27327558378359074,0
3794,HD 116029 b,0.0,1.0,0.27323382860509826,0
3795,WASP-41 c,0.014019040393293842,0.7659431940071543,0.2732332672533795,0
3796,HD 103720 b,0.006337031512776741,0.8498784782533686,0.27321324188329305,0
3797,K2-61 b,0.0,1.0,0.27320086057117066,0
3798,K2-378 b,0.006232892136155803,0.8523699229564818,0.2731939895509051,0
3799,OGLE-2017-BLG-1434L b,0.04858416258332505,0.5743822648312324,0.2731860278092388,0
3800,KMT-2021-BLG-1898L b,0.0,1.0,0.2731688658964281,0
3801,Kepler-445 b,0.0023301846741668438,0.9041685622947714,0.2731548143555612,0
3802,Kepler-1778 b,0.0020859478988400847,0.9142130714615895,0.2731501881074301,0
3803,Kepler-1705 b,0.0,1.0,0.2731328705409132,0
3804,Kepler-255 d,0.0022076228686058173,0.9092090529326473,0.27312933002810397,0
3805,Kepler-358 b,0.0,1.0,0.27312243958503235,0
3806,HD 219415 b,0.002417976288944031,0.9005580344444105,0.2731132639429199,0
3807,Kepler-1532 b,0.0,1.0,0.27310690150761996,0
3808,OGLE-2006-BLG-109L b,0.0,1.0,0.2731039782154363,0
3809,TOI-1693 b,0.0023301846741668438,0.9041685622947714,0.2730867279159852,0
3810,HIP 41378 e,0.0,1.0,0.2730692111908266,0
3811,Kepler-1862 b,0.0,1.0,0.2730605195513073,0
3812,OGLE-2015-BLG-0051L b,0.0,1.0,0.2730400339133339,0
3813,KMT-2017-BLG-1146L b,0.0,1.0,0.2730400339133339,0
3814,K2-50 b,0.0021631971720345636,0.9110361091401136,0.2729986685065524,0
3815,HD 221420 b,0.004748072440380132,0.8620795436571582,0.2729956271737485,0
3816,HATS-16 b,0.0,1.0,0.27298381805229466,0
3817,Kepler-1339 b,0.0,1.0,0.27298284273850515,0
3818,Kepler-681 b,0.006337031512776741,0.8498784782533686,0.27294906586105283,0
3819,WASP-6 b,0.0,1.0,0.2729194005208436,0
3820,Kepler-306 e,0.002422510441855353,0.900371562360423,0.2728514441144986,0
3821,Kepler-858 b,0.0,1.0,0.2728217557358623,0
3822,K2-374 c,0.0,1.0,0.2728097394025586,0
3823,HD 39194 d,0.0,1.0,0.2728058291412724,0
3824,HD 141399 b,0.0,1.0,0.272783354150145,0
3825,TOI-169 b,0.0,1.0,0.272769346566531,0
3826,HIP 86221 b,0.0,1.0,0.2727623970217652,0
3827,OGLE-2016-BLG-1093 b,0.0,1.0,0.2727623970217652,0
3828,Kepler-1094 b,0.0,1.0,0.2727568365057228,0
3829,Kepler-227 c,0.0,1.0,0.27275426877978953,0
3830,HATS-6 b,0.0,1.0,0.2727508103573919,0
3831,KMT-2019-BLG-1806L b,0.04401923010733251,0.59363321984035,0.2727456970985614,0
3832,Kepler-775 b,0.0,1.0,0.2727049455111864,0
3833,Kepler-906 b,0.0,1.0,0.2726437500940443,0
3834,Kepler-1338 b,0.0,1.0,0.2726423127498685,0
3835,Kepler-517 b,0.0,1.0,0.27263416728549184,0
3836,HD 219077 b,0.0,1.0,0.27261036470720595,0
3837,MXB 1658-298 b,0.0023368298368298367,0.9038952725856582,0.27255196234926515,0
3838,HD 155918 c,0.004106040748426223,0.8797712693374548,0.27255147614207403,0
3839,HATS-13 b,0.0,1.0,0.2725392342432157,0
3840,HD 82886 b,0.0,1.0,0.2725343042473662,0
3841,Kepler-1312 c,0.0,1.0,0.2725208825638752,0
3842,K2-398 b,0.0,1.0,0.2725113730824052,0
3843,Kepler-1459 b,0.030497985610805797,0.6565620244100281,0.27251085713139045,0
3844,GJ 486 b,0.0,1.0,0.2724835036054641,0
3845,Kepler-580 b,0.0,1.0,0.27248132133586833,0
3846,Kepler-1447 b,0.0,1.0,0.27245649345106693,0
3847,OGLE-2005-BLG-390L b,0.12718815143072634,0.3364420589013154,0.2724420605206158,0
3848,TOI-451 b,0.0022076228686058173,0.9092090529326473,0.27243175224409527,0
3849,HD 88072 b,0.0,1.0,0.272410024299773,0
3850,MOA-2022-BLG-249L b,0.041779168945253006,0.6032124254975435,0.2723945094228892,0
3851,HD 108236 d,0.0,1.0,0.27234847195437045,0
3852,HD 24040 c,0.006815704301144804,0.8383591114085605,0.27228878174110227,0
3853,Kepler-1082 b,0.0,1.0,0.2722866088550743,0
3854,TOI-2977 b,0.0,1.0,0.272274089160777,0
3855,EPIC 228836835 b,0.0018723349820910795,0.9229981403668184,0.2722705237543024,0
3856,K2-99 b,0.0021996996996997,0.9095349020706455,0.2722540140728955,0
3857,K2-401 b,0.0,1.0,0.27221442362753734,0
3858,Kepler-1681 b,0.0,1.0,0.27217198195170755,0
3859,Kepler-193 c,0.0,1.0,0.2721395311463874,0
3860,HD 25015 b,0.0,1.0,0.2721371140921822,0
3861,Kepler-1900 b,0.0,1.0,0.27211264471327334,0
3862,Kepler-224 d,0.00415098087335717,0.879430664591874,0.2720870527482387,0
3863,K2-257 b,0.0017490039840637448,0.928070264900815,0.2720848274374884,0
3864,Kepler-1684 b,0.0023453168337956047,0.9035462353912916,0.2720817363931347,0
3865,AU Mic d,0.002486175375239815,0.8977532711299987,0.2720755240766913,0
3866,Kepler-653 c,0.004415848014938703,0.8717247974133211,0.2720602024424708,0
3867,Kepler-397 b,0.0,1.0,0.2719917889926949,0
3868,Kepler-1836 b,0.0,1.0,0.27198029268708274,0
3869,K2-339 b,0.004858939924968109,0.8588731866346395,0.27197728947178756,0
3870,Kepler-327 b,0.0,1.0,0.2719759211023696,0
3871,Kepler-1624 b,0.0,1.0,0.271958829452283,0
3872,Kepler-66 b,0.0,1.0,0.2719437967384606,0
3873,EPIC 206024342 d,0.0,1.0,0.27190798862005716,0
3874,Kepler-1789 b,0.002292947181998125,0.9056999955973016,0.2718688401346051,0
3875,Kepler-1850 b,0.0,1.0,0.2718256829767277,0
3876,HD 50499 b,0.0,1.0,0.2717995141252433,0
3877,HD 109286 b,0.0047482960406019965,0.8620475564384475,0.27178233345872005,0
3878,Kepler-251 d,0.0022076228686058173,0.9092090529326473,0.2717769440797866,0
3879,HATS-34 b,0.0,1.0,0.27174925525045157,0
3880,Kepler-618 d,0.0,1.0,0.2717186092580761,0
3881,K2-154 c,0.0047069106267535995,0.86324666790535,0.2716888301598462,0
3882,Kepler-344 b,0.0022076228686058173,0.9092090529326473,0.2716602640109389,0
3883,NGTS-24 b,0.0,1.0,0.2716421851302009,0
3884,Kepler-1824 b,0.004425025265425178,0.8709663052808654,0.2716333079084796,0
3885,K2-174 b,0.0021423712342079687,0.9118925990078955,0.27162793387177137,0
3886,Kepler-591 b,0.0,1.0,0.2716214534066407,0
3887,HD 153950 b,0.004829096918656185,0.8597391855327411,0.27155095901550336,0
3888,Kepler-1152 b,0.0017490039840637448,0.928070264900815,0.2715175024177957,0
3889,HD 9446 c,0.0,1.0,0.27150681450993713,0
3890,Kepler-1475 b,0.0,1.0,0.27149622601591344,0
3891,Kepler-780 b,0.0,1.0,0.2714946909630698,0
3892,WASP-120 b,0.0,1.0,0.27147019915005594,0
3893,TOI-157 b,0.0,1.0,0.27146946084531653,0
3894,Kepler-94 c,0.0019357256215834949,0.9203911297779344,0.27144158876007635,0
3895,WASP-25 b,0.0,1.0,0.2714210680211197,0
3896,HD 222582 b,0.0,1.0,0.2714208638928349,0
3897,TOI-561 d,0.0021278348517154485,0.9124904239136775,0.2714132052577174,0
3898,Kepler-325 d,0.0,1.0,0.2713986079925627,0
3899,WASP-80 b,0.0,1.0,0.2713824193925279,0
3900,Kepler-1764 b,0.0,1.0,0.27137087155457307,0
3901,Kepler-1217 b,0.0,1.0,0.27133939944587904,0
3902,Kepler-1091 b,0.0,1.0,0.2713289441809008,0
3903,Kepler-1771 b,0.0,1.0,0.27128243540382146,0
3904,OGLE-2012-BLG-0563L b,0.0,1.0,0.27125977627641384,0
3905,KMT-2021-BLG-1303L b,0.0,1.0,0.27125977627641384,0
3906,Kepler-1948 b,0.002486175375239815,0.8977532711299987,0.27123940128418295,0
3907,Kepler-40 b,0.0,1.0,0.27122954855454,0
3908,CoRoT-2 b,0.0,1.0,0.2712196616627546,0
3909,Kepler-32 f,0.003566133613693375,0.8964059066860823,0.2712187220769106,0
3910,Kepler-104 c,0.0,1.0,0.2712081607785382,0
3911,Kepler-203 c,0.0,1.0,0.2711788797563972,0
3912,TOI-2194 b,0.0,1.0,0.27117806896637353,0
3913,HD 150010 b,0.0,1.0,0.27111195881616135,0
3914,Kepler-965 b,0.0,1.0,0.2710917290674897,0
3915,Kepler-1416 b,0.0,1.0,0.27106104604435005,0
3916,Kepler-1921 c,0.0,1.0,0.2710479351589435,0
3917,HD 24085 b,0.0,1.0,0.2709914864484052,0
3918,WASP-167 b,0.0,1.0,0.2708855812605643,0
3919,Kepler-1767 b,0.004583172335611923,0.8667137591146923,0.27081243324887794,0
3920,Kepler-11 f,0.0,1.0,0.27079155796401133,0
3921,Kepler-1393 b,0.0,1.0,0.27078710968598046,0
3922,HD 222076 b,0.0,1.0,0.27078340112466137,0
3923,K2-62 c,0.0,1.0,0.27077395044375135,0
3924,TOI-3714 b,0.0,1.0,0.27076571144520994,0
3925,Kepler-224 e,0.002462311557788945,0.8987346971778162,0.27075492410565555,0
3926,TOI-3235 b,0.0,1.0,0.27071329355373497,0
3927,Kepler-339 d,0.015510857462070178,0.7605358816035009,0.2706991762364501,0
3928,Kepler-1228 b,0.0,1.0,0.27065545171433086,0
3929,K2-266 e,0.0021423712342079687,0.9118925990078955,0.27063317421929733,0
3930,OGLE-2018-BLG-1269L b,0.0,1.0,0.2706273329119723,0
3931,TOI-1259 A b,0.004007474674622168,0.8833830515904834,0.27061651915416585,0
3932,HIP 65407 b,0.0,1.0,0.2706148195147478,0
3933,Kepler-1310 b,0.0,1.0,0.27060522970176104,0
3934,HD 156279 c,0.0,1.0,0.270583798506181,0
3935,Kepler-1455 b,0.33912133069605843,0.0324326634236457,0.27049078215101763,0
3936,EPIC 201595106 b,0.0,1.0,0.27043514520063794,0
3937,Kepler-925 b,0.006578451058442609,0.8440222166798603,0.2704347774185559,0
3938,OGLE-2014-BLG-0124L b,0.0,1.0,0.27041283987402254,0
3939,HD 190984 b,0.004106040748426223,0.8797712693374548,0.2703659508297384,0
3940,HD 51608 c,0.0,1.0,0.27036557055187066,0
3941,HATS-28 b,0.0,1.0,0.2703462785870199,0
3942,Kepler-1353 b,0.007139296327786177,0.8308316209364206,0.27033557714510803,0
3943,HD 110067 g,0.0,1.0,0.2703310185725535,0
3944,HD 231701 b,0.0,1.0,0.2703090780580782,0
3945,Kepler-942 b,0.01149794655625809,0.7895369501572347,0.2703022791833777,0
3946,HD 20781 e,0.0,1.0,0.2702936163205233,0
3947,HD 45652 b,0.0,1.0,0.27025493487836705,0
3948,Kepler-291 b,0.0,1.0,0.2701549951714913,0
3949,CoRoT-3 b,0.0,1.0,0.2701475471579395,0
3950,TOI-2842 b,0.0,1.0,0.270085353433548,0
3951,Kepler-1709 b,0.0,1.0,0.27006827538517963,0
3952,Kepler-233 c,0.0,1.0,0.27005023180528714,0
3953,HD 13931 b,0.0024329551315110886,0.8999420128757017,0.2700205852434662,0
3954,KMT-2019-BLG-1953L b,0.0,1.0,0.2699986048052967,0
3955,OGLE-2013-BLG-1721L b,0.0,1.0,0.2699986048052967,0
3956,MOA-2016-BLG-319L b,0.0,1.0,0.2699986048052967,0
3957,K2-74 b,0.0,1.0,0.2699709306842907,0
3958,WISE J033605.05-014350.4 b,0.004849666659345224,0.8591370139842465,0.2699603706897573,0
3959,Kepler-1083 b,0.006404399226095281,0.8482696586711744,0.26994636625834334,0
3960,11 UMi b,0.0,1.0,0.26993612381485854,0
3961,Kepler-25 d,0.0,1.0,0.2699256746275138,0
3962,Kepler-1739 b,0.002116050808314088,0.9129750558115919,0.2698532814348813,0
3963,Kepler-1016 c,0.0,1.0,0.26983454617769365,0
3964,K2-156 b,0.0,1.0,0.2698344631593275,0
3965,Kepler-331 d,0.006852140180010633,0.8376899649347951,0.26980190504126494,0
3966,K2-210 b,0.0,1.0,0.2698018800984181,0
3967,Kepler-1204 b,0.0,1.0,0.26977827209774746,0
3968,Kepler-1368 b,0.0,1.0,0.2697518350667694,0
3969,Kepler-1937 b,0.004230964477736125,0.87710345761879,0.2697467221405,0
3970,HD 191939 c,0.0,1.0,0.2697366877617754,0
3971,Kepler-1203 b,0.0,1.0,0.269696075448863,0
3972,Kepler-841 b,0.0,1.0,0.26968019240008023,0
3973,EPIC 212587672 c,0.0,1.0,0.2696771248739561,0
3974,Kepler-146 c,0.0,1.0,0.269634794529798,0
3975,Kepler-922 b,0.0,1.0,0.26963179058707076,0
3976,Kepler-1724 b,0.0,1.0,0.2696277359576358,0
3977,Kepler-1981 b,0.0021160508083140884,0.912975055811592,0.2696077941748012,0
3978,K2-347 b,0.0,1.0,0.2695867194206607,0
3979,Kepler-530 b,0.0,1.0,0.2695738264400081,0
3980,Kepler-262 c,0.0,1.0,0.26956878131839934,0
3981,Kepler-1920 b,0.004571241201675985,0.86713821724003,0.26956282779292207,0
3982,Kepler-630 b,0.002139385692068429,0.9120153827506312,0.2695605424832722,0
3983,HD 148164 b,0.0,1.0,0.26953675104357877,0
3984,HD 86081 b,0.0,1.0,0.2695327982404107,0
3985,WASP-50 b,0.0,1.0,0.2695183285400378,0
3986,Kepler-217 b,0.0,1.0,0.2694928888382313,0
3987,Kepler-158 c,0.002280356402818069,0.9062178054018329,0.2694453501630739,0
3988,HD 23596 b,0.0,1.0,0.2694246504722504,0
3989,EPIC 201427007 b,0.0,1.0,0.269414164718832,0
3990,Kepler-951 b,0.0039773921670855205,0.8844224156361208,0.26940791822157795,0
3991,HD 159868 c,0.0,1.0,0.26939985277588574,0
3992,MOA-bin-29 b,0.0,1.0,0.26936987699923876,0
3993,HATS-63 b,0.0,1.0,0.2693689919612595,0
3994,KOI-984 c,0.0,1.0,0.2693577951180064,0
3995,TOI-4377 b,0.0,1.0,0.2693354286066238,0
3996,ups And d,0.0,1.0,0.26930667983230416,0
3997,Kepler-17 b,0.0,1.0,0.2692703282136243,0
3998,Kepler-340 b,0.0,1.0,0.269264830066145,0
3999,TOI-1442 b,0.006928786679109595,0.8358767344540018,0.2692284302308974,0
4000,HD 45350 b,0.002396141787145097,0.9014560026278626,0.2691863373966904,0
4001,Kepler-1085 b,0.002451929496595006,0.899161670997355,0.2691713995543213,0
4002,HIP 67537 b,0.0,1.0,0.2691465449327243,0
4003,Kepler-31 c,0.0,1.0,0.26907286871638986,0
4004,Kepler-2000 b,0.0021545632973503435,0.9113911868440941,0.2690566549158693,0
4005,HD 196067 b,0.0,1.0,0.26902682422181246,0
4006,HATS-47 b,0.0,1.0,0.2690225709416104,0
4007,Kepler-359 b,0.0,1.0,0.2690088564656461,0
4008,HD 145934 b,0.002417976288944031,0.9005580344444105,0.2689577216598992,0
4009,HD 3167 e,0.002292947181998125,0.9056999955973016,0.26893320292256584,0
4010,Kepler-303 b,0.0017490039840637448,0.928070264900815,0.26889694796336183,0
4011,OGLE-2014-BLG-0319L b,0.0,1.0,0.2688142192487373,0
4012,K2-43 b,0.0,1.0,0.2687749829942033,0
4013,Kepler-1613 b,0.002309503872723466,0.9050190832672869,0.26873600131112585,0
4014,Kepler-405 c,0.0,1.0,0.26871771302038416,0
4015,Kepler-346 c,0.0,1.0,0.26871627046595753,0
4016,Kepler-1942 b,0.0,1.0,0.2687026667145929,0
4017,Kepler-326 b,0.0023404482390608325,0.9037464617674268,0.26869707175445934,0
4018,KOI-351 h,0.0,1.0,0.2686955464966885,0
4019,K2-47 b,0.002462311557788945,0.8987346971778162,0.26858533526372114,0
4020,KIC 10068024 b,0.0,1.0,0.2685758732200625,0
4021,Kepler-1237 b,0.002292947181998125,0.9056999955973016,0.2685363682357338,0
4022,TOI-4087 b,0.0,1.0,0.26852863457517406,0
4023,Kepler-1454 b,0.004853497629606138,0.859019373291757,0.26850943277601813,0
4024,HD 32963 b,0.0,1.0,0.26849730762280344,0
4025,Kepler-843 b,0.0,1.0,0.26847912658108913,0
4026,TOI-2570 b,0.0,1.0,0.2684776073345094,0
4027,Kepler-395 b,0.007010267220763554,0.8338523955747674,0.26847297151738847,0
4028,TOI-2285 b,0.36395777212409547,0.021208528815567562,0.26844289276005084,0
4029,Kepler-921 b,0.0,1.0,0.2684242178423607,0
4030,G 264-012 b,0.0023301846741668438,0.9041685622947714,0.2683948654749566,0
4031,HD 205739 b,0.0,1.0,0.26836789933161403,0
4032,K2-21 b,0.0,1.0,0.2683587899087916,0
4033,Kepler-991 b,0.35616072995343934,0.0321218736892831,0.2683427439941207,0
4034,HD 154391 b,0.002417976288944031,0.9005580344444105,0.2683292243690269,0
4035,TOI-5205 b,0.0,1.0,0.2683203458191268,0
4036,TOI-2260 b,0.006829811459694178,0.8380738924543764,0.26820657597579856,0
4037,Kepler-1323 b,0.0,1.0,0.2681870145954082,0
4038,BD+15 2375 b,0.0,1.0,0.26817753015582824,0
4039,HD 89744 b,0.009473715514634518,0.805875253366023,0.26817645616905844,0
4040,HD 108341 b,0.0024412623383845405,0.8996003697489472,0.2681730794838931,0
4041,Kepler-649 b,0.0,1.0,0.2681677719066231,0
4042,Kepler-1769 b,0.0,1.0,0.26811529183128324,0
4043,K2-25 b,0.00228418759078647,0.9060602435333679,0.2681136226371422,0
4044,K2-136 d,0.004726478952442037,0.8626389015538225,0.26811056055243,0
4045,Kepler-1099 b,0.0,1.0,0.2680896150576654,0
4046,KOI-351 d,0.0,1.0,0.2680820200947338,0
4047,K2-343 b,0.0,1.0,0.26799181765575897,0
4048,Kepler-1322 b,0.0,1.0,0.26795103957628663,0
4049,Kepler-1666 b,0.0,1.0,0.26794495119418693,0
4050,WASP-63 b,0.0,1.0,0.26792239912427734,0
4051,TOI-2545 b,0.0021278348517154485,0.9124904239136775,0.26790200581986623,0
4052,Kepler-1184 b,0.0,1.0,0.2678748284659177,0
4053,Kepler-934 b,0.011915496589829258,0.7818500328776388,0.26784069561326573,0
4054,HD 23472 f,0.0,1.0,0.2677796301517009,0
4055,Kepler-1067 b,0.0,1.0,0.26776297542319205,0
4056,Kepler-1741 b,0.0,1.0,0.26775068327008045,0
4057,Kepler-1465 b,0.004693173778162211,0.8636364910511004,0.267703715286594,0
4058,GPX-1 b,0.0,1.0,0.2677026007006135,0
4059,Kepler-85 e,0.0,1.0,0.2676888101090973,0
4060,Kepler-83 d,0.006536872026225651,0.8447286428091265,0.26768767699652585,0
4061,HD 114613 b,0.0021160508083140884,0.912975055811592,0.26768397158576374,0
4062,Kepler-293 c,0.0,1.0,0.26767235537361167,0
4063,HD 11964 b,0.0,1.0,0.2676528498696759,0
4064,OGLE-2014-BLG-1760L b,0.0,1.0,0.2676441909920353,0
4065,OGLE-2017-BLG-0373L b,0.0,1.0,0.267624906209767,0
4066,Kepler-987 b,0.0,1.0,0.26762227493642565,0
4067,eps Ind A b,0.0067917450976982315,0.8391393014132826,0.26761878653237914,0
4068,Kepler-1748 b,0.0020819112627986345,0.9143790826106777,0.2675948105424634,0
4069,TOI-4479 b,0.0,1.0,0.26758725570206,0
4070,HD 94771 b,0.0,1.0,0.26758593309278517,0
4071,Kepler-10 b,0.0,1.0,0.26756656462239925,0
4072,HD 219134 f,0.00463841500593098,0.8652697768926674,0.26748526588198085,0
4073,WASP-18 b,0.0,1.0,0.26744543685306876,0
4074,Kepler-159 b,0.0,1.0,0.26742920041528373,0
4075,Kepler-1874 b,0.021303660824960664,0.7106199201784233,0.2673872725586368,0
4076,Kepler-1547 b,0.0,1.0,0.26735938376875784,0
4077,Kepler-1858 b,0.020544210936258845,0.7205543227155857,0.26733970566433757,0
4078,GJ 3138 b,0.0,1.0,0.2673074206229752,0
4079,Kepler-1807 b,0.0021278348517154485,0.9124904239136775,0.26725074118351794,0
4080,HD 360 b,0.0,1.0,0.2672317708456442,0
4081,Kepler-1462 b,0.0,1.0,0.26721693835267957,0
4082,K2-344 b,0.0018171296296296306,0.9252685219181427,0.267214932240594,0
4083,6 Lyn b,0.0,1.0,0.26720317971442753,0
4084,MOA-2010-BLG-117L b,0.0,1.0,0.2671625177655837,0
4085,OGLE-2011-BLG-0251L b,0.0,1.0,0.2671625177655837,0
4086,HD 220773 b,0.0,1.0,0.2671400532252299,0
4087,HATS-9 b,0.0,1.0,0.26707565227675156,0
4088,Kepler-1566 b,0.0,1.0,0.2670559893635883,0
4089,Kepler-263 c,0.0021079185085527584,0.9133095056887282,0.26703608469787543,0
4090,Kepler-1520 b,0.002051485703606802,0.9156303675893598,0.2669302232801104,0
4091,TOI-2202 c,0.0,1.0,0.2668561407252153,0
4092,OGLE-2019-BLG-0304L b,0.0,1.0,0.26685576667404776,0
4093,HD 72490 b,0.0,1.0,0.2668405441598265,0
4094,Kepler-1696 b,0.0022718808193668526,0.9065663732027139,0.2667801628558792,0
4095,OGLE-2017-BLG-0604L b,0.0,1.0,0.26677459398609604,0
4096,Kepler-1523 b,0.0,1.0,0.26675023066841475,0
4097,WASP-39 b,0.0,1.0,0.2667089219567555,0
4098,11 Com b,0.0,1.0,0.2666968211658963,0
4099,OGLE-TR-10 b,0.0,1.0,0.26669138426627376,0
4100,Kepler-265 d,0.0,1.0,0.2666709450840032,0
4101,Kepler-1394 b,0.0,1.0,0.26665164379611694,0
4102,HD 214823 b,0.0,1.0,0.26664471721952754,0
4103,Kepler-1132 b,0.0023672945205479453,0.902642378567297,0.26664366073294643,0
4104,Kepler-252 c,0.0,1.0,0.26662471408350513,0
4105,CI Tau b,0.0,1.0,0.2666149331100034,0
4106,Kepler-938 b,0.0022076228686058173,0.9092090529326473,0.2666132820071229,0
4107,Kepler-39 b,0.0,1.0,0.26657501987054116,0
4108,TOI-1807 b,0.0,1.0,0.2665558066069811,0
4109,WASP-110 b,0.0,1.0,0.26653588199668726,0
4110,K2-266 c,0.0022685472205001035,0.9067034711656674,0.2664878607090475,0
4111,Kepler-466 b,0.0,1.0,0.26647722338101576,0
4112,KMT-2021-BLG-1770L b,0.004793689504842597,0.860771647736493,0.26640313093923507,0
4113,HAT-P-5 b,0.0,1.0,0.26638542634147244,0
4114,EPIC 220674823 b,0.0,1.0,0.26633282408971487,0
4115,Kepler-1559 b,0.0,1.0,0.2663111363066455,0
4116,KIC 5437945 b,0.0,1.0,0.2662892302691501,0
4117,Kepler-1192 b,0.004011288105200239,0.883376531233635,0.26626359614819545,0
4118,Kepler-1373 b,0.0,1.0,0.26625204669741354,0
4119,TOI-1107 b,0.0,1.0,0.2662415614001619,0
4120,WASP-181 b,0.0,1.0,0.2662347828456546,0
4121,Kepler-592 b,0.0,1.0,0.266191150040942,0
4122,Kepler-1061 b,0.0,1.0,0.26616460607418696,0
4123,Kepler-1561 b,0.0,1.0,0.2661499528453849,0
4124,WASP-16 b,0.0,1.0,0.26610443754881963,0
4125,TOI-4342 b,0.0,1.0,0.2660554275441391,0
4126,HD 40307 c,0.0041675365119208906,0.8789431023731374,0.2660508534428632,0
4127,Kepler-1026 b,0.009498663767645596,0.8053277181512764,0.2660490089490687,0
4128,K2-147 b,0.0017490039840637448,0.928070264900815,0.26603433341996074,0
4129,HD 56414 b,0.0,1.0,0.2659931554968501,0
4130,Kepler-1896 b,0.0,1.0,0.26598083769593717,0
4131,Kepler-1986 b,0.0,1.0,0.2659424703077178,0
4132,nu Oph c,0.0,1.0,0.2659122724581043,0
4133,Kepler-1774 b,0.0,1.0,0.2658944627603693,0
4134,OGLE-2017-BLG-0406L b,0.0,1.0,0.2658074711764435,0
4135,Kepler-417 c,0.004133731991089951,0.8799363251117672,0.26572727840529586,0
4136,TOI-1736 c,0.004699653492830715,0.8634762036285413,0.2657224479216413,0
4137,Kepler-1620 b,0.011257870619641985,0.7935048184343445,0.2656347403530823,0
4138,K2-212 b,0.0022188694427680553,0.9087465250552754,0.2655827936722127,0
4139,HD 156098 b,0.0,1.0,0.2655190116057267,0
4140,KMT-2016-BLG-2142L b,0.004793689504842597,0.860771647736493,0.2654944134225733,0
4141,HD 200964 b,0.0,1.0,0.2654724086695615,0
4142,HIP 19976 b,0.0,1.0,0.26541910146101433,0
4143,OGLE-2012-BLG-0724L b,0.0,1.0,0.2653968547029949,0
4144,Kepler-973 b,0.007271027743471331,0.8277759704388903,0.26539433650290006,0
4145,HD 222155 b,0.0,1.0,0.2653920749819743,0
4146,HAT-P-28 b,0.0,1.0,0.2653775456888675,0
4147,Kepler-1084 b,0.0,1.0,0.26535660800786454,0
4148,Kepler-1844 b,0.0,1.0,0.26530813667054504,0
4149,Kepler-399 d,0.012044950812904751,0.7795698088140396,0.2652598881603695,0
4150,RR Cae b,0.011914190655362287,0.7817028635859511,0.2652573622799619,0
4151,HD 30856 b,0.0,1.0,0.265242749822619,0
4152,Kepler-23 b,0.0,1.0,0.2652423824388904,0
4153,HD 108236 f,0.0,1.0,0.2652011071267034,0
4154,HD 8574 b,0.0023415492957746475,0.9037011795848398,0.2651969068939761,0
4155,TOI-178 f,0.0,1.0,0.2651905537320685,0
4156,OGLE-2006-BLG-284L A b,0.0,1.0,0.2651673443672957,0
4157,Kepler-1031 b,0.0,1.0,0.26514448144887215,0
4158,KMT-2021-BLG-0748L b,0.0,1.0,0.2651299640650887,0
4159,CoRoT-27 b,0.0,1.0,0.2651251121246131,0
4160,HD 110067 d,0.0020819112627986345,0.9143790826106777,0.2651200776729956,0
4161,WASP-8 c,0.0,1.0,0.2651147846624889,0
4162,51 Peg b,0.0,1.0,0.2651119010531682,0
4163,K2-185 c,0.0,1.0,0.26506711750544243,0
4164,Kepler-259 c,0.0,1.0,0.2650539015783149,0
4165,OGLE-2016-BLG-1067L b,0.0,1.0,0.2650143375550505,0
4166,HATS-18 b,0.0,1.0,0.26500192457448263,0
4167,Kepler-1518 b,0.0,1.0,0.26495208128402464,0
4168,Kepler-807 b,0.0,1.0,0.26494783604691985,0
4169,XO-6 b,0.0,1.0,0.26494681247538115,0
4170,OGLE-2015-BLG-1771L b,0.0,1.0,0.2649378341098174,0
4171,Kepler-1264 b,0.0,1.0,0.26491968744119265,0
4172,HD 187123 c,0.0,1.0,0.2648681936029128,0
4173,WASP-52 b,0.0,1.0,0.26483414196465865,0
4174,HAT-P-12 b,0.00605896037822897,0.856305714443515,0.2648073156489669,0
4175,K2-133 c,0.0,1.0,0.264798488194503,0
4176,Kepler-1129 c,0.0,1.0,0.2647171195423855,0
4177,HAT-P-46 b,0.0,1.0,0.2646994797816622,0
4178,Kepler-1886 b,0.0,1.0,0.26464665684804345,0
4179,HD 216770 b,0.0,1.0,0.2646113921288138,0
4180,HD 62549 b,0.0,1.0,0.26460417103320005,0
4181,GJ 806 b,0.0,1.0,0.2645106024040507,0
4182,WASP-151 b,0.0,1.0,0.2645038094516309,0
4183,Kepler-1522 b,0.0,1.0,0.26443608699097065,0
4184,WASP-37 b,0.0,1.0,0.26442016877437136,0
4185,HD 106270 b,0.0,1.0,0.2644134349761773,0
4186,Kepler-230 b,0.0,1.0,0.26441072920682046,0
4187,K2-6 b,0.0,1.0,0.26439078429535434,0
4188,Kepler-1074 b,0.004028610050197034,0.882928780558773,0.2643773639395883,0
4189,KMT-2018-BLG-1990L b,0.0023415492957746475,0.9037011795848398,0.26434675047865924,0
4190,HD 93083 b,0.0,1.0,0.2642915282383189,0
4191,HAT-P-13 c,0.004680026009791921,0.8640217546211995,0.26425449328825146,0
4192,Kepler-49 b,0.0,1.0,0.2641531593923931,0
4193,Kepler-1513 c,0.0,1.0,0.26415058303705297,0
4194,NGTS-18 b,0.0,1.0,0.26415046535260517,0
4195,HAT-P-36 b,0.0,1.0,0.2641186808193907,0
4196,K2-120 b,0.0,1.0,0.26409065585098185,0
4197,Kepler-1352 b,0.0,1.0,0.26398578178398424,0
4198,Kepler-164 e,0.0,1.0,0.263963777180501,0
4199,HD 108236 e,0.0,1.0,0.26386936367492,0
4200,Kepler-543 b,0.002051485703606802,0.9156303675893598,0.2638684010116981,0
4201,CoRoT-14 b,0.0,1.0,0.26384489007043377,0
4202,Kepler-940 b,0.0,1.0,0.2638153972762877,0
4203,GJ 3470 b,0.0,1.0,0.2637816808599808,0
4204,K2-118 b,0.011679148518225008,0.7860823386736895,0.2637182618594164,0
4205,Kepler-1349 b,0.0,1.0,0.2637020261000134,0
4206,Kepler-1984 b,0.0,1.0,0.26366053390439015,0
4207,Kepler-239 c,0.018879655359574542,0.7276670437647057,0.26351458272534406,0
4208,HD 168443 c,0.0,1.0,0.26350174135295595,0
4209,HD 14787 b,0.0,1.0,0.2634449820677226,0
4210,Kepler-622 b,0.0,1.0,0.2633673696433693,0
4211,TOI-858 B b,0.0,1.0,0.2633044311319711,0
4212,HD 98649 b,0.0,1.0,0.26329828586470677,0
4213,TOI-3884 b,0.0,1.0,0.2632630664315082,0
4214,K2-138 g,0.004230964477736125,0.87710345761879,0.2632382233818865,0
4215,Kepler-155 b,0.0018171296296296306,0.9252685219181427,0.26323431248839413,0
4216,Kepler-1359 b,0.004634044333969349,0.8653983204195848,0.2631759962182046,0
4217,KELT-11 b,0.0,1.0,0.2630840124818058,0
4218,Kepler-397 c,0.0,1.0,0.2630729502317006,0
4219,NGC 2682 YBP 1514 b,0.0,1.0,0.2630495402112646,0
4220,KELT-8 b,0.0,1.0,0.26304767671151996,0
4221,Kepler-1822 b,0.0021278348517154485,0.9124904239136775,0.26297176151600116,0
4222,K2-381 c,0.0,1.0,0.26295448952644984,0
4223,HD 95127 b,0.0,1.0,0.262914333643271,0
4224,Kepler-610 c,0.0,1.0,0.26290126882006315,0
4225,Kepler-62 b,0.010522786628659487,0.80712758196213,0.26289547020673903,0
4226,Kepler-407 c,0.0,1.0,0.26288052941413037,0
4227,KOI-1833 d,0.006131244691986628,0.8545487961457048,0.26286856293668537,0
4228,Kepler-55 b,0.011825487849130668,0.783543625545513,0.2628306661510392,0
4229,Kepler-616 c,0.0,1.0,0.2627050576215565,0
4230,Kepler-199 c,0.0,1.0,0.2626772635859849,0
4231,HATS-68 b,0.0021996996996997,0.9095349020706455,0.26265967289219977,0
4232,Kepler-551 b,0.0,1.0,0.26264265708405227,0
4233,Kepler-1869 c,0.0,1.0,0.26260584463684467,0
4234,HD 5608 b,0.0,1.0,0.2625590272175027,0
4235,HD 134987 c,0.0,1.0,0.2625198245359329,0
4236,K2-146 b,0.0,1.0,0.262498546843831,0
4237,Kepler-283 b,0.0,1.0,0.2624801767704942,0
4238,DENIS-P J082303.1-491201 b,0.009403689167569442,0.80709116284802,0.262473493070651,0
4239,Kepler-154 c,0.0022718808193668526,0.9065663732027139,0.2624084992063688,0
4240,Kepler-1805 b,0.004447384762821036,0.8707817320835214,0.26238644152201146,0
4241,TYC 1422-614-1 c,0.0,1.0,0.26238289540226534,0
4242,Kepler-1101 b,0.0,1.0,0.26236563465233664,0
4243,Kepler-920 c,0.0023603651987110638,0.9029273546386418,0.26235524522610276,0
4244,Kepler-1658 b,0.0,1.0,0.26234978144688115,0
4245,HD 219134 d,0.023034171887695673,0.7036028019313194,0.26226484268925176,0
4246,TOI-1937 A b,0.0,1.0,0.26225307324079195,0
4247,K2-17 b,0.004684353069104487,0.8638126435732452,0.26225160141334936,0
4248,Kepler-541 b,0.0,1.0,0.2622068485982957,0
4249,Kepler-235 b,0.0,1.0,0.2621941243349918,0
4250,Kepler-2000 c,0.007039844398584256,0.8331537415987087,0.2621753030720463,0
4251,HIP 35965 b,0.004669262254235512,0.8643132568094941,0.2621629471787558,0
4252,Kepler-1999 b,0.0,1.0,0.2621418417903526,0
4253,TOI-1338 c,0.0023415492957746475,0.9037011795848398,0.2621008640400272,0
4254,TOI-500 e,0.0019259064634787179,0.920794953581545,0.2620901012375352,0
4255,HD 31527 c,0.0,1.0,0.26208990293146905,0
4256,Kepler-557 b,0.0,1.0,0.2620730952133167,0
4257,Kepler-105 c,0.0,1.0,0.2620699631952981,0
4258,Kepler-241 c,0.006954361199463473,0.8352162761592778,0.2620591933441057,0
4259,WTS-2 b,0.0,1.0,0.262035568329998,0
4260,NGTS-6 b,0.0,1.0,0.26203500272976465,0
4261,TOI-2459 b,0.0,1.0,0.2620246191009455,0
4262,Kepler-383 c,0.007148479076081769,0.8306116855581781,0.26199756000906976,0
4263,Kepler-1996 b,0.008991268433786751,0.8154978200898173,0.2619947681560215,0
4264,HD 23079 b,0.0,1.0,0.26196817925367283,0
4265,HD 9446 b,0.0,1.0,0.2619579903380812,0
4266,Kepler-329 b,0.0022841875907864727,0.9060602435333678,0.2619445470188382,0
4267,Kepler-785 b,0.002051485703606802,0.9156303675893598,0.2618282774759453,0
4268,KOI-94 b,0.0,1.0,0.2618275596383161,0
4269,CoRoT-25 b,0.0,1.0,0.26181610214665113,0
4270,HD 39194 c,0.004167871536605405,0.878933524142499,0.2618019439138095,0
4271,GJ 1252 b,0.010751605361573567,0.8020876483066234,0.2618006359497958,0
4272,WASP-153 b,0.0,1.0,0.26178817222938305,0
4273,Kepler-358 c,0.0,1.0,0.2617866680750532,0
4274,Kepler-1531 b,0.0,1.0,0.26173805138500084,0
4275,HD 142 b,0.0,1.0,0.26170069384026057,0
4276,Kepler-990 c,0.0,1.0,0.2616807699504926,0
4277,Kepler-234 b,0.0,1.0,0.2616435114604181,0
4278,K2-89 b,0.0037823373173970776,0.8898339495950477,0.261638413469499,0
4279,Kepler-427 b,0.0,1.0,0.2616082444970064,0
4280,Kepler-917 b,0.0,1.0,0.2616008944071715,0
4281,Kepler-407 b,0.0,1.0,0.26159546061058153,0
4282,Kepler-264 c,0.027963595484962602,0.6850463325975817,0.26154985738009484,0
4283,WASP-184 b,0.0,1.0,0.26154717166827246,0
4284,HD 219828 c,0.0,1.0,0.26150851239314554,0
4285,K2-387 b,0.0,1.0,0.261506873467763,0
4286,K2-32 c,0.004237141891974391,0.8768917643913046,0.26149794043699953,0
4287,Kepler-140 c,0.004836822697235842,0.8595180133941709,0.2614798487858914,0
4288,CoRoT-9 b,0.0,1.0,0.2613839432358459,0
4289,Kepler-1729 b,0.004206049000957146,0.8778022770500057,0.2613598477340269,0
4290,Kepler-267 b,0.008439748447768392,0.8262976128245534,0.261298611435491,0
4291,OGLE-2013-BLG-0102L b,0.007135238800617244,0.8309945727677395,0.2612899093084859,0
4292,HD 167042 b,0.002116050808314088,0.9129750558115921,0.2612705465446048,0
4293,HD 106515 A b,0.0,1.0,0.26110474562831,0
4294,HD 219139 b,0.0,1.0,0.2610904126391136,0
4295,iot Dra b,0.0,1.0,0.2610301522659362,0
4296,BD+48 740 b,0.0,1.0,0.26102353951101315,0
4297,Kepler-105 b,0.0,1.0,0.26093725737855855,0
4298,Kepler-1798 b,0.0,1.0,0.2609138370800359,0
4299,Kepler-1903 b,0.002116050808314088,0.9129750558115919,0.26085534637343394,0
4300,K2-131 b,0.0,1.0,0.26083095213027857,0
4301,Kepler-616 d,0.0,1.0,0.2608218830599417,0
4302,WASP-176 b,0.0,1.0,0.2608176938985507,0
4303,K2-321 b,0.0018171296296296306,0.9252685219181427,0.2607920293142747,0
4304,Kepler-67 b,0.004269411262798634,0.8759607340994475,0.26076489439546613,0
4305,Kepler-1175 b,0.0024078861137406243,0.9009730041277833,0.2607467820773992,0
4306,Kepler-290 c,0.004672998332665409,0.8641895487104068,0.2607305174399058,0
4307,Kepler-126 d,0.004425025265425178,0.8709663052808654,0.2607181057379988,0
4308,HD 152843 b,0.014420359450527815,0.7772775439610713,0.2607159091319943,0
4309,HD 5319 c,0.002417976288944031,0.9005580344444105,0.2606917601509122,0
4310,Kepler-1321 d,0.006313548505663831,0.8503648775362462,0.26065589802945144,0
4311,omi CrB b,0.0024080781472944797,0.9009651065341908,0.2606525102869366,0
4312,WASP-138 b,0.0,1.0,0.260615207824781,0
4313,WASP-123 b,0.0,1.0,0.26060541480304616,0
4314,Kepler-197 c,0.0,1.0,0.2605858592056221,0
4315,LP 791-18 b,0.0,1.0,0.2605820343930708,0
4316,L 168-9 b,0.002142579264734487,0.9118840435209997,0.2605208221968908,0
4317,HD 19615 b,0.002116050808314088,0.9129750558115921,0.26048943521037643,0
4318,Kepler-1599 b,0.037773586597254695,0.6183290424472383,0.26048925951048596,0
4319,Kepler-19 d,0.0023603651987110638,0.9029273546386418,0.2602874750543931,0
4320,Kepler-1889 b,0.004315334851715449,0.874652992785446,0.26028714273788756,0
4321,WASP-71 b,0.0,1.0,0.26027488833026696,0
4322,K2-278 b,0.0,1.0,0.26027424814951705,0
4323,KOI-3503 b,0.013144364017007377,0.7805022231960017,0.260242813772673,0
4324,HD 20329 b,0.0,1.0,0.26017992795793166,0
4325,WASP-98 b,0.0,1.0,0.26017391962300174,0
4326,OGLE-TR-132 b,0.0,1.0,0.26016046929715975,0
4327,HD 184010 b,0.0,1.0,0.26015534562003995,0
4328,TOI-1260 d,0.0,1.0,0.26012436575822395,0
4329,HD 221287 b,0.004843718448369958,0.8593171284531107,0.2600833136229217,0
4330,HD 215497 c,0.0,1.0,0.2600805765935217,0
4331,WASP-70 A b,0.0,1.0,0.26007896715440926,0
4332,HD 140901 c,0.0,1.0,0.2600775641805051,0
4333,TOI-3807 b,0.0,1.0,0.2600705467733105,0
4334,Kepler-87 b,0.0,1.0,0.26006030869648383,0
4335,K2-15 b,0.008374950190224016,0.8284217904794136,0.2599753336098642,0
4336,Kepler-265 e,0.0,1.0,0.2599403490361168,0
4337,DMPP-4 b,0.0,1.0,0.2599216906284102,0
4338,Kepler-598 c,0.008931797773474876,0.8167325190773318,0.25984718650080163,0
4339,Kepler-220 d,0.009621661112576644,0.8027930543924768,0.25984661861917785,0
4340,HD 152581 b,0.0,1.0,0.2597795318179481,0
4341,HD 290327 b,0.0,1.0,0.25973811399724966,0
4342,GJ 9827 c,0.002179144385026738,0.91038026226009,0.2597319331872395,0
4343,EPIC 212624936 c,0.002116050808314088,0.9129750558115919,0.25972292538174885,0
4344,WASP-113 b,0.0,1.0,0.2596949977696025,0
4345,TOI-1333 b,0.0,1.0,0.2596440302814241,0
4346,HATS-58 A b,0.0,1.0,0.2596237081554851,0
4347,Kepler-1524 b,0.0,1.0,0.25953031346509203,0
4348,Kepler-35 b,0.0,1.0,0.2595021601270875,0
4349,HD 199509 b,0.0,1.0,0.2594769624457356,0
4350,Kepler-1258 b,0.0,1.0,0.2594762716154803,0
4351,Kepler-24 c,0.0,1.0,0.2594619376375835,0
4352,HD 90156 b,0.0,1.0,0.2593810766465816,0
4353,Kepler-539 c,0.0,1.0,0.2593509491054504,0
4354,Kepler-1666 c,0.0,1.0,0.2592589107475264,0
4355,TOI-2236 b,0.0,1.0,0.25925077556793036,0
4356,Kepler-1990 b,0.0021996996996997,0.9095349020706455,0.2592495231647747,0
4357,Kepler-645 b,0.002309503872723466,0.9050190832672869,0.25915029061695943,0
4358,K2-125 b,0.34479876341154536,0.027025472922988625,0.25913537861813535,0
4359,rho CrB b,0.0,1.0,0.25912956961027667,0
4360,Kepler-1411 b,0.0022718808193668526,0.9065663732027139,0.25911501814218446,0
4361,WASP-95 b,0.0,1.0,0.2591117113093516,0
4362,HD 102956 b,0.0,1.0,0.2590711561370855,0
4363,Kepler-644 b,0.0,1.0,0.2590271184922389,0
4364,Gl 378 b,0.0018171296296296306,0.9252685219181427,0.2589470857873139,0
4365,HD 218566 b,0.06174158200083005,0.5261609871878963,0.2589425434019414,0
4366,HD 82943 b,0.004699653492830715,0.8634762036285413,0.25891253414887194,0
4367,TOI-2583 A b,0.0,1.0,0.25888326706437126,0
4368,HIP 109600 b,0.007115541543295423,0.8313640716038266,0.2588783344257402,0
4369,HATS-42 b,0.0,1.0,0.2588572402904714,0
4370,Kepler-333 c,0.011854325407048966,0.782912070627608,0.25884444711337246,0
4371,Kepler-1766 b,0.0,1.0,0.2588395748584863,0
4372,Kepler-1161 b,0.0,1.0,0.2588264904257129,0
4373,Kepler-1087 b,0.0,1.0,0.25880490731137407,0
4374,Kepler-1752 b,0.0,1.0,0.2587785043622538,0
4375,WASP-94 A b,0.0,1.0,0.2587326689893128,0
4376,Kepler-619 c,0.0,1.0,0.25866125429320386,0
4377,K2-85 b,0.0,1.0,0.25863220832226563,0
4378,Kepler-104 d,0.0,1.0,0.2586234551859129,0
4379,Kepler-316 c,0.004552734811286576,0.8677691827000155,0.2585864749148337,0
4380,Kepler-184 d,0.0,1.0,0.25853811951659983,0
4381,CoRoT-20 c,0.0019444444444444444,0.9200325584856566,0.2584741846663365,0
4382,HD 156846 b,0.004680026009791921,0.8640217546211995,0.2584571914792255,0
4383,Kepler-1678 b,0.0,1.0,0.25844017143343595,0
4384,Kepler-1533 b,0.00707177252575841,0.8324616513927703,0.2584148996118006,0
4385,GJ 317 b,0.0,1.0,0.2583822788154544,0
4386,K2-308 b,0.0,1.0,0.2583710870584864,0
4387,tau Cet h,0.00458606501970999,0.866679336524118,0.2583695877873802,0
4388,TOI-1221 b,0.0,1.0,0.2583391045169249,0
4389,K2-148 c,0.0022841875907864727,0.9060602435333678,0.2583261581639836,0
4390,K2-266 d,0.0,1.0,0.2583186836596961,0
4391,Kepler-1708 b,0.009601825549664635,0.8032725211586349,0.25831470986158983,0
4392,HD 42618 b,0.0,1.0,0.25827386671319025,0
4393,CoRoT-31 b,0.0,1.0,0.25825294367149754,0
4394,HD 73256 c,0.0,1.0,0.2582173318448653,0
4395,HAT-P-4 b,0.0,1.0,0.2581849554643405,0
4396,CoRoT-26 b,0.0,1.0,0.25817294581162425,0
4397,NGTS-17 b,0.0,1.0,0.25814896439469437,0
4398,K2-155 d,0.34068571840815215,0.03263984151432642,0.25814731481617625,0
4399,HD 150706 b,0.0,1.0,0.25813087525060174,0
4400,Kepler-786 b,0.021104492838128427,0.7133812243310027,0.25809260180581856,0
4401,HATS-1 b,0.0,1.0,0.2580802123588657,0
4402,K2-141 b,0.0,1.0,0.25805795785747754,0
4403,K2-91 b,0.00926636629694399,0.8101548568350011,0.25804768529421956,0
4404,AU Mic b,0.0021545632973503435,0.9113911868440941,0.25804697427309564,0
4405,TOI-3912 b,0.0,1.0,0.2580312764734996,0
4406,HD 81817 b,0.0,1.0,0.2579864365045692,0
4407,HD 13808 c,0.002051820728291317,0.9156165893264004,0.2579687223084526,0
4408,Kepler-83 b,0.0,1.0,0.2579001598052643,0
4409,Kepler-1016 b,0.0,1.0,0.25787480512620903,0
4410,75 Cet c,0.0,1.0,0.2578074171613698,0
4411,Kepler-1965 b,0.004405896407254627,0.8720338917376425,0.2577794308393904,0
4412,Kepler-310 c,0.0,1.0,0.25776595967760607,0
4413,ups And b,0.0,1.0,0.2576634583118309,0
4414,HD 109988 b,0.0,1.0,0.2576263619215508,0
4415,CoRoT-12 b,0.0,1.0,0.25762213942938317,0
4416,Kepler-1106 b,0.0,1.0,0.2575887868138791,0
4417,HD 52265 b,0.0021996996996997,0.9095349020706455,0.2575714253088863,0
4418,Kepler-1086 b,0.004498268999152895,0.8692040281487923,0.2575598610479972,0
4419,Kepler-670 b,0.0,1.0,0.25755390535697364,0
4420,HATS-25 b,0.0,1.0,0.257502467351853,0
4421,HD 149806 b,0.0,1.0,0.2574709730246185,0
4422,HD 33142 c,0.0,1.0,0.25745027098211576,0
4423,K2-4 b,0.0,1.0,0.2574138215194985,0
4424,HD 110067 f,0.0,1.0,0.2574127047553464,0
4425,HD 128311 b,0.006122817124851469,0.8546270230498434,0.25730669875011597,0
4426,Pr0201 b,0.0,1.0,0.25729089066068356,0
4427,HD 68988 c,0.0,1.0,0.2572458321932524,0
4428,HATS-50 b,0.0,1.0,0.2571988663828536,0
4429,HD 96700 d,0.0,1.0,0.25718422971001376,0
4430,TOI-277 b,0.006157367388951648,0.8536304744256216,0.25714719253893903,0
4431,TOI-163 b,0.0,1.0,0.25714287129037416,0
4432,Kepler-1283 b,0.0,1.0,0.25707536733653824,0
4433,HD 31253 b,0.0,1.0,0.2570465788889996,0
4434,GJ 436 b,0.00228418759078647,0.9060602435333679,0.25702256425066383,0
4435,HD 141937 b,0.0,1.0,0.2569985229325553,0
4436,TOI-2096 b,0.0,1.0,0.2569852252224475,0
4437,Kepler-1092 b,0.0046024510547215906,0.86632513463614,0.2569677600705667,0
4438,HIP 65 A b,0.002051485703606802,0.9156303675893598,0.2569243456337341,0
4439,Kepler-1020 b,0.007067097378411266,0.8325812557769952,0.25689461569470823,0
4440,TOI-411 b,0.015510857462070178,0.7605358816035009,0.2568496941211441,0
4441,Kepler-289 d,0.0,1.0,0.256802719513211,0
4442,WASP-119 b,0.0,1.0,0.25679144440848556,0
4443,HIP 48714 b,0.0,1.0,0.2567897754166167,0
4444,Kepler-1066 b,0.0022076228686058173,0.9092090529326473,0.25676489878688596,0
4445,HD 109246 b,0.0,1.0,0.256751640775765,0
4446,alf Ari b,0.01232416897433734,0.794105699309222,0.25674916963562855,0
4447,Kepler-1124 b,0.0,1.0,0.25671188612465845,0
4448,HD 143105 b,0.0,1.0,0.25668621157300653,0
4449,TOI-1130 c,0.0,1.0,0.25668288477780654,0
4450,WASP-85 A b,0.0,1.0,0.256606984035364,0
4451,HIP 65407 c,0.0023603651987110638,0.9029273546386418,0.25653672703342967,0
4452,K2-253 b,0.0,1.0,0.25652617166411323,0
4453,WASP-148 c,0.0,1.0,0.25648034608742004,0
4454,1RXS J160929.1-210524 b,0.011851556740016936,0.7828350398925905,0.25644237135325226,0
4455,HD 184010 c,0.0,1.0,0.2563645957038895,0
4456,Kepler-685 b,0.0,1.0,0.2563065718098114,0
4457,KIC 3526061 b,0.0,1.0,0.25627088613030813,0
4458,Kepler-468 b,0.0,1.0,0.256241991430282,0
4459,TOI-3785 b,0.0,1.0,0.25622615943700605,0
4460,K2-403 b,0.010260950275283674,0.8119236887199238,0.2562109020060053,0
4461,WASP-73 b,0.0,1.0,0.2561989150546152,0
4462,Kepler-169 f,0.022737745892632034,0.7071479844080413,0.25611781980286313,0
4463,HD 66428 b,0.0,1.0,0.25607536545467957,0
4464,K2-90 b,0.0,1.0,0.2560593787055395,0
4465,HD 155193 b,0.0,1.0,0.2560591167842331,0
4466,Kepler-1757 b,0.004269411262798634,0.8759607340994475,0.2560405091517921,0
4467,HD 202206 c,0.0,1.0,0.25602690484903534,0
4468,Kepler-1880 b,0.0024722306705631885,0.8983267626271967,0.25600884452913186,0
4469,Kepler-970 b,0.002288734835355287,0.9058732330403976,0.2559774791302094,0
4470,Kepler-1797 b,0.0,1.0,0.25597490868749934,0
4471,HATS-30 b,0.0,1.0,0.2559287542115651,0
4472,V830 Tau b,0.0,1.0,0.25589805018950407,0
4473,LHS 1678 b,0.019448075605622905,0.7349466970398246,0.2558754165555097,0
4474,Kepler-79 e,0.0,1.0,0.25581547380476194,0
4475,HD 188015 b,0.004756603247475448,0.8618001498330436,0.2558035687243335,0
4476,Kepler-130 d,0.004818135018779372,0.8600577855410318,0.25580314182016484,0
4477,Kepler-29 b,0.002116050808314088,0.9129750558115919,0.2557966537755044,0
4478,HD 1690 b,0.0,1.0,0.2557513282087795,0
4479,Kepler-1340 b,0.0,1.0,0.25569732867188133,0
4480,WASP-135 b,0.0,1.0,0.2556849909272033,0
4481,TOI-4600 c,0.016812171654620286,0.7405685434953396,0.2556757164959649,0
4482,Qatar-7 b,0.0,1.0,0.25558853469151865,0
4483,gam Psc b,0.0,1.0,0.25555186653580586,0
4484,HD 137388 b,0.041471343909521244,0.6058405809896334,0.25549101899363386,0
4485,Kepler-401 d,0.08143002087279166,0.45779369006291837,0.2553875574383037,0
4486,HIP 79098 AB b,0.0,1.0,0.2553860472070353,0
4487,HD 127506 b,0.0039773921670855205,0.8844224156361208,0.2551620014086533,0
4488,KIC 5095269 b,0.009571480205625505,0.8039057184364526,0.25515639112927563,0
4489,HD 11505 b,0.0,1.0,0.25514652922980724,0
4490,EPIC 206042996 c,0.0,1.0,0.2551440382416034,0
4491,HD 75289 b,0.0,1.0,0.25501551284280594,0
4492,Kepler-112 c,0.002116050808314088,0.9129750558115919,0.2549714084905398,0
4493,TOI-1288 c,0.002315340909090908,0.9047790286513455,0.25494902785206797,0
4494,K2-409 b,0.0,1.0,0.2549236583061457,0
4495,K2-148 d,0.002467733153984115,0.8985117280012521,0.25492350738385605,0
4496,DP Leo b,0.011594564761250224,0.7874716008055711,0.2548961856330941,0
4497,Kepler-1610 c,0.006878264936178342,0.8369045177946041,0.25483772932766036,0
4498,Kepler-203 d,0.0068019801999843355,0.8387320693776821,0.25473248790418557,0
4499,GJ 414 A c,0.004567301030865481,0.8671738522062473,0.25473084775930943,0
4500,KOI-1783.02,0.007051292372188902,0.8329567179222966,0.2547269476732058,0
4501,HD 41004 B b,0.0,1.0,0.254660244748678,0
4502,TYC 4282-00605-1 b,0.0,1.0,0.25460006442732347,0
4503,HD 141399 e,0.0,1.0,0.25458503347749095,0
4504,TOI-836 c,0.006226344117390223,0.852178071293913,0.25457866018294706,0
4505,Kepler-1503 b,0.008981560583840779,0.815096052863376,0.2545592050876717,0
4506,Kepler-1009 b,0.0,1.0,0.2544746036047666,0
4507,Kepler-1089 b,0.0,1.0,0.2544440928374185,0
4508,WASP-190 b,0.0,1.0,0.2543752916701352,0
4509,BD+60 1417 b,0.015352849491625544,0.7621916639902705,0.25427856101177104,0
4510,HD 210277 b,0.0024412623383845405,0.8996003697489472,0.2542350213533518,0
4511,HAT-P-1 b,0.0,1.0,0.25422904890647213,0
4512,HD 260655 b,0.0,1.0,0.25412193797439686,0
4513,TOI-1749 d,0.010942092949092213,0.7990887552808839,0.25411603833546603,0
4514,Kepler-93 c,0.0024329551315110886,0.8999420128757017,0.25409447889135844,0
4515,Kepler-1375 b,0.0,1.0,0.2540882470506983,0
4516,Kepler-153 c,0.0021512309495896834,0.9115282333539193,0.2540123613980588,0
4517,HATS-53 b,0.0,1.0,0.2540001569153382,0
4518,TOI-561 e,0.013321868763670655,0.7773543046915498,0.25398582688739246,0
4519,OGLE2-TR-L9 b,0.0,1.0,0.2539616253444833,0
4520,K2-34 b,0.0,1.0,0.2539403275263448,0
4521,TOI-139 b,0.0022188694427680553,0.9087465250552754,0.2538821841248914,0
4522,WASP-142 b,0.0,1.0,0.2538549836638024,0
4523,K2-21 c,0.0,1.0,0.2538307293834716,0
4524,Kepler-289 c,0.0,1.0,0.25373262142955616,0
4525,HD 169142 b,0.011040540529268991,0.7972198248110207,0.25371522201303087,0
4526,HIP 57274 d,0.0,1.0,0.2536474725065855,0
4527,Kepler-418 b,0.0,1.0,0.2536100348481597,0
4528,CHXR 73 b,0.0,1.0,0.25356861217371185,0
4529,GJ 682 c,0.36203276923370403,0.03651170138304094,0.2534191293790521,0
4530,Kepler-1934 b,0.0,1.0,0.25339355193904467,0
4531,HD 331093 b,0.0024412623383845405,0.8996003697489472,0.2533726650992335,0
4532,HD 79498 b,0.0,1.0,0.2533193167006622,0
4533,HD 211970 b,0.0,1.0,0.2532951135484304,0
4534,BD+49 828 b,0.0,1.0,0.2532804337334439,0
4535,WASP-57 b,0.0,1.0,0.2532785893186378,0
4536,TOI-3023 b,0.0,1.0,0.2532544423394043,0
4537,KIC 5479689 b,0.0,1.0,0.25325413817156217,0
4538,K2-48 b,0.011633093990567597,0.7866681979603989,0.25322334707905747,0
4539,HAT-P-55 b,0.0,1.0,0.25321789147123763,0
4540,HATS-55 b,0.0,1.0,0.25318148575333366,0
4541,K2-83 c,0.007387463346499677,0.8250240637800825,0.2531509842634393,0
4542,Gaia-2 b,0.0,1.0,0.25314991848454904,0
4543,Kepler-1321 c,0.002116050808314088,0.9129750558115919,0.2531473890507771,0
4544,EPIC 206024342 c,0.0,1.0,0.25312523839002066,0
4545,TOI-3757 b,0.0,1.0,0.25303393298543664,0
4546,K2-117 c,0.0,1.0,0.25299623627823603,0
4547,HD 26965 b,0.002422510441855353,0.900371562360423,0.25298625878681585,0
4548,Kepler-762 b,0.0,1.0,0.2529763104808843,0
4549,Kepler-731 b,0.0,1.0,0.25290297599070943,0
4550,Kepler-152 b,0.029165569321331658,0.6844523430506456,0.2528513559157164,0
4551,K2-324 b,0.0019954669084315505,0.9179342028774704,0.2528157916357273,0
4552,Kepler-1796 b,0.004011288105200239,0.883376531233635,0.25272001911943637,0
4553,Kepler-457 d,0.016607859450527816,0.760351785523121,0.25266108735282305,0
4554,SR 12 AB c,0.0,1.0,0.25263687377869803,0
4555,GJ 9827 d,0.0,1.0,0.2526353626379737,0
4556,7 CMa c,0.0021996996996997,0.9095349020706455,0.2526254788838183,0
4557,Kepler-49 e,0.012007207283674642,0.7801385023591059,0.25253952271693103,0
4558,HD 203030 b,0.020436790888146178,0.7218698489137946,0.25253093783771047,0
4559,Kepler-1049 b,0.0020807247201669516,0.9144278804967659,0.25242131257212697,0
4560,EPIC 248847494 b,0.0024370417006147694,0.8997739481738651,0.2523733972208471,0
4561,Kepler-353 c,0.00471774240806222,0.8629084680416594,0.25230442419538424,0
4562,Kepler-1456 b,0.007339666417697164,0.8261587355596066,0.25223328883250556,0
4563,K2-240 b,0.0,1.0,0.2521691749961479,0
4564,GJ 357 b,0.0,1.0,0.25198625155928667,0
4565,Kepler-302 c,0.0,1.0,0.2519316494083653,0
4566,NGTS-3 A b,0.0,1.0,0.25189976065251435,0
4567,HD 136118 b,0.0,1.0,0.25174391670089863,0
4568,Kepler-412 b,0.0,1.0,0.25173177587468787,0
4569,EPIC 220554210 c,0.0,1.0,0.25172807827412347,0
4570,ups And c,0.004793689504842597,0.860771647736493,0.2516327397961142,0
4571,HD 10180 h,0.0021160508083140884,0.912975055811592,0.2515813416770935,0
4572,HAT-P-2 c,0.0,1.0,0.2515540061959919,0
4573,HD 113337 c,0.0,1.0,0.2515460910927777,0
4574,GJ 724 b,0.0,1.0,0.2514322745934703,0
4575,Kepler-1960 b,0.0,1.0,0.2514182497921263,0
4576,KELT-14 b,0.0,1.0,0.2514166023361571,0
4577,CoRoT-21 b,0.0,1.0,0.2513438646018077,0
4578,Kepler-235 c,0.004151642105324818,0.8788103556381714,0.2513192046848358,0
4579,WASP-114 b,0.0,1.0,0.2513104687418753,0
4580,HD 156668 c,0.024255359312050424,0.7014044873133496,0.25130174015687984,0
4581,WASP-61 b,0.0,1.0,0.2512983934792563,0
4582,HATS-67 b,0.0,1.0,0.2511601748595112,0
4583,TOI-561 c,0.004230964477736125,0.87710345761879,0.25107096857646366,0
4584,HATS-23 b,0.0,1.0,0.2510235656513623,0
4585,47 UMa d,0.0,1.0,0.2509935079670099,0
4586,Kepler-706 b,0.0,1.0,0.2509663275531313,0
4587,WASP-26 b,0.0,1.0,0.2508951307678948,0
4588,K2-32 d,0.004237141891974391,0.8768917643913046,0.2508925922526051,0
4589,Kepler-1881 b,0.11274084393264396,0.3772450427019718,0.25088331054078944,0
4590,K2-33 b,0.004181802447858192,0.8784867925170176,0.2508680053705066,0
4591,HD 200964 c,0.0,1.0,0.25081447576901617,0
4592,ome Ser b,0.002392367906066536,0.9016112076867129,0.2507856504675437,0
4593,GJ 3634 b,0.0,1.0,0.25077124520223437,0
4594,TOI-3540 A b,0.0,1.0,0.2506187975865236,0
4595,K2-346 b,0.008887030715976983,0.8175937868184193,0.2506105306280434,0
4596,HD 108874 c,0.0,1.0,0.25057824694316555,0
4597,Kepler-220 e,0.0219593283706586,0.7018705998485887,0.2505314815297201,0
4598,HATS-71 b,0.0,1.0,0.25051028441396744,0
4599,Kepler-81 d,0.009769672011387778,0.7998604069493203,0.250485786514319,0
4600,Kepler-1919 b,0.004011288105200239,0.883376531233635,0.25045244466581074,0
4601,Kepler-353 b,0.004259869105193689,0.876242801533948,0.25038820803422845,0
4602,Kepler-81 c,0.0,1.0,0.25034423125062943,0
4603,HD 11506 c,0.0023415492957746475,0.9037011795848398,0.25031970926235375,0
4604,HD 10975 b,0.0,1.0,0.25028888107031483,0
4605,OGLE-TR-56 b,0.0,1.0,0.2502419041887676,0
4606,GJ 876 d,0.006694906670013346,0.840853123973648,0.2502401561459695,0
4607,Kepler-205 c,0.004913855703608082,0.8572801525952742,0.25015149615801924,0
4608,K2-54 b,0.01179725521111794,0.7838168221884465,0.25013280727335674,0
4609,TOI-1201 b,0.0019954669084315505,0.9179342028774704,0.25010061956931173,0
4610,K2-266 b,0.0,1.0,0.250098349630111,0
4611,2MASS J12073346-3932539 b,0.028560995865901013,0.6651244838454751,0.25006799286686276,0
4612,Kepler-174 c,0.016971739442264218,0.7380540354846971,0.2500363259070246,0
4613,Kepler-490 b,0.0,1.0,0.2500131003379569,0
4614,KELT-10 b,0.0,1.0,0.25000394379342916,0
4615,HAT-P-23 b,0.0,1.0,0.2499592975814936,0
4616,HAT-P-35 b,0.0,1.0,0.24994465325294654,0
4617,HD 217786 c,0.0,1.0,0.24992886165988384,0
4618,HD 114783 b,0.004515040608790608,0.8688215394647054,0.24986509072578406,0
4619,HIP 54373 b,0.0018171296296296306,0.9252685219181427,0.24984613818615792,0
4620,XO-4 b,0.0,1.0,0.2498023153534532,0
4621,Kepler-12 b,0.0,1.0,0.2497844593546087,0
4622,Kepler-1512 b,0.06165577720912107,0.5170456211603174,0.24976726779456787,0
4623,HD 34445 b,0.0,1.0,0.2497544866881518,0
4624,KOI-3503 c,0.02656751187906811,0.6886743248502861,0.2497198119635381,0
4625,KOI-351 e,0.0024098737502736634,0.9008912603635627,0.24969698771655874,0
4626,Kepler-5 b,0.0,1.0,0.24963430692506777,0
4627,TOI-2018 b,0.010531483091087188,0.8069083984616237,0.2495285837657171,0
4628,TOI-1685 b,0.0023301846741668438,0.9041685622947714,0.2495252571545381,0
4629,Kepler-323 c,0.0,1.0,0.24945689836733462,0
4630,HD 124330 b,0.002392367906066536,0.9016112076867129,0.24942830639267616,0
4631,K2-345 b,0.007192105393930195,0.8296252445158837,0.24942644023975197,0
4632,gam Lib b,0.002116050808314088,0.9129750558115921,0.24940836484895457,0
4633,Kepler-1227 b,0.0024098737502736634,0.9008912603635627,0.24932377222550006,0
4634,HD 126614 b,0.0021160508083140884,0.912975055811592,0.24928677344536354,0
4635,Kepler-1663 b,0.0,1.0,0.2491281387944919,0
4636,HD 103891 b,0.004762662597980621,0.8616401420651747,0.2491115086166545,0
4637,K2-354 b,0.0023301846741668438,0.9041685622947714,0.24906759700339354,0
4638,HAT-P-65 b,0.0,1.0,0.24901947424232823,0
4639,K2-69 b,0.004207703636156795,0.8766557337225778,0.24897406807807904,0
4640,HD 136352 d,0.002367006022368799,0.9026542433759492,0.24894684385927185,0
4641,LHS 1478 b,0.0,1.0,0.24893016230071963,0
4642,HD 21411 b,0.0,1.0,0.2487370512282415,0
4643,TOI-1789 b,0.0,1.0,0.24863310717619713,0
4644,HD 102365 b,0.0,1.0,0.24851649643652346,0
4645,Kepler-236 b,0.0022841875907864727,0.9060602435333678,0.24850001834956542,0
4646,WASP-74 b,0.0,1.0,0.24848254445857454,0
4647,TOI-1181 b,0.0,1.0,0.24847224385116057,0
4648,Kepler-225 b,0.008729650007644004,0.8209993674095142,0.2484651647766494,0
4649,KELT-1 b,0.0,1.0,0.24841045461639732,0
4650,Kepler-722 c,0.0039946787468279924,0.8828818408403419,0.24839532012301946,0
4651,HD 33564 b,0.006796076818106009,0.83881853326416,0.24836169222191876,0
4652,HD 170469 b,0.0,1.0,0.24836089090653238,0
4653,Kepler-29 c,0.004303550808314088,0.8749899773466708,0.24827686292833598,0
4654,Kepler-1787 b,0.0,1.0,0.24815729820035154,0
4655,HD 192263 b,0.004229113004223982,0.8771309334645456,0.24806225680047622,0
4656,HD 175541 b,0.0,1.0,0.24805542684836984,0
4657,Kepler-1151 b,0.004575346549395842,0.866875900328885,0.24803242818042115,0
4658,Kepler-1808 b,0.008546299329451574,0.8248981977999781,0.24800958550610747,0
4659,HD 11343 c,0.0,1.0,0.2479937602160623,0
4660,TOI-544 b,0.0021875000000000006,0.9100366282963632,0.24794495268514993,0
4661,Kepler-1036 b,0.008848133776466309,0.8172064220541254,0.2479434365707539,0
4662,Kepler-1244 b,0.0,1.0,0.24793995457179088,0
4663,24 Sex c,0.0,1.0,0.24785929544589258,0
4664,HD 204313 e,0.0,1.0,0.2478280686442378,0
4665,Kepler-267 c,0.0018171296296296306,0.9252685219181427,0.2478012743938037,0
4666,Kepler-125 b,0.0,1.0,0.24767287958540296,0
4667,Kepler-41 b,0.0,1.0,0.24763436431849561,0
4668,Kepler-369 b,0.006912195162481197,0.8362763639085855,0.24758982885631253,0
4669,HATS-59 c,0.0,1.0,0.24752043581429112,0
4670,Kepler-1460 b,0.009498768961766636,0.8053167744787368,0.24751906623143838,0
4671,K2-241 b,0.004167871536605405,0.878933524142499,0.2475004121647908,0
4672,Kepler-1337 b,0.006836470433728934,0.837888314513806,0.24749102086329972,0
4673,TOI-2818 b,0.0,1.0,0.24741610150708407,0
4674,COCONUTS-2 b,0.011386005769509907,0.791525254932818,0.24732712973555424,0
4675,WASP-13 b,0.0,1.0,0.24729533832854322,0
4676,Kepler-1490 b,0.002319620253164557,0.9046030358643533,0.24727470913301347,0
4677,K2-13 b,0.002462311557788945,0.8987346971778162,0.24712421486544106,0
4678,Kepler-408 b,0.0,1.0,0.24708655371849042,0
4679,HD 179949 b,0.0,1.0,0.24705732257569038,0
4680,HD 260655 c,0.0,1.0,0.24700197924957557,0
4681,HD 139357 b,0.0,1.0,0.24697616268259998,0
4682,HD 187123 b,0.0,1.0,0.2469637898294594,0
4683,WASP-21 b,0.0,1.0,0.24694591155133397,0
4684,K2-368 d,0.007168790911616654,0.8301207458980645,0.24690630826770205,0
4685,EPIC 206032309 b,0.01956260192478876,0.7332588689556461,0.24689717403642047,0
4686,K2-384 b,0.01948895762194012,0.7343771796316272,0.24688411754251244,0
4687,Kepler-31 d,0.0,1.0,0.24686926519304142,0
4688,Kepler-1040 b,0.18773783249292542,0.22000675016548643,0.24686336260463473,0
4689,WASP-87 b,0.0,1.0,0.2467989980511734,0
4690,TOI-1468 b,0.0,1.0,0.24667809667010038,0
4691,WASP-20 b,0.0,1.0,0.24665587430553784,0
4692,Kepler-985 b,0.008695512042566743,0.8205299761233178,0.2466436686230236,0
4693,Kepler-549 c,0.008577555036415776,0.8231426328716804,0.24658961785286876,0
4694,HD 142 c,0.0,1.0,0.2463981641489657,0
4695,CoRoT-19 b,0.0,1.0,0.2463883899248333,0
4696,TOI-1759 b,0.0021545632973503435,0.9113911868440941,0.24637995199881912,0
4697,Kepler-1518 c,0.0021278348517154485,0.9124904239136775,0.24636556073297022,0
4698,TOI-178 e,0.0,1.0,0.24619547558010352,0
4699,Kepler-529 b,0.0,1.0,0.24618359732134393,0
4700,Kepler-1669 b,0.0020819112627986345,0.9143790826106777,0.24602539641307214,0
4701,EPIC 211822797 b,0.016589666801889214,0.7438221262441338,0.2460151401935025,0
4702,MWC 758 c,0.3221037914155074,0.06930941064918217,0.24599882485073932,0
4703,TOI-1516 b,0.0,1.0,0.24595400095824324,0
4704,HD 175607 b,0.004315334851715449,0.874652992785446,0.2459375113526939,0
4705,Kepler-7 b,0.0,1.0,0.2458775022453987,0
4706,HR 858 b,0.002309503872723466,0.9050190832672869,0.24584017665410038,0
4707,K2-5 b,0.0,1.0,0.24578988578270528,0
4708,Kepler-1090 b,0.1658714834540544,0.2578176576933313,0.24576891560465602,0
4709,K2-107 b,0.0,1.0,0.24576833221110658,0
4710,XO-7 b,0.0,1.0,0.24574537644103714,0
4711,Kepler-132 e,0.023154848442569317,0.701707677629553,0.24574009899061044,0
4712,TOI-251 b,0.0023788665368808136,0.9021664665185141,0.24553433195983862,0
4713,Kepler-426 b,0.0,1.0,0.24550408077720276,0
4714,Kepler-51 c,0.007201924010297836,0.8294141897513168,0.2455019963820367,0
4715,K2-381 d,0.004722668361992687,0.8627533653014753,0.2454596106725278,0
4716,HD 164922 b,0.0,1.0,0.24538628238656995,0
4717,WASP-159 b,0.0,1.0,0.24538453392783527,0
4718,K2-146 c,0.004341609653252077,0.8738395039314881,0.2453662508726342,0
4719,GJ 180 b,0.3147316315819493,0.05484207967519794,0.24530574795116283,0
4720,K2-264 b,0.0,1.0,0.2452534544481499,0
4721,WASP-7 b,0.0,1.0,0.24523432078067053,0
4722,HIP 14810 d,0.0,1.0,0.24521847124572796,0
4723,Qatar-8 b,0.0,1.0,0.24515541758192338,0
4724,Kepler-482 b,0.016138965779281624,0.7504790713486356,0.2451523937645471,0
4725,HATS-51 b,0.0,1.0,0.2451369883702622,0
4726,Kepler-1742 b,0.0022076228686058173,0.9092090529326473,0.24513380355303066,0
4727,HD 159243 c,0.0023415492957746475,0.9037011795848398,0.24504331326265819,0
4728,TOI-1899 b,0.0,1.0,0.24498938320295674,0
4729,K2-318 b,0.004101317220416103,0.8801072045370999,0.24497758473844108,0
4730,HD 14067 b,0.0,1.0,0.24493457308047856,0
4731,Kepler-296 c,0.0,1.0,0.2448285632310287,0
4732,HAT-P-39 b,0.0,1.0,0.24476073880298016,0
4733,Kepler-1582 b,0.030532498823968166,0.6695031651322376,0.24473774928451858,0
4734,TOI-2184 b,0.0,1.0,0.24473074730645816,0
4735,Kepler-423 b,0.0,1.0,0.2447225304553881,0
4736,HD 40307 d,0.010579923108677147,0.8056664112426074,0.24468611260452855,0
4737,Kepler-65 e,0.002392367906066536,0.9016112076867129,0.24468596221481934,0
4738,HD 99283 b,0.01232416897433734,0.794105699309222,0.24461560843805688,0
4739,KOI-351 f,0.0039946787468279924,0.8828818408403419,0.24453619107509328,0
4740,Kepler-24 b,0.0023788665368808136,0.9021664665185141,0.24452443470669438,0
4741,NGTS-21 b,0.00415098087335717,0.879430664591874,0.24448201790176474,0
4742,Kepler-315 b,0.0,1.0,0.24446444438074766,0
4743,Kepler-21 b,0.0,1.0,0.24444497235527943,0
4744,HD 85390 b,0.015255922465791242,0.7632181605050242,0.24440263082491367,0
4745,HD 42012 b,0.0,1.0,0.24430001387952882,0
4746,Kepler-251 e,0.01129601324071642,0.7931899778515857,0.24427188569400715,0
4747,KELT-3 b,0.0,1.0,0.24423553351780908,0
4748,HD 16905 b,0.006528052850982718,0.8448802617654382,0.244197471281196,0
4749,K2-149 b,0.007269264541387146,0.827783730996112,0.244153413363489,0
4750,HD 158996 b,0.0,1.0,0.24412545037545974,0
4751,HD 93963 A b,0.0,1.0,0.24412478472950222,0
4752,WTS-1 b,0.0,1.0,0.24412309429240922,0
4753,HD 137496 b,0.0,1.0,0.24402079452504224,0
4754,Kepler-68 d,0.0,1.0,0.24386980180495013,0
4755,HD 86065 b,0.013208558347717027,0.7787357424051421,0.24382837446419045,0
4756,HD 102843 b,0.0,1.0,0.2437415287957735,0
4757,K2-16 c,0.004258422042522057,0.876315638709545,0.2436366362999653,0
4758,Kepler-1749 b,0.002467733153984115,0.8985117280012521,0.2435972037369688,0
4759,KELT-16 b,0.0,1.0,0.24350639228479468,0
4760,HD 125390 b,0.0,1.0,0.24350246888949817,0
4761,GJ 338 B b,0.0,1.0,0.24347967668056272,0
4762,HD 8326 b,0.06334629718611713,0.5144349448749468,0.2434275040114945,0
4763,Kepler-529 d,0.014420359450527815,0.7772775439610713,0.2434111431141217,0
4764,TOI-178 d,0.0,1.0,0.24332227254039346,0
4765,TIC 257060897 b,0.0,1.0,0.2432906378846354,0
4766,GJ 463 b,0.009455632056550794,0.8060224151448069,0.24321836683482406,0
4767,Kepler-1593 b,0.13617406787107356,0.3240824541122789,0.24321512187329714,0
4768,HD 216520 b,0.027083658058533026,0.6955046473170504,0.24315145637090657,0
4769,Kepler-1115 b,0.0,1.0,0.24300893624210382,0
4770,CD Cet b,0.004499801193340885,0.869223778466325,0.24300048107590777,0
4771,NY Vir b,0.0,1.0,0.24293054096934322,0
4772,WASP-183 b,0.0,1.0,0.2428988258136316,0
4773,2M0437 b,0.02375166494161604,0.6941871453437358,0.2428832525490527,0
4774,Kepler-310 d,0.0024098737502736634,0.9008912603635627,0.24288174362549256,0
4775,HD 217958 b,0.0,1.0,0.24286987236975824,0
4776,WASP-72 b,0.0,1.0,0.24285538482221045,0
4777,Kepler-1744 b,0.0,1.0,0.24279859448348237,0
4778,HD 6718 b,0.0,1.0,0.24278822887628057,0
4779,Kepler-1388 b,0.0046094434492952195,0.8660295975248091,0.2426642206064985,0
4780,WASP-193 b,0.0,1.0,0.24265399622053557,0
4781,Kepler-1350 b,0.0022375634517766496,0.9079777131324999,0.24261199707908693,0
4782,Kepler-10 d,0.0024376216598832067,0.8997500967035839,0.24254960771734652,0
4783,Kepler-833 b,0.0048884345087985845,0.8580198317957688,0.24253973835683798,0
4784,HAT-P-66 b,0.0,1.0,0.242478210556559,0
4785,KOI-7913 b,0.006778625401970964,0.839327282770026,0.24247052517902737,0
4786,GJ 3779 b,0.0,1.0,0.24244518062617615,0
4787,HD 187085 b,0.0,1.0,0.24238816772749913,0
4788,Kepler-888 b,0.004818135018779372,0.8600577855410318,0.24235747191020807,0
4789,HD 72659 c,0.0,1.0,0.2423447414519086,0
4790,HD 23472 c,0.007135485737336828,0.8309243193316139,0.24232974924751158,0
4791,HD 96992 b,0.0,1.0,0.24230695040286604,0
4792,HD 20782 b,0.0,1.0,0.2422781714497006,0
4793,LHS 475 b,0.01956260192478876,0.7332588689556461,0.24222909340789817,0
4794,TOI-712 c,0.011631898210942865,0.7869119498532027,0.24221168202995402,0
4795,Kepler-1450 b,0.026379785204733507,0.6767707698141607,0.24209630122445114,0
4796,Kepler-87 c,0.03886308647164634,0.619569938267263,0.24207494702343824,0
4797,Kepler-937 c,0.028570212413499548,0.677919684217898,0.24206093188529704,0
4798,HAT-P-56 b,0.0,1.0,0.242045042647727,0
4799,Kepler-409 b,0.014073368868129503,0.7649344251973342,0.24198987789074616,0
4800,WASP-180 A b,0.0,1.0,0.24197213231658013,0
4801,16 Cyg B b,0.004699653492830715,0.8634762036285413,0.24193031155207323,0
4802,GJ 4276 b,0.0,1.0,0.24189502120818404,0
4803,Kepler-450 d,0.015510857462070178,0.7605358816035009,0.24181690036532577,0
4804,WASP-163 b,0.0,1.0,0.24176360603363709,0
4805,K2-88 b,0.015459577606338386,0.7609068534279949,0.2416837742283889,0
4806,KIC 8540376 b,0.014420359450527815,0.7772775439610713,0.24167743765457483,0
4807,Kepler-1878 b,0.004315334851715449,0.874652992785446,0.24161324677393223,0
4808,OGLE-TR-211 b,0.0,1.0,0.2415443052885059,0
4809,TOI-778 b,0.0,1.0,0.24154303758612017,0
4810,HD 181433 c,0.006122817124851469,0.8546270230498434,0.2414976239914987,0
4811,Kepler-298 c,0.007168790911616654,0.8301207458980645,0.24147511266253158,0
4812,Kepler-272 b,0.0068019801999843355,0.8387320693776821,0.24144566067016077,0
4813,HD 213885 b,0.0,1.0,0.24137823712762996,0
4814,Kepler-215 d,0.00874652221427481,0.8205888668528527,0.24134701795026844,0
4815,HD 94834 b,0.007117629781774746,0.8313847258470728,0.24134628171600458,0
4816,HIP 54373 c,0.0018171296296296306,0.9252685219181427,0.24129301654648352,0
4817,K2-413 b,0.0,1.0,0.24121085672792134,0
4818,GJ 3090 b,0.0,1.0,0.24109682213658373,0
4819,CT Cha b,0.010302862829325257,0.8107334371519912,0.24106534787072054,0
4820,HD 134060 c,0.020470698737631087,0.721765741369467,0.24104875404212572,0
4821,Kepler-83 c,0.016574396722475987,0.744053478331762,0.24100206519353423,0
4822,K2-155 b,0.003684584144167975,0.8929745803692487,0.24098544536389785,0
4823,Kepler-68 e,0.0021160508083140884,0.912975055811592,0.24098122285647647,0
4824,Kepler-1646 b,0.015505966394882397,0.7602233308793978,0.24096735169570627,0
4825,WASP-49 b,0.0,1.0,0.2409328645201191,0
4826,WASP-101 b,0.0,1.0,0.24090745879926376,0
4827,Kepler-1650 b,0.017047432439083708,0.7528608538346966,0.24079928011027896,0
4828,Kepler-1716 b,0.01192117420950095,0.7817615080225476,0.24077386147708188,0
4829,Kepler-51 d,0.004217902175768694,0.8774541532750258,0.24075473253025367,0
4830,K2-151 b,0.0023301846741668438,0.9041685622947714,0.24073357319333621,0
4831,K2-124 b,0.0,1.0,0.24072529753616065,0
4832,Kepler-1600 b,0.14281045477577428,0.30538066345473536,0.2406845219861937,0
4833,HD 6860 b,0.0,1.0,0.24062773528053208,0
4834,DMPP-2 b,0.0,1.0,0.2403692875594421,0
4835,TOI-5293 A b,0.0,1.0,0.24036174716007497,0
4836,HD 89307 b,0.0,1.0,0.24032899914549846,0
4837,GJ 3942 b,0.0023905740065271646,0.9016849838014839,0.240309907430382,0
4838,WASP-94 B b,0.0,1.0,0.24014596116957013,0
4839,TOI-544 c,0.0,1.0,0.2401424322489836,0
4840,TOI-561 b,0.0,1.0,0.24011014662374602,0
4841,Kepler-691 b,0.0023905740065271646,0.9016849838014839,0.24005505018258902,0
4842,TOI-1749 c,0.008280534829827076,0.8297719247189865,0.2399285468068948,0
4843,psi1 Dra B b,0.0,1.0,0.23990765205107303,0
4844,Kepler-1552 b,0.14454942351612018,0.2977385856024196,0.2397497144022389,0
4845,KIC 8540376 c,0.004011288105200239,0.883376531233635,0.23972842531620983,0
4846,WASP-77 A b,0.0,1.0,0.23972161158022862,0
4847,WASP-90 b,0.0,1.0,0.23970652916682467,0
4848,Kepler-445 d,0.034615369608162305,0.6378591467744229,0.23970623063351004,0
4849,EPIC 212624936 b,0.0,1.0,0.23969413156850733,0
4850,Kepler-1333 b,0.008647991127537181,0.8215937915771518,0.23968386927780377,0
4851,WASP-53 c,0.017223492252959376,0.7510353055828672,0.2395856030655221,0
4852,WASP-76 b,0.0,1.0,0.23945312394639623,0
4853,HD 13189 b,0.0,1.0,0.23932280759067356,0
4854,WASP-93 b,0.0,1.0,0.23928365936804855,0
4855,Kepler-1883 b,0.0,1.0,0.2391645298974352,0
4856,Kepler-37 c,0.0,1.0,0.2391635313521338,0
4857,HD 108874 b,0.029568482990414414,0.6668658788076105,0.2391629569091654,0
4858,Kepler-49 c,0.0023905740065271646,0.9016849838014839,0.23913299602190116,0
4859,HAT-P-9 b,0.0,1.0,0.23907236466572582,0
4860,Kepler-309 c,0.06709655604886923,0.49610043969170614,0.2390629152291684,0
4861,HD 106252 b,0.0,1.0,0.2388631988123651,0
4862,Kepler-196 d,0.027328767329195435,0.6788876715190199,0.23878425877738102,0
4863,NGTS-1 b,0.0,1.0,0.23874160382465565,0
4864,Kepler-311 d,0.1797972517744246,0.23480941435292035,0.23860340295588606,0
4865,Kepler-395 c,0.0334064289528975,0.6384644520548131,0.23858592632584308,0
4866,Kepler-1632 b,0.11418276303599084,0.3700802443600689,0.23855885302536997,0
4867,HD 79181 b,0.002424115599806159,0.9003055484535105,0.23855868893038693,0
4868,HD 148156 b,0.0,1.0,0.2385236854328478,0
4869,HD 181433 d,0.006122817124851469,0.8546270230498434,0.23851171075524508,0
4870,Kepler-69 c,0.22174458214850237,0.16973045079884663,0.23839552948932716,0
4871,HD 211810 b,0.0,1.0,0.2383097033850688,0
4872,Gl 49 b,0.004734324006527164,0.8624891153709946,0.2382562505635143,0
4873,Kepler-37 d,0.0,1.0,0.23821143046321216,0
4874,TOI-540 b,0.01956260192478876,0.7332588689556461,0.238195524398428,0
4875,HATS-27 b,0.0,1.0,0.23816045050260343,0
4876,Kepler-152 c,0.02161904259149889,0.7209556034446224,0.23815629843791022,0
4877,HD 112300 b,0.0,1.0,0.2380967514275351,0
4878,WASP-64 b,0.0,1.0,0.23801401817079326,0
4879,KELT-15 b,0.0,1.0,0.23800126468792182,0
4880,WASP-131 b,0.0,1.0,0.23798209141968046,0
4881,WASP-168 b,0.0,1.0,0.2379769856391437,0
4882,HD 142415 b,0.006953454933843726,0.834990997364263,0.2379586505654912,0
4883,Kepler-676 b,0.0,1.0,0.23792627296450486,0
4884,Kepler-1389 b,0.049550094634434216,0.5658368106285464,0.2379237017877771,0
4885,WASP-62 b,0.0,1.0,0.2378437627193052,0
4886,Ross 458 c,0.023770109764650944,0.6939399193813933,0.23780944881052438,0
4887,WASP-46 b,0.0,1.0,0.23766184082964728,0
4888,K2-384 c,0.015720420293155873,0.7567882365692824,0.237657627759008,0
4889,GJ 581 e,0.006446950526737882,0.8466679656871874,0.23762627326793917,0
4890,HD 147513 b,0.0,1.0,0.23757742097245144,0
4891,WASP-3 b,0.0,1.0,0.23753748137557273,0
4892,HATS-65 b,0.0,1.0,0.23751486225860116,0
4893,HIP 5158 c,0.006528052850982718,0.8448802617654382,0.23751297360194448,0
4894,HATS-31 b,0.0,1.0,0.23746935135567798,0
4895,WASP-22 b,0.0,1.0,0.23746552178104627,0
4896,TOI-4342 c,0.0046094434492952195,0.8660295975248091,0.23738691219624874,0
4897,TOI-1669 b,0.002315340909090908,0.9047790286513455,0.2373496298753322,0
4898,HIP 21152 b,0.004748072440380132,0.8620795436571582,0.23734452624415417,0
4899,Kepler-215 e,0.004832401688498649,0.8596397380188163,0.2373353630319973,0
4900,Kepler-453 b,0.0973695765881535,0.41316550580273115,0.23724423951486373,0
4901,HD 191939 d,0.004230964477736125,0.87710345761879,0.23719881639104032,0
4902,K2-71 b,0.008831095260949162,0.8179096765228413,0.23719294806219787,0
4903,HD 192310 c,0.024590983159246425,0.6975653864588993,0.23698465997000692,0
4904,Kepler-553 c,0.04379923565861785,0.5953204183148988,0.2369732505616846,0
4905,Kepler-439 b,0.12293769791750873,0.34439538952581894,0.23695125588164742,0
4906,HD 167677 b,0.008847734760104763,0.8176013611156774,0.23688859950956137,0
4907,CoRoT-11 b,0.0,1.0,0.2368632095060098,0
4908,Kepler-34 b,0.025770040554009874,0.6839971261618789,0.23682157331284204,0
4909,HD 194490 b,0.0,1.0,0.2366408535615011,0
4910,GJ 9404 b,0.0021545632973503435,0.9113911868440941,0.23660059313144935,0
4911,Kepler-1656 c,0.0,1.0,0.2364590241852526,0
4912,WASP-1 b,0.0,1.0,0.23645044739874893,0
4913,K2-320 b,0.006694906670013346,0.840853123973648,0.2363742868510208,0
4914,WASP-175 b,0.0,1.0,0.23633309706836222,0
4915,Kepler-1126 c,0.1885470191586071,0.21681730759040718,0.2362879830495477,0
4916,HD 161178 b,0.004800446053361016,0.8605746692508095,0.23620040452855395,0
4917,WASP-118 b,0.0,1.0,0.2361694128858517,0
4918,Kepler-485 b,0.0,1.0,0.23615368581293594,0
4919,HD 47186 c,0.0021160508083140884,0.912975055811592,0.23606496932448015,0
4920,HD 207832 b,0.0,1.0,0.23605741619727227,0
4921,Kepler-782 b,0.004577007351951636,0.8667816709132797,0.23604442284548535,0
4922,Kepler-1979 b,0.0,1.0,0.2360060444275806,0
4923,TOI-4329 b,0.0,1.0,0.2359770584340165,0
4924,WASP-121 b,0.0,1.0,0.23594006563172182,0
4925,KELT-2 A b,0.0,1.0,0.23588550321187654,0
4926,HD 7449 b,0.002329707466469532,0.9041881879923488,0.2358757337742926,0
4927,K2-132 b,0.0,1.0,0.2357079931983393,0
4928,HD 10180 g,0.02287778225315361,0.7053877759464402,0.23567051155468202,0
4929,GJ 317 c,0.0,1.0,0.23559066713251361,0
4930,HD 188641 b,0.007152614108873403,0.830576319888314,0.23557658216633331,0
4931,Kepler-1545 b,0.1227359379087528,0.3519484527661604,0.2354861414195123,0
4932,Kepler-1996 c,0.03205822595109578,0.6527376744064627,0.23543781220665982,0
4933,HD 457 b,0.007152614108873403,0.830576319888314,0.23540315199000383,0
4934,K2-52 b,0.0,1.0,0.23540227501958688,0
4935,ups Leo b,0.002116050808314088,0.9129750558115921,0.2352657915850222,0
4936,KELT-6 b,0.0,1.0,0.23513433158770972,0
4937,TOI-4603 b,0.0,1.0,0.23499668196852724,0
4938,AU Mic c,0.0021545632973503435,0.9113911868440941,0.23497166743053144,0
4939,2MASS J19383260+4603591 b,0.002116050808314088,0.9129750558115921,0.23495013749017452,0
4940,Kepler-1926 b,0.01860695359893781,0.73119234803748,0.23492181542861362,0
4941,HIP 65426 b,0.011012420226023051,0.7977828911886065,0.23488833045578328,0
4942,HD 132563 b,0.0,1.0,0.23482930899297963,0
4943,HIP 4845 b,0.0021545632973503435,0.9113911868440941,0.2347476688649203,0
4944,HATS-45 b,0.0,1.0,0.23474288788733627,0
4945,WASP-12 b,0.0,1.0,0.23473682401188495,0
4946,HD 8673 b,0.004699653492830715,0.8634762036285413,0.234730120176875,0
4947,rho CrB d,0.0096557381995582,0.8021706092251688,0.23472193820267823,0
4948,HD 25912 c,0.0,1.0,0.23472176177364892,0
4949,Kepler-1801 c,0.006287625928826117,0.8498950392885529,0.2347209024976144,0
4950,GSC 06214-00210 b,0.013526195948689302,0.7734243627132688,0.23471866786436832,0
4951,HD 156411 b,0.0,1.0,0.23471132244711296,0
4952,HD 28185 c,0.004613663144455176,0.8658552076610123,0.23469599021517606,0
4953,K2-317 b,0.0,1.0,0.2346545225021415,0
4954,Kepler-1388 d,0.004824990575793617,0.8598611522174697,0.23465314326860967,0
4955,Kepler-201 c,0.03712047678969201,0.6361840381267756,0.23459977664401505,0
4956,Kepler-359 c,0.002391186071817193,0.9016598119353376,0.23457280873842426,0
4957,Kepler-62 c,0.004775490884664776,0.8612825073972258,0.234548369834437,0
4958,PZ Tel b,0.007152614108873403,0.830576319888314,0.23453462048855256,0
4959,WASP-124 b,0.0,1.0,0.23452033911454412,0
4960,Kepler-712 c,0.10095200226340893,0.4070159532968638,0.23439557309911374,0
4961,Kepler-47 b,0.0,1.0,0.23437452556033694,0
4962,HAT-P-8 b,0.0,1.0,0.23421504198811116,0
4963,Kepler-323 b,0.0,1.0,0.2341505313279633,0
4964,K2-400 b,0.011270396332361671,0.7936074572393137,0.23414397160958778,0
4965,HD 96063 b,0.002424115599806159,0.9003055484535105,0.23413556864460683,0
4966,Kepler-448 c,0.004748072440380132,0.8620795436571582,0.2341152828334005,0
4967,HD 240237 b,0.0,1.0,0.2340987921382715,0
4968,Kepler-186 b,0.008601478758445767,0.8237175070370528,0.23408407477820853,0
4969,Kepler-1058 b,0.0306551705971032,0.6553962623652918,0.23401507322801068,0
4970,Kepler-445 c,0.01771569844681746,0.7441983115399036,0.23401394608321868,0
4971,Kepler-1918 b,0.004011288105200239,0.883376531233635,0.23399077601986057,0
4972,Kepler-125 c,0.004259869105193689,0.876242801533948,0.23397375655540137,0
4973,WASP-174 b,0.0,1.0,0.23387890849646295,0
4974,Kepler-1517 b,0.0,1.0,0.2338555969104646,0
4975,HD 165131 b,0.0,1.0,0.23378160211115084,0
4976,Kepler-1539 b,0.07124556728186492,0.4922590102588512,0.2336504396788759,0
4977,HD 99109 b,0.00686376580929451,0.8373512564289326,0.233566064349354,0
4978,HD 191939 f,0.0045484249002036015,0.8677999117881183,0.23346849170572043,0
4979,K2-95 b,0.00228418759078647,0.9060602435333679,0.23345065920255437,0
4980,TOI-199 c,0.06298552019304245,0.517215522853131,0.23337609789212982,0
4981,Kepler-1849 b,0.03357460277422328,0.6366526483412509,0.2333482416263295,0
4982,Kepler-1535 b,0.02238929241687364,0.7116972845813264,0.2333363970819302,0
4983,Kepler-568 b,0.007192105393930195,0.8296252445158837,0.2332795374807881,0
4984,HD 219134 h,0.004178372680407025,0.8783143761903658,0.2332634488657654,0
4985,HIP 38594 c,0.008998400641064988,0.8154822451772334,0.23301342349610282,0
4986,HATS-39 b,0.0,1.0,0.23294396706747955,0
4987,HIP 41378 f,0.0021160508083140884,0.912975055811592,0.23292643175836786,0
4988,bet Pic b,0.0,1.0,0.23283601789340647,0
4989,Kepler-1548 b,0.017979138730753023,0.7395864284629783,0.2328271518216134,0
4990,GJ 676 A e,0.02148867771389591,0.7082134017503849,0.232813079141381,0
4991,HD 39091 b,0.0,1.0,0.23274394002300708,0
4992,Kepler-1700 b,0.08818420171696623,0.4462993869185736,0.23271474751173754,0
4993,Kepler-52 d,0.01661070109857242,0.7434666716904571,0.2326962955904881,0
4994,HAT-P-7 b,0.0,1.0,0.2326372127892523,0
4995,Kepler-488 b,0.0,1.0,0.23262245338466847,0
4996,Kepler-1723 b,0.0021278348517154485,0.9124904239136775,0.2325644673682566,0
4997,HD 2685 b,0.0,1.0,0.23255721710651273,0
4998,WASP-4 b,0.0,1.0,0.232450291638661,0
4999,WASP-75 b,0.0,1.0,0.23241166959322107,0
5000,HIP 54597 b,0.011444074186549451,0.790161044584274,0.23236992434784265,0
5001,HD 208487 b,0.0,1.0,0.23235316893267943,0
5002,NGTS-2 b,0.0,1.0,0.23234088557974084,0
5003,HD 126525 b,0.0021160508083140884,0.912975055811592,0.2323336074911238,0
5004,Kepler-1802 c,0.011889377397374367,0.7823147268698487,0.23229892216400974,0
5005,K2-384 d,0.02602635600695477,0.6809672432504279,0.23226947160590256,0
5006,HD 209458 b,0.0,1.0,0.23220533773035612,0
5007,K2-153 b,0.004207703636156795,0.8766557337225778,0.23195319016028787,0
5008,HD 30669 b,0.0,1.0,0.23191124212367464,0
5009,KIC 5951458 b,0.015279157199682349,0.7632415744028695,0.23186455643484563,0
5010,HD 43197 b,0.004910450284061903,0.8573803178929662,0.2318599613285738,0
5011,WASP-103 b,0.0,1.0,0.23181232812942432,0
5012,HD 6434 b,0.0,1.0,0.23170413485279498,0
5013,Kepler-37 e,0.00458606501970999,0.866679336524118,0.23166444001767156,0
5014,BD+48 738 b,0.002116050808314088,0.9129750558115921,0.23165854911993844,0
5015,HD 27631 b,0.0,1.0,0.23155404938461868,0
5016,Kepler-686 b,0.0,1.0,0.23143466259775075,0
5017,HATS-70 b,0.0,1.0,0.23142250873624073,0
5018,WASP-127 b,0.0,1.0,0.23136514882850207,0
5019,Kepler-47 d,0.060129429010046496,0.5290125987990903,0.23134406161347054,0
5020,GJ 9689 b,0.0024232295033793706,0.9003419901550916,0.2313140225483502,0
5021,Kepler-303 c,0.011301461788352295,0.7922840032839071,0.23128914813911577,0
5022,TOI-2154 b,0.0,1.0,0.2312674960829265,0
5023,WASP-48 b,0.0,1.0,0.23120974714081766,0
5024,GJ 414 A b,0.037781037682491914,0.6186117644830952,0.23114364929470763,0
5025,CFHTWIR-Oph 98 b,0.0,1.0,0.23111957412604567,0
5026,K2-343 c,0.0023905740065271646,0.9016849838014839,0.23080475703075481,0
5027,Kepler-344 c,0.020066011920583028,0.7264335160960436,0.2307294541696139,0
5028,HD 60532 c,0.0,1.0,0.23072177667674335,0
5029,HAT-P-40 b,0.0,1.0,0.23065527921214557,0
5030,HAT-P-41 b,0.0021996996996997,0.9095349020706455,0.23060130552104452,0
5031,Kepler-159 c,0.004007474674622168,0.8833830515904834,0.23053805183994386,0
5032,tau Cet e,0.18004819824299786,0.22763388320229583,0.23052122665503844,0
5033,HD 65216 c,0.002069127896025617,0.9149048127942783,0.23036794861822424,0
5034,Kepler-1321 b,0.004007474674622168,0.8833830515904834,0.23036653214489045,0
5035,WASP-55 b,0.0,1.0,0.23036580471442702,0
5036,GJ 1132 b,0.006446950526737882,0.8466679656871874,0.2303095354460586,0
5037,Kepler-1143 c,0.1205771509550501,0.35619154029403766,0.230248809265753,0
5038,HAT-P-33 b,0.0,1.0,0.23014349507212387,0
5039,HD 238090 b,0.004628137458303813,0.8655061545860623,0.2300943588826801,0
5040,HD 207832 c,0.0,1.0,0.2300809394676566,0
5041,GJ 2056 b,0.004080469760829061,0.8812996130037161,0.22995510439898814,0
5042,Kepler-1661 b,0.11287668162544431,0.37604086171115647,0.22992829173339055,0
5043,51 Eri b,0.0,1.0,0.22990952535435777,0
5044,GJ 3082 b,0.004274911017032661,0.8744456556783903,0.22986780867900286,0
5045,30 Ari B b,0.009473715514634518,0.805875253366023,0.2298611364810185,0
5046,TrES-2 b,0.0,1.0,0.2297822002561989,0
5047,HD 81817 c,0.0,1.0,0.2297329470055105,0
5048,GJ 273 c,0.036203911708069664,0.6338928675804588,0.22961263840658575,0
5049,K2-152 b,0.016627959841334725,0.7432844179657176,0.2295233268508242,0
5050,GJ 163 b,0.00228418759078647,0.9060602435333679,0.2294408447464465,0
5051,HAT-P-50 b,0.0,1.0,0.2293430289604157,0
5052,WASP-58 b,0.0,1.0,0.2293386064232462,0
5053,GJ 3138 c,0.0,1.0,0.2292915782398433,0
5054,L 98-59 c,0.0021026743075453678,0.9135251792907928,0.22928183461204377,0
5055,HIP 55507 b,0.00949894273514711,0.805238106458263,0.2292665392020046,0
5056,Kepler-436 b,0.042114395247568985,0.5998384010858757,0.2292582702370114,0
5057,TOI-2443 b,0.00420957083726672,0.877729595638768,0.22923838712187194,0
5058,Kepler-1816 b,0.03561752380090763,0.6277611114431726,0.22916092635066249,0
5059,TOI-2641 b,0.0,1.0,0.2290594879299751,0
5060,K2-72 b,0.02301890904173109,0.7036147489630309,0.2290231442235304,0
5061,HIP 5763 b,0.0,1.0,0.22895197354021854,0
5062,HD 96127 b,0.0,1.0,0.2288857288427967,0
5063,TOI-122 b,0.0021635182998819362,0.9110229024000467,0.22878133865995456,0
5064,TOI-2669 b,0.0,1.0,0.2287689058575657,0
5065,Kepler-437 b,0.047942916512815306,0.5690638803236561,0.22852405855242383,0
5066,TrES-4 b,0.0,1.0,0.22851226377701217,0
5067,GJ 720 A b,0.0,1.0,0.22839589835819374,0
5068,K2-3 b,0.0023905740065271646,0.9016849838014839,0.22836445936971572,0
5069,HD 97037 b,0.0,1.0,0.22817939170701113,0
5070,HAT-P-53 b,0.0,1.0,0.2281643166728578,0
5071,LHS 1815 b,0.0066708060208372786,0.841871595428235,0.2281505496181297,0
5072,HATS-11 b,0.0,1.0,0.228148829089593,0
5073,HD 74698 c,0.0,1.0,0.22811964745112068,0
5074,BD+14 4559 b,0.04378189186756359,0.595331690638712,0.22806256547577552,0
5075,WASP-66 b,0.0,1.0,0.22805990927849779,0
5076,HD 184010 d,0.0,1.0,0.22800940131082126,0
5077,TOI-270 b,0.00702672148164705,0.8335212375918012,0.22797117570189346,0
5078,NGC 2682 YBP 401 b,0.0,1.0,0.22796490634020908,0
5079,K2-237 b,0.0,1.0,0.22789349953092058,0
5080,Kepler-62 d,0.024506588477266767,0.6991770094048713,0.22789318921287174,0
5081,HD 40307 f,0.026752418405646062,0.6723460596879655,0.22789257401042698,0
5082,Kepler-1097 b,0.13867060244287363,0.3121848092504872,0.2277059556858727,0
5083,HATS-35 b,0.0021996996996997,0.9095349020706455,0.22755493077803787,0
5084,Kepler-1636 b,0.0658886233474876,0.5050983692657306,0.2275186293933707,0
5085,HD 285968 b,0.0,1.0,0.22751317301905158,0
5086,Kepler-1635 b,0.06275157124266882,0.5186243383360161,0.22745340062403152,0
5087,HD 210193 b,0.0,1.0,0.22740920010653304,0
5088,Kepler-8 b,0.0,1.0,0.2273454048710652,0
5089,HAT-P-30 b,0.0,1.0,0.22729468339457684,0
5090,Kepler-76 b,0.0,1.0,0.22717099262183893,0
5091,K2-384 e,0.035908517827827155,0.6250740200607057,0.22710522703388114,0
5092,Kepler-446 b,0.0023301846741668438,0.9041685622947714,0.22698505595452179,0
5093,HD 69830 d,0.06477373476353082,0.5125339995191398,0.22673996915244166,0
5094,HAT-P-45 b,0.0,1.0,0.22667012233014727,0
5095,Kepler-451 d,0.0,1.0,0.22665719922658906,0
5096,HD 34445 g,0.0021160508083140884,0.912975055811592,0.22660496326165278,0
5097,TOI-1694 c,0.026789317170643593,0.6853146838165363,0.22655741102201016,0
5098,Kepler-1439 b,0.01895004230067855,0.7266317569024203,0.22652070888085526,0
5099,HD 103949 b,0.042169034613939706,0.5989582763170391,0.22643781721391598,0
5100,Kepler-415 b,0.02218712989082507,0.7143761834821254,0.22643215449628795,0
5101,TrES-3 b,0.0,1.0,0.22642242867307635,0
5102,KOI-55 c,0.0,1.0,0.2263937974628905,0
5103,HD 87646 b,0.0,1.0,0.22638760139576775,0
5104,GJ 887 b,0.004553771178561728,0.8675742689274583,0.2263597481082958,0
5105,GJ 2030 c,0.010840962639630882,0.8007547283435986,0.22631255675073886,0
5106,HD 8535 b,0.0,1.0,0.22627554200016045,0
5107,Kepler-471 b,0.0,1.0,0.2261975937540054,0
5108,Kepler-329 c,0.0048884345087985845,0.8580198317957688,0.22616446109574265,0
5109,WASP-19 b,0.0,1.0,0.22601461397380682,0
5110,Kepler-1038 b,0.04622016990323754,0.5838598045181502,0.22593525629980288,0
5111,K2-229 b,0.0,1.0,0.22591479501864453,0
5112,HD 20794 d,0.021526657883927013,0.7076653895498664,0.2258962822066213,0
5113,HAT-P-6 b,0.0,1.0,0.22581434322052263,0
5114,G 9-40 b,0.0241079628181855,0.7043804279012766,0.22579939502249555,0
5115,WASP-28 b,0.0,1.0,0.2256075133622315,0
5116,HIP 5158 b,0.04141303588291949,0.6066002183268763,0.2255973673218511,0
5117,KIC 3558849 b,0.010819443929382286,0.8008713100138921,0.22550442063180642,0
5118,KOI-55 b,0.0,1.0,0.2254692376777026,0
5119,HD 164509 b,0.002392367906066536,0.9016112076867129,0.22544008320469855,0
5120,HD 185283 b,0.006453595386021278,0.8467605223931078,0.22543317869114946,0
5121,Kepler-351 c,0.016607859450527816,0.760351785523121,0.22501859361969778,0
5122,HD 133131 B b,0.004106040748426223,0.8797712693374548,0.22495657467607547,0
5123,TOI-1075 b,0.006974208103421865,0.8347809275956678,0.2249503351012566,0
5124,BD+63 1405 b,0.011525932766549823,0.7883784823771219,0.2246261279798172,0
5125,GJ 3929 b,0.006928786679109595,0.8358767344540018,0.22455195802227573,0
5126,KIC 9663113 b,0.004855292146197184,0.8589516178328314,0.22452500664779262,0
5127,Kepler-493 b,0.0,1.0,0.22447938758576852,0
5128,WASP-79 b,0.0,1.0,0.22434399067378702,0
5129,HD 220074 b,0.0,1.0,0.224334769436986,0
5130,K2-417 b,0.0020272391505078485,0.9166275340666047,0.2242288993851973,0
5131,Kepler-1634 b,0.12392684208114219,0.34577150138964485,0.22419593434662072,0
5132,Kepler-91 b,0.0,1.0,0.22410799347094804,0
5133,Kepler-1868 b,0.1127435206249325,0.3770093114274541,0.2240696267640611,0
5134,Kepler-967 c,0.09413778074140562,0.424997884224123,0.22403296883117524,0
5135,HD 111232 b,0.008769226205689006,0.8193405602842647,0.22395374720035666,0
5136,K2-251 b,0.004553771178561728,0.8675742689274583,0.2239091367953816,0
5137,TRAPPIST-1 b,0.03332403139293537,0.6517567104116251,0.22386828658562596,0
5138,Kepler-1171 b,0.0,1.0,0.22386408752737658,0
5139,Kepler-359 d,0.004763994504644986,0.8616330869589706,0.22384129306942996,0
5140,TOI-1680 b,0.03288190199130186,0.6565977380313601,0.2237786554722464,0
5141,HD 128356 b,0.02778119111066888,0.6739199741559776,0.22374896282345036,0
5142,WASP-24 b,0.0,1.0,0.22357285071122734,0
5143,HD 62364 b,0.0,1.0,0.22353620706282237,0
5144,Kepler-1314 b,0.005999966094369162,0.8575356283109897,0.2234802550667594,0
5145,TOI-672 b,0.004007474674622168,0.8833830515904834,0.22347836844634017,0
5146,HD 110537 b,0.007152614108873403,0.830576319888314,0.22342087593291846,0
5147,HD 155918 b,0.0021278348517154485,0.9124904239136775,0.223226560228656,0
5148,GJ 480 b,0.00228418759078647,0.9060602435333679,0.2231367795294021,0
5149,Kepler-451 c,0.0,1.0,0.22305253455701632,0
5150,DH Tau b,0.0061968220808990325,0.8530898189309796,0.2228492050470485,0
5151,HD 217786 b,0.0,1.0,0.2227895312658429,0
5152,HD 220689 b,0.0,1.0,0.22276642619640952,0
5153,TOI-1231 b,0.00228418759078647,0.9060602435333679,0.22264944025237224,0
5154,HD 44219 b,0.002396141787145097,0.9014560026278626,0.22258968057690715,0
5155,HD 153557 d,0.011343837123026284,0.791771091922612,0.22257553751722461,0
5156,Wolf 1061 b,0.013262984531982349,0.7781031656459627,0.2224676289600107,0
5157,Kepler-225 c,0.00968320245477143,0.8015974834695696,0.2223658418911442,0
5158,K2-133 d,0.007308379994176197,0.8268887720196593,0.22232159017843645,0
5159,HATS-26 b,0.0,1.0,0.22219840006540748,0
5160,TOI-776 b,0.0023905740065271646,0.9016849838014839,0.22216150826322817,0
5161,Kepler-1712 b,0.009598678515200531,0.8033352340313371,0.22211660128161081,0
5162,HD 38283 b,0.0,1.0,0.22207328302469959,0
5163,HIP 75056 A b,0.0,1.0,0.2220148902684233,0
5164,MASCARA-1 b,0.0,1.0,0.22197080605339248,0
5165,TOI-2046 b,0.0,1.0,0.22189931594465964,0
5166,Kepler-230 c,0.02863972190154147,0.6643898357343071,0.22184260385455878,0
5167,HD 105618 c,0.007152614108873403,0.830576319888314,0.2217548703115626,0
5168,BD+55 362 b,0.06728650243312345,0.503324665636333,0.22171646165953973,0
5169,WASP-169 b,0.0,1.0,0.22144763324227681,0
5170,Kepler-1567 b,0.07529935635195073,0.4816134908222043,0.22137124100908068,0
5171,TOI-1801 b,0.009009235023559825,0.8142540646582802,0.22134591041466617,0
5172,HD 164604 b,0.011344946864320493,0.7917040361826845,0.22132455940986473,0
5173,HD 147379 b,0.11448008300463743,0.36728317345859507,0.22130549240063524,0
5174,HD 114386 b,0.006453595386021278,0.8467605223931078,0.22119531189367375,0
5175,Kepler-1318 b,0.12292406186026772,0.35072933324801714,0.22114622083941055,0
5176,Kepler-52 c,0.009155568712503073,0.8121175063227688,0.22110234861683242,0
5177,TOI-237 b,0.035322652826900384,0.6432256103983865,0.22088449313181668,0
5178,Kepler-52 b,0.0041079638706748,0.8806777702353408,0.22080243820413692,0
5179,HD 45364 b,0.05417134419563438,0.5479382254881905,0.22077975395030713,0
5180,WASP-35 b,0.0,1.0,0.22057129583047544,0
5181,Kepler-1651 b,0.004553771178561728,0.8675742689274583,0.220482721711653,0
5182,K2-5 c,0.0018674545145383448,0.9231988550258065,0.22042268193152031,0
5183,Kepler-1735 b,0.020094254287905577,0.7260939126032666,0.22041736380711405,0
5184,HD 24064 b,0.004426183011037208,0.8713554662788643,0.22039693217399242,0
5185,HD 191939 e,0.0023603651987110638,0.9029273546386418,0.22036580824303126,0
5186,Kepler-540 b,0.0722289179669263,0.49434519544693956,0.22007949560113405,0
5187,Kepler-1126 b,0.023730516739217142,0.6945891250198807,0.2200769709195904,0
5188,NSVS 14256825 b,0.0,1.0,0.22001284272944419,0
5189,HR 8799 d,0.004106040748426223,0.8797712693374548,0.21988928785364847,0
5190,HR 8799 c,0.004106040748426223,0.8797712693374548,0.21988928785364847,0
5191,K2-286 b,0.012137094677837594,0.777785137969871,0.21975229323500978,0
5192,Kepler-1667 b,0.011436317401504381,0.7904194573960213,0.21969289753639715,0
5193,Kepler-1308 b,0.015298428455019964,0.7630807812560347,0.21953914175931832,0
5194,KELT-23 A b,0.0,1.0,0.2194303536545876,0
5195,Kepler-1550 b,0.09255999366641349,0.4346853249955318,0.21933928182962575,0
5196,TOI-2136 b,0.013624191739178502,0.7722833541070261,0.21933884120036617,0
5197,Kepler-993 b,0.0072154895951878194,0.8291013560375173,0.21929398797280886,0
5198,Kepler-1538 b,0.07412654713836188,0.48978903405550145,0.21922345155024092,0
5199,HD 204941 b,0.02438866978314675,0.7003305024339521,0.21916397057575288,0
5200,Kepler-186 c,0.019448538571015018,0.7347219821137,0.21915152574379454,0
5201,Kepler-732 b,0.009082844155271616,0.8137210836420788,0.21913529150587313,0
5202,Kepler-26 e,0.03600025266096871,0.6242521261882064,0.21912700465474821,0
5203,Kepler-249 b,0.013032449129279589,0.7819792182928444,0.2190322798707802,0
5204,47 UMa c,0.0,1.0,0.21899976450063435,0
5205,HD 212301 b,0.0,1.0,0.21898442499870782,0
5206,Kepler-47 c,0.22410060180848262,0.1717377198185387,0.21897913111529105,0
5207,K2-150 b,0.016460844595678453,0.7456989927488807,0.21896295718779632,0
5208,KIC 10525077 b,0.020470698737631087,0.721765741369467,0.21895588952510237,0
5209,EPIC 212737443 c,0.03789700463642991,0.6170433078076412,0.2187314966745118,0
5210,K2-72 d,0.05021669996046238,0.5602927440964136,0.21871157116041928,0
5211,EPIC 201170410.02,0.04063657495432564,0.6023928679193593,0.21856757210675268,0
5212,Kepler-231 c,0.01582297889915099,0.7553560662334999,0.2185262660726741,0
5213,K2-239 b,0.02060870772694387,0.7195106020058388,0.21849792998648532,0
5214,GJ 581 b,0.00228418759078647,0.9060602435333679,0.21838655007371566,0
5215,Kepler-988 b,0.0024461225496239672,0.8994004881533848,0.218138139353294,0
5216,GJ 328 b,0.006701726093234126,0.8412358646021368,0.2180767528085758,0
5217,Kepler-26 c,0.0021545632973503435,0.9113911868440941,0.21800616721707455,0
5218,iot Dra c,0.0022061917643522696,0.909267908687576,0.21798664264983741,0
5219,WASP-33 b,0.0,1.0,0.21789759027699948,0
5220,Kepler-42 c,0.017047432439083708,0.7528608538346966,0.21785921184225793,0
5221,GJ 9714 b,0.00949894273514711,0.805238106458263,0.21785475042097857,0
5222,GJ 27.1 b,0.00228418759078647,0.9060602435333679,0.21774188405256664,0
5223,HAT-P-49 b,0.0,1.0,0.2176005845381074,0
5224,Kepler-369 c,0.01949349275530467,0.7190251987489219,0.21758899368949858,0
5225,HD 191939 g,0.12848269280363372,0.33600418560127965,0.21749240220841087,0
5226,G 264-012 c,0.029945705814486773,0.6631289312228117,0.21749153755886358,0
5227,GJ 536 b,0.007025738129071804,0.8333375224603156,0.21736695277479523,0
5228,BD+45 564 b,0.03953383900522609,0.6128452477685908,0.21718885818770253,0
5229,WASP-36 b,0.0,1.0,0.21706343350169688,0
5230,K2-26 b,0.002163197172034564,0.9110361091401137,0.2169593618264352,0
5231,K2-129 b,0.045357903881888796,0.5813376665664531,0.21686374191494434,0
5232,HD 26161 b,0.007152614108873403,0.830576319888314,0.21675359994003784,0
5233,K2-14 b,0.006162037971972512,0.853788398182871,0.21663405791634943,0
5234,BD-00 4475 b,0.009166205565246046,0.8114774876337238,0.21659065069919492,0
5235,HD 206893 b,0.0,1.0,0.21651924191561014,0
5236,GJ 179 b,0.0,1.0,0.21641166434206077,0
5237,TOI-1431 b,0.0,1.0,0.21638836150802754,0
5238,Kepler-55 c,0.014292632843768869,0.7614519085591491,0.21636821816268753,0
5239,Kepler-327 d,0.007272299514725042,0.8277108019307554,0.21621083681615555,0
5240,Kepler-779 b,0.0181878434419407,0.7365282748326561,0.21620737969469145,0
5241,Kepler-150 f,0.062430314261234805,0.521031539347068,0.21620584767510764,0
5242,K2-260 b,0.0,1.0,0.21614842488045502,0
5243,HD 10647 b,0.0,1.0,0.21606756501934699,0
5244,HD 97048 b,0.0061968220808990325,0.8530898189309796,0.21602775558753506,0
5245,BD-11 4672 c,0.008372432605750426,0.8275277894380106,0.21585189904815344,0
5246,HD 154345 b,0.0021880597014925372,0.9100136099496579,0.21583079679335815,0
5247,HATS-3 b,0.0,1.0,0.21565836234196922,0
5248,Kepler-186 d,0.013650625280667286,0.7706843300689415,0.2155847127762105,0
5249,LTT 1445 A c,0.008784530144572276,0.8193760983604148,0.2154751748540618,0
5250,K2-404 b,0.013706828318176788,0.7707707338079296,0.2154691561661815,0
5251,HAT-P-70 b,0.0,1.0,0.2154104400654728,0
5252,TOI-2193 A b,0.0,1.0,0.2153500843681091,0
5253,TOI-2406 b,0.004342063297350343,0.8738850826224984,0.21534182477535235,0
5254,TRAPPIST-1 c,0.05633378866467522,0.5492373160319847,0.21519100327574942,0
5255,Kepler-296 b,0.01922295241680318,0.7226996525303211,0.2151802250378412,0
5256,KELT-4 A b,0.0,1.0,0.21501319789645362,0
5257,K2-316 c,0.019722719083647505,0.7318970883387634,0.2149793539639935,0
5258,Kepler-54 d,0.02802944780549447,0.6703120517976527,0.21490726052930664,0
5259,KIC 10001893 c,0.0,1.0,0.2147480494951268,0
5260,KIC 10001893 b,0.0,1.0,0.2147480494951268,0
5261,KIC 10001893 d,0.0,1.0,0.2147480494951268,0
5262,NGTS-23 b,0.0,1.0,0.21472116510932618,0
5263,HD 115404 A c,0.020183784583641548,0.7250465557524566,0.21451598960759705,0
5264,HD 20868 b,0.0398786494659027,0.6095490298590414,0.21447798445783167,0
5265,HD 18438 b,0.004426183011037208,0.8713554662788643,0.2143705587061169,0
5266,WASP-100 b,0.0,1.0,0.21434676414343662,0
5267,K2-123 b,0.021589852261416635,0.7067513737924962,0.21428353904291758,0
5268,TOI-969 c,0.011848622905722804,0.7830185522250225,0.21417306352404147,0
5269,GJ 1148 c,0.0061559395337818,0.8540516052463965,0.21405723023342538,0
5270,WASP-189 b,0.0,1.0,0.2138923301737287,0
5271,WD 1856+534 b,0.09224279521756591,0.420637253957337,0.21387260085909066,0
5272,eps Eri b,0.0019444444444444444,0.9200325584856566,0.21378362321010014,0
5273,Kepler-138 c,0.0072381211780166745,0.8285309724478064,0.21364955884208037,0
5274,TOI-1266 b,0.038484430690776006,0.6226634636219675,0.21364321197170247,0
5275,Kepler-1628 b,0.10174667445932625,0.39532901859680614,0.21342975212952497,0
5276,HAT-P-58 b,0.0,1.0,0.21337795499198678,0
5277,Kepler-1388 e,0.02894961638051995,0.6609708598876614,0.21331435205768237,0
5278,WASP-82 b,0.0,1.0,0.21323958603182266,0
5279,AB Pic b,0.020436790888146178,0.7218698489137946,0.21315051666224674,0
5280,Kepler-231 b,0.015497867781969455,0.7604087749534052,0.2131334409760356,0
5281,K2-155 c,0.008382963956685552,0.8268777767463172,0.21299971468591145,0
5282,LTT 3780 c,0.02544122099758829,0.6880958826007645,0.21298190387215787,0
5283,HR 2562 b,0.011026240132239068,0.7975061122045537,0.21280614967270836,0
5284,Kepler-351 b,0.018893456785143644,0.7430603957622485,0.21254715844881544,0
5285,Kepler-235 d,0.01161101008392297,0.7864914212374237,0.21248939899727892,0
5286,2MASS J04414489+2301513 b,0.025717708026177143,0.6846392014646814,0.21247095838812113,0
5287,K2-367 b,0.016265080753778964,0.7486288994492727,0.21236491612678093,0
5288,WASP-15 b,0.0,1.0,0.212333429303609,0
5289,GJ 3293 e,0.028692249931070085,0.6637692689968097,0.21230403508905224,0
5290,Kepler-1536 b,0.06128396107918599,0.5295446768015535,0.2120958808928608,0
5291,HD 155358 b,0.0024080781472944797,0.9009651065341908,0.21207494422871925,0
5292,KELT-7 b,0.0,1.0,0.2120409289830122,0
5293,TYC 8998-760-1 b,0.010993174038038572,0.7981663112071684,0.21201183762830206,0
5294,Kepler-433 b,0.0,1.0,0.21193820124932936,0
5295,LSPM J2116+0234 b,0.00228418759078647,0.9060602435333679,0.21188288002432654,0
5296,L 363-38 b,0.0209561111719313,0.7151752876563868,0.21175208140452587,0
5297,HD 25171 b,0.0,1.0,0.21175100686226184,0
5298,WASP-88 b,0.0,1.0,0.21171788976993142,0
5299,GJ 393 b,0.04459999631724495,0.5876945041134803,0.21162024591148215,0
5300,EPIC 206215704 b,0.015298428455019964,0.7630807812560347,0.21152897792373915,0
5301,GJ 1061 b,0.028891409373067303,0.6748638407730876,0.2113568092949833,0
5302,WASP-54 b,0.0,1.0,0.21133671838215934,0
5303,HD 20794 e,0.07703014317968222,0.4615562579532023,0.21132824960584906,0
5304,Qatar-10 b,0.0,1.0,0.21120237589353064,0
5305,HD 220197 b,0.008701649443166749,0.8204933352211223,0.2111988305015439,0
5306,K2-18 c,0.024976332895289,0.6935885093616521,0.2111736872688465,0
5307,Kepler-16 b,0.05763352073914344,0.5394860829495509,0.2106621111553151,0
5308,HD 86226 b,0.0,1.0,0.2105990436247676,0
5309,CoRoT-5 b,0.0,1.0,0.21054243061859929,0
5310,K2-325 b,0.016320947049386657,0.7478849522902244,0.2105173027299965,0
5311,BD+20 2457 c,0.004426183011037208,0.8713554662788643,0.21049903911344903,0
5312,PH2 b,0.08149681706641979,0.44901439569713164,0.21033486213834224,0
5313,Kepler-718 b,0.0,1.0,0.2102971070601746,0
5314,GQ Lup b,0.010302862829325257,0.8107334371519912,0.21027070277228405,0
5315,BD-06 1339 c,0.07051333205044251,0.48934641370203336,0.21026811444831048,0
5316,LHS 1678 c,0.015191142876281876,0.7652554718984815,0.21002300004386462,0
5317,Kepler-1718 b,0.02008867268861093,0.7259942075907229,0.2099155646659563,0
5318,HAT-P-64 b,0.0,1.0,0.20986274983597944,0
5319,TOI-776 c,0.007137862154459604,0.8309327523265282,0.20979162212546623,0
5320,HR 8799 e,0.004106040748426223,0.8797712693374548,0.2097484483480048,0
5321,HIP 109384 b,0.015896245393490264,0.7537597046761753,0.2097243292912931,0
5322,HIP 71135 b,0.09795652462635936,0.4096351092635939,0.2096193366348648,0
5323,Kepler-26 b,0.006385527775086468,0.8487459169584167,0.20952568041638384,0
5324,TOI-178 g,0.00631287574053476,0.8504679853894779,0.20951797577447237,0
5325,GJ 96 b,0.03193842607441033,0.6533397394222857,0.20949492491208577,0
5326,HATS-24 b,0.0,1.0,0.2093997577956554,0
5327,LP 890-9 b,0.044413298751113,0.6009219302079084,0.20919849141538444,0
5328,HIP 41378 d,0.037195822543843696,0.6243443921417327,0.20910901882136865,0
5329,GJ 367 c,0.02366408557523301,0.6953695028599359,0.20910174732277836,0
5330,K2-72 c,0.057720101917399694,0.5290842804463816,0.20888998031698883,0
5331,YZ Cet b,0.023850296039108022,0.7064867221595545,0.20886742038019732,0
5332,TOI-1452 b,0.07811368290874365,0.45426362288513433,0.20880872580319232,0
5333,LHS 3154 b,0.01090783194670935,0.8000958169648305,0.20878771101271681,0
5334,HD 233832 b,0.026304568350662062,0.6905349229925712,0.20854659441063433,0
5335,Kepler-297 d,0.0,1.0,0.20843946800662697,0
5336,KELT-18 b,0.0,1.0,0.20817191645378894,0
5337,TOI-1278 b,0.0023315677966101694,0.9041116798451792,0.20811837733123875,0
5338,K2-239 c,0.044990594048682934,0.5842088421290466,0.20809348643693387,0
5339,HD 167768 b,0.0,1.0,0.20792898532273457,0
5340,K2-240 c,0.021757630939614105,0.7046842156207462,0.20791192076712772,0
5341,HIP 79431 b,0.05435838367767239,0.5461702112521043,0.20790918743709058,0
5342,HD 31527 d,0.026323034061327695,0.6776187624204406,0.2078222356004197,0
5343,Kepler-61 b,0.05308079841669499,0.5466682696934919,0.20781957500166848,0
5344,GJ 876 b,0.07840987245319556,0.46076098861637316,0.20731578851639626,0
5345,HD 85512 b,0.03673163825259874,0.6168090638817663,0.20731406673125674,0
5346,TOI-270 c,0.004509565604377994,0.8689159929721213,0.20729926252230066,0
5347,24 Boo b,0.0,1.0,0.20727665522955718,0
5348,TOI-2084 b,0.011332463499442643,0.7920540140338063,0.20717484946413697,0
5349,HD 136925 b,0.0,1.0,0.20708931513717893,0
5350,GU Psc b,0.027524814904367968,0.6766431763240698,0.20702015645677802,0
5351,TOI-1468 c,0.043303604823490015,0.588903986170658,0.20696517371045842,0
5352,HD 202772 A b,0.0,1.0,0.20658952337214753,0
5353,Kepler-32 d,0.02537945068589641,0.6882018465878003,0.20650648085820716,0
5354,GJ 896 A b,0.008965780412693197,0.8160679759607388,0.2063471802776774,0
5355,WASP-17 b,0.0,1.0,0.20618881704709,0
5356,HD 62364 c,0.004748072440380132,0.8620795436571582,0.2061308923482479,0
5357,HD 106906 b,0.011026240132239068,0.7975061122045537,0.20608963755841858,0
5358,HD 65216 b,0.006770550824444479,0.8393265445966727,0.20587419810789395,0
5359,TOI-700 b,0.04606142861230682,0.5750905692620804,0.20582562099159757,0
5360,MASCARA-4 b,0.0,1.0,0.20581794280111668,0
5361,LP 791-18 d,0.028015512910267916,0.6838292365315146,0.2057925544509634,0
5362,YZ Cet c,0.034312392344190625,0.6525273494549151,0.20564831583080762,0
5363,GJ 357 c,0.02083822218800494,0.7167818303563824,0.2055794189558754,0
5364,K2-242 b,0.018432831628309644,0.7337512566872779,0.20555868467259958,0
5365,HIP 948 b,0.011848622905722804,0.7830185522250225,0.2054599567075222,0
5366,GJ 163 d,0.01805290008002897,0.7394272034899667,0.20532811169031578,0
5367,HATS-64 b,0.0,1.0,0.20521819601121222,0
5368,WASP-92 b,0.0,1.0,0.20513908617829063,0
5369,Kepler-32 b,0.010204546626944684,0.8126024440880207,0.20498318016036268,0
5370,HATS-52 b,0.0,1.0,0.2046304717856675,0
5371,KIC 7917485 b,0.0,1.0,0.2046254392838877,0
5372,TOI-2096 c,0.023428222290200095,0.6984973641605958,0.20433152386628597,0
5373,HAT-P-60 b,0.0,1.0,0.20430225087390258,0
5374,K2-315 b,0.025931020759274972,0.6949558974883129,0.20428823046039007,0
5375,TOI-615 b,0.0,1.0,0.2041339736007259,0
5376,Kepler-267 d,0.0306199378067631,0.6549678550996828,0.20407246844917043,0
5377,GJ 3512 c,0.0022579324462640737,0.9071400155680197,0.20401678078029573,0
5378,K2-415 b,0.023177082749387158,0.7157883416324602,0.20359133210136232,0
5379,Kepler-446 c,0.015587393744596589,0.7588074634517401,0.20326928365729194,0
5380,Kepler-1052 c,0.09350205156378416,0.4214979135338669,0.20322552245889802,0
5381,Kepler-42 b,0.017047432439083708,0.7528608538346966,0.20307089840282277,0
5382,HD 114729 b,0.004106040748426223,0.8797712693374548,0.20290235791832323,0
5383,TYC 2187-512-1 b,0.0,1.0,0.20286999362887465,0
5384,Kepler-249 c,0.02028851926706797,0.7234607552030454,0.20259851884966296,0
5385,K2-239 d,0.049967018977669496,0.5621577918653591,0.20255223105978615,0
5386,WASP-81 b,0.0,1.0,0.20230838611856639,0
5387,K2-22 b,0.0020272391505078485,0.9166275340666047,0.20230522287552208,0
5388,GJ 676 A c,0.011775479047996272,0.7843277514249689,0.20222436946087446,0
5389,WASP-31 b,0.0,1.0,0.20217668175310818,0
5390,Kepler-298 d,0.06248652004976358,0.511459175747294,0.20195182118780458,0
5391,HD 197037 b,0.0,1.0,0.20171168654576405,0
5392,HIP 107772 b,0.11413196987351365,0.3626828728149447,0.20165789592159225,0
5393,K2-384 f,0.030932056831673133,0.6520760079434752,0.20154087569817175,0
5394,GJ 1265 b,0.019613191898108395,0.7332914028392645,0.2015006122901869,0
5395,TOI-269 b,0.008658292449308144,0.8224148636364779,0.20135474825202404,0
5396,WASP-107 c,0.004567301030865481,0.8671738522062473,0.2011583677276586,0
5397,Kepler-421 b,0.050854825592524786,0.5647101283973623,0.20112543459069113,0
5398,GJ 251 b,0.028615090783613132,0.6646878582661799,0.20098127501793997,0
5399,GJ 3998 c,0.009707215389720443,0.8011262605409346,0.20087757639190565,0
5400,Kepler-333 b,0.02947942589292487,0.6685337470532715,0.20064190901641005,0
5401,TOI-1470 c,0.03519813339925795,0.6322021882398117,0.20039799061015046,0
5402,Kepler-97 c,0.0022918834547346516,0.905743742564705,0.20021226102581813,0
5403,Kepler-1672 b,0.04419416204768191,0.6021523881382076,0.19999253169752856,0
5404,GJ 849 c,0.0,1.0,0.19990339300141757,0
5405,TOI-2081 b,0.0109952427278518,0.7975136438877262,0.19978863050206874,0
5406,K2-133 e,0.056664061022350026,0.5275578805604091,0.1997471407495505,0
5407,GJ 685 b,0.009402989595187821,0.8072153032611293,0.1995761157264338,0
5408,TOI-640 b,0.0,1.0,0.19930591604467612,0
5409,GJ 3473 c,0.041670847301235776,0.6039678613760291,0.19904215550884935,0
5410,Kepler-446 d,0.028924530336884448,0.6744498656240139,0.19897010825714162,0
5411,TOI-198 b,0.01835935619169226,0.7340132177491949,0.19886168917642624,0
5412,GJ 1132 c,0.06998849754924662,0.4840587475261475,0.19856683612695253,0
5413,Kepler-462 c,0.04572635855394589,0.5890610645368652,0.198473701034189,0
5414,K2-323 b,0.048922219172129626,0.5607735365558094,0.19838550234091712,0
5415,TOI-2803 A b,0.0,1.0,0.19823364619171516,0
5416,KELT-12 b,0.0,1.0,0.19812936964669348,0
5417,BD-210397 b,0.00216725733412089,0.910869130456251,0.19808467313235825,0
5418,Kepler-236 c,0.043806583252600007,0.584386642912776,0.19788195486582666,0
5419,WASP-136 b,0.0,1.0,0.19772233634392858,0
5420,2MASS J02192210-3925225 b,0.02799510528645112,0.6717803002466476,0.19751052327430846,0
5421,LHS 1140 c,0.021275712697794644,0.7259626371554928,0.19743809779827548,0
5422,HAT-P-69 b,0.0,1.0,0.19728513881519089,0
5423,HD 80913 b,0.013280296199843562,0.7774491524577991,0.19697326327026282,0
5424,AB Aur b,0.011026240132239068,0.7975061122045537,0.19693663274099024,0
5425,BD+20 2457 b,0.004426183011037208,0.8713554662788643,0.19691235411660968,0
5426,HD 155358 c,0.004540166408120247,0.8678302744985086,0.19690377050831864,0
5427,YZ Cet d,0.05544815104583045,0.5566333875837555,0.1969011379182777,0
5428,HIP 99770 b,0.0,1.0,0.196842269408782,0
5429,GJ 849 b,0.0,1.0,0.19663493627407402,0
5430,GJ 433 b,0.011543038608029419,0.7884605432987591,0.19648367071659184,0
5431,Kepler-186 e,0.037985507853097726,0.6156552484533705,0.19633301299470257,0
5432,GJ 674 b,0.006291662265408638,0.850512259503686,0.19612967596281367,0
5433,BD-08 2823 c,0.051622718869405844,0.5589519634291636,0.19539564460783954,0
5434,Kepler-1649 b,0.08920238245707714,0.4238336486559835,0.19534780318097064,0
5435,EPIC 201238110 b,0.07391315121095263,0.4654621570554506,0.1948935898741314,0
5436,HD 4760 b,0.004426183011037208,0.8713554662788643,0.1948872502003019,0
5437,Kepler-315 c,0.06842543962359382,0.49560636827306026,0.19471480448599926,0
5438,HD 133131 A b,0.006397924203160874,0.8474896490787223,0.19469632051610125,0
5439,TOI-244 b,0.02028851926706797,0.7234607552030454,0.19443969065074768,0
5440,HATS-56 b,0.0,1.0,0.19414961529386693,0
5441,GJ 411 b,0.030410480310772522,0.657027304174379,0.1940095694357309,0
5442,CoRoT-1 b,0.0,1.0,0.19395459763194325,0
5443,GJ 3293 b,0.11715945535287865,0.3534953296356046,0.19388978064410498,0
5444,GJ 3988 b,0.03728384474249403,0.6234160715553219,0.19366891587166224,0
5445,L 98-59 b,0.017047432439083708,0.7528608538346966,0.19362221258975143,0
5446,HD 125271 b,0.014027676696713,0.765160387661303,0.19355789328788167,0
5447,GJ 876 e,0.06528622572881185,0.5090811109362325,0.19353107122944677,0
5448,K2-3 c,0.04386841432453163,0.5836694367755745,0.19336710744991442,0
5449,K2-264 c,0.028199248817859682,0.6691559896003194,0.1933349146421125,0
5450,HD 93351 c,0.009307317098911295,0.8091692959273799,0.19315022311743463,0
5451,Kepler-54 b,0.02327294858182164,0.7141874055074962,0.19314841778018513,0
5452,Kepler-504 b,0.027261740191507167,0.6795053832601656,0.19283123230188293,0
5453,HD 37124 b,0.002139385692068429,0.9120153827506312,0.1925492792384167,0
5454,Kepler-505 b,0.028627725318953204,0.6644305101342556,0.1921759044221395,0
5455,KOI-4777.01,0.029013004497866226,0.6736158417144069,0.1921030872498645,0
5456,GJ 581 c,0.02353210056650558,0.697028251509699,0.19170279325255718,0
5457,GJ 687 b,0.11702085665796441,0.3542834323864208,0.19158510604769047,0
5458,CoRoT-36 b,0.0,1.0,0.19120647023684575,0
5459,LP 791-18 c,0.03514729239721372,0.6447926506306896,0.19112190658723255,0
5460,GJ 15 A b,0.027544382056611565,0.6761799496154917,0.19104996229483812,0
5461,ROXs 42 B b,0.02116245747999163,0.712391686638596,0.19089997310983453,0
5462,GJ 887 c,0.027948804048820657,0.6720730759599374,0.1908874097160878,0
5463,GJ 687 c,0.020886416395953025,0.7163196660112405,0.19015986122637443,0
5464,CoRoT-35 b,0.0,1.0,0.18984177035601052,0
5465,GJ 806 c,0.015656708240284364,0.7571400642567647,0.1897894313193208,0
5466,HD 105779 b,0.0,1.0,0.18967643341956553,0
5467,Kepler-138 e,0.051670514699589686,0.5479267230053693,0.1893825277359205,0
5468,Kepler-296 d,0.04868359368932387,0.5627894616030971,0.18928375607030432,0
5469,GJ 3341 b,0.030331405302064195,0.6585945096740811,0.1892283414110305,0
5470,HD 100777 b,0.0328258028028828,0.6442290735236689,0.1890219550564221,0
5471,GJ 3323 b,0.03771025593518686,0.6305917389932703,0.18879994670540912,0
5472,KELT-17 b,0.0,1.0,0.1884529230166699,0
5473,GJ 9066 c,0.006688216496109146,0.8413566606975522,0.1883527610302071,0
5474,HD 17674 b,0.019041950371731998,0.7410421747024523,0.188336772973352,0
5475,GJ 433 c,0.011627286586822444,0.7871691277209178,0.18825364978556125,0
5476,Kepler-42 d,0.017047432439083708,0.7528608538346966,0.18822315883023655,0
5477,Kepler-138 d,0.031803508608859936,0.64269267115124,0.1882009354055254,0
5478,WASP-78 b,0.0,1.0,0.18804558723467096,0
5479,TOI-1749 b,0.023967102037641373,0.7059130160893659,0.1879721629979263,0
5480,K2-416 b,0.017794437066555497,0.7426812619012251,0.1878139705915678,0
5481,Kepler-235 e,0.0481550289620449,0.5670102351433339,0.18772679971428005,0
5482,GJ 422 b,0.12865719643206075,0.3284474601893185,0.18766437374595224,0
5483,Kepler-32 c,0.015050562796752797,0.7668509929750776,0.18736889894570893,0
5484,TOI-700 c,0.03447387086745211,0.6397120811119448,0.18733172258625663,0
5485,GJ 328 c,0.05222147351072214,0.5636730208719848,0.187245954319901,0
5486,KELT-19 A b,0.0,1.0,0.18709290713711302,0
5487,HATS-40 b,0.0,1.0,0.18667536621351644,0
5488,WASP-178 b,0.0021996996996997,0.9095349020706455,0.1866727071579833,0
5489,KELT-9 b,0.0,1.0,0.18640628788698624,0
5490,TOI-270 d,0.016460844595678453,0.7456989927488807,0.18610371767877182,0
5491,GJ 649 b,0.0022579324462640737,0.9071400155680197,0.1860805295831382,0
5492,KELT-21 b,0.0,1.0,0.18605682673561755,0
5493,GJ 3929 c,0.058308215010619294,0.5243966787388571,0.18591759719064074,0
5494,GJ 229 b,0.020886416395953025,0.7163196660112405,0.18587051989257924,0
5495,HD 181720 b,0.006397924203160874,0.8474896490787223,0.18529764931039105,0
5496,bet Pic c,0.002396141787145097,0.9014560026278626,0.18525242688104335,0
5497,GJ 367 b,0.01497133348400728,0.7681100456071532,0.18518286868907088,0
5498,Kepler-249 d,0.037648204357300076,0.619002830218532,0.1849934648134156,0
5499,HD 22781 b,0.045495652346818856,0.5903794634387174,0.18408380166857755,0
5500,Kepler-138 b,0.007359740626169332,0.8256801555521693,0.1836008265662295,0
5501,HN Peg b,0.02073153005394444,0.7178159753595204,0.18357955051667668,0
5502,WASP-187 b,0.0,1.0,0.1834875110756995,0
5503,TOI-1227 b,0.08146288067724221,0.44907483162113904,0.18309124865026347,0
5504,CFBDSIR J145829+101343 b,0.006822894223521647,0.8382562681983882,0.18301204756143155,0
5505,ROXs 12 b,0.0235927289374234,0.6962384489653949,0.18298766182288878,0
5506,HAT-P-24 b,0.014420359450527815,0.7772775439610713,0.1829370683398849,0
5507,HD 564 b,0.013903784450677931,0.7677892880779098,0.18284286832066224,0
5508,HD 111232 c,0.01319540921672621,0.7789611274565166,0.1827663269148716,0
5509,HIP 12961 b,0.0021936542669584247,0.9097835272193611,0.18270611670123416,0
5510,HD 60532 b,0.0071737430428752864,0.830073722131987,0.18177640062262115,0
5511,Kepler-737 b,0.04640325316049018,0.5720474818449608,0.1816664596973161,0
5512,GJ 3293 c,0.06578695417009611,0.5055587365065974,0.18125460307179214,0
5513,Gl 686 b,0.02116113621327163,0.712185759856548,0.18111021466914917,0
5514,GJ 667 C b,0.02012408438330826,0.7256993914871394,0.1810095628398471,0
5515,GJ 625 b,0.062267228401589374,0.5124860134244056,0.18096757683884027,0
5516,TOI-4184 b,0.026145308033617188,0.6932870006741142,0.17930514047968288,0
5517,HAT-P-57 b,0.0,1.0,0.1792633379417224,0
5518,L 98-59 e,0.06190569401722388,0.5152805140433083,0.17901561446312342,0
5519,HD 4208 b,0.006397924203160874,0.8474896490787223,0.1786864783418631,0
5520,2MASS J22362452+4751425 b,0.02342897104140199,0.6983478634897549,0.1784832566194955,0
5521,HD 113538 c,0.009140750483478028,0.8125724528613025,0.17838523065924633,0
5522,L 98-59 d,0.020063695050947943,0.7265631241611266,0.17772352600932237,0
5523,GJ 15 A c,0.015634761261444613,0.7581292651376825,0.17746387484180648,0
5524,TOI-1518 b,0.0,1.0,0.1761957978431438,0
5525,HD 180617 b,0.11872039825397036,0.35236293754256764,0.17610579732461376,0
5526,HAT-P-32 b,0.014420359450527815,0.7772775439610713,0.17588267414749087,0
5527,WISEP J121756.91+162640.2 A b,0.03317452750391877,0.6408422933628855,0.17529486455375537,0
5528,HD 37124 d,0.004106040748426223,0.8797712693374548,0.17509100187543036,0
5529,GJ 1148 b,0.0809842238717604,0.45204410221650826,0.17461819334706505,0
5530,Kepler-560 b,0.062413901495859625,0.5115321605338486,0.17399267826358236,0
5531,LTT 1445 A b,0.015382843647420225,0.7615753345433908,0.1734505369535229,0
5532,KELT-20 b,0.0,1.0,0.1731922044772392,0
5533,GJ 680 b,0.011638027372026636,0.7867854636085955,0.1724965376694081,0
5534,Oph 11 b,0.009154462020131817,0.8123281143615453,0.17236000005641794,0
5535,HD 37124 c,0.006397924203160874,0.8474896490787223,0.17150664996876666,0
5536,DE CVn b,0.009154462020131817,0.8123281143615453,0.17145128253975622,0
5537,mu2 Sco b,0.011026240132239068,0.7975061122045537,0.17107258878892284,0
5538,HD 45364 c,0.051660419546138085,0.5586113175501999,0.1708051622615157,0
5539,HD 63765 b,0.06128515983927219,0.5297331833141219,0.1703892335646184,0
5540,Kepler-435 b,0.0,1.0,0.16951154348194622,0
5541,2MASS J01225093-2439505 b,0.030687421097838428,0.6547767430555067,0.16940788200614498,0
5542,HD 113538 b,0.01395033365390683,0.7670413609136943,0.1691469181430604,0
5543,HAT-P-67 b,0.0,1.0,0.1690844510717339,0
5544,HIP 34222 b,0.05814360290843697,0.5356309076791529,0.1684321363925171,0
5545,WASP-172 b,0.0,1.0,0.16734950097430354,0
5546,GJ 876 c,0.08101225077758999,0.45184609874481463,0.16720526629866084,0
5547,HD 133131 A c,0.004106040748426223,0.8797712693374548,0.16610180210103498,0
5548,FU Tau b,0.0236027516888622,0.6961039500193626,0.1651993479391277,0
5549,GJ 1151 c,0.05509591182757413,0.550407852171082,0.16451052266804533,0
5550,USco1556 b,0.02101547372927305,0.7143893393438838,0.16422145371822144,0
5551,PDS 70 c,0.009041184994652842,0.8144938892365292,0.16367629175933668,0
5552,Kepler-327 c,0.032968673038997566,0.6555150538535389,0.16363961254894474,0
5553,Kepler-54 c,0.048551042526639755,0.584495978319838,0.1636287125872259,0
5554,USco1621 b,0.025879288001711367,0.6827257917315194,0.16299438744379113,0
5555,TOI-1266 c,0.061853472728960426,0.5157240663131313,0.16182048573864977,0
5556,PDS 70 b,0.010854901277214522,0.8012220939441768,0.1614340114330433,0
5557,USco CTIO 108 b,0.02576356153707303,0.6840863789943847,0.16142828950981447,0
5558,VHS J125601.92-125723.9 b,0.009154462020131817,0.8123281143615453,0.15986513420231918,0
5559,BD-11 4672 b,0.02061890375579513,0.7193007647739385,0.1598470168218262,0
5560,TOI-2095 c,0.05971840110704517,0.5226952244058745,0.1593015431771092,0
5561,HD 100546 b,0.0061968220808990325,0.8530898189309796,0.15882108543898213,0
5562,HD 95735 c,0.027036862151687765,0.6827159401469624,0.1583290529256211,0
5563,K2-137 b,0.02451869768743524,0.6994389216807706,0.1559621856728596,0
5564,TOI-2095 b,0.03064032907179183,0.6548011623541132,0.1556836873327248,0
5565,GJ 3138 d,0.05390422833116419,0.5597811975368212,0.15261182535659318,0
5566,GJ 832 b,0.006265407120886242,0.8511854326733479,0.14688238456297098,0
5567,HIP 78530 b,0.026701884158858026,0.686124460889576,0.1371701140960852,0
5568,kap And b,0.021850347346437152,0.7179349812199889,0.1367897711894515,0
5569,GJ 3512 b,0.03742289131482942,0.6219750273395659,0.13231241134037655,0
